resource_id,repo_id,uri,next_refid
12612,11,/repositories/11/resources/12612,2308
25692,11,/repositories/11/resources/25692,2
27831,11,/repositories/11/resources/27831,2
53334,11,/repositories/11/resources/53334,18
53849,11,/repositories/11/resources/53849,57
54529,11,/repositories/11/resources/54529,2
54532,11,/repositories/11/resources/54532,2
54848,11,/repositories/11/resources/54848,4
54868,11,/repositories/11/resources/54868,7
54902,11,/repositories/11/resources/54902,27
14,12,/repositories/12/resources/14,16746
17,12,/repositories/12/resources/17,123
21,12,/repositories/12/resources/21,518
27,12,/repositories/12/resources/27,526
30,12,/repositories/12/resources/30,617
36,12,/repositories/12/resources/36,611
45,12,/repositories/12/resources/45,702
79,12,/repositories/12/resources/79,521
92,12,/repositories/12/resources/92,41
93,12,/repositories/12/resources/93,1151
95,12,/repositories/12/resources/95,644
108,12,/repositories/12/resources/108,972
117,12,/repositories/12/resources/117,1000
120,12,/repositories/12/resources/120,178
123,12,/repositories/12/resources/123,12
129,12,/repositories/12/resources/129,12
131,12,/repositories/12/resources/131,120
134,12,/repositories/12/resources/134,157
135,12,/repositories/12/resources/135,10413
138,12,/repositories/12/resources/138,543
139,12,/repositories/12/resources/139,24
141,12,/repositories/12/resources/141,62
144,12,/repositories/12/resources/144,336
145,12,/repositories/12/resources/145,675
147,12,/repositories/12/resources/147,574
149,12,/repositories/12/resources/149,1588
152,12,/repositories/12/resources/152,284
156,12,/repositories/12/resources/156,17
157,12,/repositories/12/resources/157,59
160,12,/repositories/12/resources/160,861
162,12,/repositories/12/resources/162,328
165,12,/repositories/12/resources/165,697
168,12,/repositories/12/resources/168,294
171,12,/repositories/12/resources/171,88
173,12,/repositories/12/resources/173,595
177,12,/repositories/12/resources/177,424
183,12,/repositories/12/resources/183,515
186,12,/repositories/12/resources/186,532
189,12,/repositories/12/resources/189,521
195,12,/repositories/12/resources/195,693
228,12,/repositories/12/resources/228,519
239,12,/repositories/12/resources/239,688
240,12,/repositories/12/resources/240,604
246,12,/repositories/12/resources/246,517
248,12,/repositories/12/resources/248,1528
249,12,/repositories/12/resources/249,784
255,12,/repositories/12/resources/255,201
258,12,/repositories/12/resources/258,192
264,12,/repositories/12/resources/264,14
266,12,/repositories/12/resources/266,31
267,12,/repositories/12/resources/267,14
270,12,/repositories/12/resources/270,144
273,12,/repositories/12/resources/273,25
278,12,/repositories/12/resources/278,512
279,12,/repositories/12/resources/279,418
281,12,/repositories/12/resources/281,297
282,12,/repositories/12/resources/282,1825
285,12,/repositories/12/resources/285,23
288,12,/repositories/12/resources/288,71
289,12,/repositories/12/resources/289,509
291,12,/repositories/12/resources/291,106
292,12,/repositories/12/resources/292,20
294,12,/repositories/12/resources/294,238
299,12,/repositories/12/resources/299,511
300,12,/repositories/12/resources/300,520
302,12,/repositories/12/resources/302,461
303,12,/repositories/12/resources/303,726
305,12,/repositories/12/resources/305,644
306,12,/repositories/12/resources/306,86
312,12,/repositories/12/resources/312,829
315,12,/repositories/12/resources/315,537
318,12,/repositories/12/resources/318,8
320,12,/repositories/12/resources/320,3
324,12,/repositories/12/resources/324,11
326,12,/repositories/12/resources/326,871
327,12,/repositories/12/resources/327,95
328,12,/repositories/12/resources/328,97
330,12,/repositories/12/resources/330,780
333,12,/repositories/12/resources/333,530
335,12,/repositories/12/resources/335,562
337,12,/repositories/12/resources/337,545
341,12,/repositories/12/resources/341,533
342,12,/repositories/12/resources/342,547
344,12,/repositories/12/resources/344,253
12202,12,/repositories/12/resources/12202,153
12211,12,/repositories/12/resources/12211,32
12233,12,/repositories/12/resources/12233,9
12239,12,/repositories/12/resources/12239,30
12259,12,/repositories/12/resources/12259,31
12305,12,/repositories/12/resources/12305,27
12315,12,/repositories/12/resources/12315,19
12366,12,/repositories/12/resources/12366,6
12387,12,/repositories/12/resources/12387,9
12396,12,/repositories/12/resources/12396,2
12512,12,/repositories/12/resources/12512,6
12523,12,/repositories/12/resources/12523,57
12545,12,/repositories/12/resources/12545,11
12572,12,/repositories/12/resources/12572,271
13620,12,/repositories/12/resources/13620,10
13634,12,/repositories/12/resources/13634,13
13635,12,/repositories/12/resources/13635,59
13708,12,/repositories/12/resources/13708,14
13728,12,/repositories/12/resources/13728,24
14001,12,/repositories/12/resources/14001,8
14031,12,/repositories/12/resources/14031,5
25481,12,/repositories/12/resources/25481,29
25489,12,/repositories/12/resources/25489,8
25687,12,/repositories/12/resources/25687,179
25689,12,/repositories/12/resources/25689,1899
25732,12,/repositories/12/resources/25732,4
25735,12,/repositories/12/resources/25735,5
25776,12,/repositories/12/resources/25776,4
25923,12,/repositories/12/resources/25923,227
26089,12,/repositories/12/resources/26089,84
26103,12,/repositories/12/resources/26103,5
26209,12,/repositories/12/resources/26209,8
26212,12,/repositories/12/resources/26212,4
26257,12,/repositories/12/resources/26257,21
26273,12,/repositories/12/resources/26273,61
26324,12,/repositories/12/resources/26324,6
26332,12,/repositories/12/resources/26332,14
26335,12,/repositories/12/resources/26335,176
26356,12,/repositories/12/resources/26356,49
26453,12,/repositories/12/resources/26453,6
26459,12,/repositories/12/resources/26459,43
26544,12,/repositories/12/resources/26544,18
26557,12,/repositories/12/resources/26557,39
26595,12,/repositories/12/resources/26595,3
26979,12,/repositories/12/resources/26979,5
26988,12,/repositories/12/resources/26988,7
26991,12,/repositories/12/resources/26991,12
26997,12,/repositories/12/resources/26997,7
27030,12,/repositories/12/resources/27030,9
27033,12,/repositories/12/resources/27033,3
27058,12,/repositories/12/resources/27058,22
27064,12,/repositories/12/resources/27064,10
27067,12,/repositories/12/resources/27067,20
27075,12,/repositories/12/resources/27075,11
27093,12,/repositories/12/resources/27093,10
27102,12,/repositories/12/resources/27102,19
27122,12,/repositories/12/resources/27122,42
27196,12,/repositories/12/resources/27196,13
27724,12,/repositories/12/resources/27724,11
27742,12,/repositories/12/resources/27742,54
27789,12,/repositories/12/resources/27789,4
27792,12,/repositories/12/resources/27792,3
27804,12,/repositories/12/resources/27804,11
50901,12,/repositories/12/resources/50901,16
50922,12,/repositories/12/resources/50922,196
51057,12,/repositories/12/resources/51057,22
51091,12,/repositories/12/resources/51091,13
51181,12,/repositories/12/resources/51181,20
51470,12,/repositories/12/resources/51470,27
51813,12,/repositories/12/resources/51813,13
53771,12,/repositories/12/resources/53771,25
53971,12,/repositories/12/resources/53971,8
54018,12,/repositories/12/resources/54018,27
54065,12,/repositories/12/resources/54065,9
54086,12,/repositories/12/resources/54086,18
54092,12,/repositories/12/resources/54092,21
54126,12,/repositories/12/resources/54126,22
54149,12,/repositories/12/resources/54149,18
54192,12,/repositories/12/resources/54192,12
54235,12,/repositories/12/resources/54235,47
54330,12,/repositories/12/resources/54330,94
54348,12,/repositories/12/resources/54348,4
54360,12,/repositories/12/resources/54360,127
54378,12,/repositories/12/resources/54378,2
54380,12,/repositories/12/resources/54380,9
54382,12,/repositories/12/resources/54382,7
54388,12,/repositories/12/resources/54388,65
54400,12,/repositories/12/resources/54400,13
54402,12,/repositories/12/resources/54402,14
54415,12,/repositories/12/resources/54415,84
54430,12,/repositories/12/resources/54430,10
54443,12,/repositories/12/resources/54443,10
54453,12,/repositories/12/resources/54453,4
54560,12,/repositories/12/resources/54560,89
54561,12,/repositories/12/resources/54561,4
54569,12,/repositories/12/resources/54569,4
54580,12,/repositories/12/resources/54580,564
54617,12,/repositories/12/resources/54617,11
54681,12,/repositories/12/resources/54681,9
54712,12,/repositories/12/resources/54712,2
54713,12,/repositories/12/resources/54713,7
54715,12,/repositories/12/resources/54715,57
54716,12,/repositories/12/resources/54716,23
54717,12,/repositories/12/resources/54717,6
54721,12,/repositories/12/resources/54721,2
54724,12,/repositories/12/resources/54724,2
54725,12,/repositories/12/resources/54725,20
54738,12,/repositories/12/resources/54738,6
54751,12,/repositories/12/resources/54751,12
54752,12,/repositories/12/resources/54752,3
54755,12,/repositories/12/resources/54755,25
54757,12,/repositories/12/resources/54757,4
54762,12,/repositories/12/resources/54762,4
54779,12,/repositories/12/resources/54779,1007
54824,12,/repositories/12/resources/54824,186
54829,12,/repositories/12/resources/54829,4
54830,12,/repositories/12/resources/54830,3
54921,12,/repositories/12/resources/54921,8
54931,12,/repositories/12/resources/54931,6
54935,12,/repositories/12/resources/54935,57
54970,12,/repositories/12/resources/54970,8
54974,12,/repositories/12/resources/54974,3
54976,12,/repositories/12/resources/54976,22
54983,12,/repositories/12/resources/54983,9
54985,12,/repositories/12/resources/54985,10
54986,12,/repositories/12/resources/54986,13
54988,12,/repositories/12/resources/54988,9
54989,12,/repositories/12/resources/54989,3
54998,12,/repositories/12/resources/54998,7
54999,12,/repositories/12/resources/54999,4
55003,12,/repositories/12/resources/55003,54
55006,12,/repositories/12/resources/55006,9
55007,12,/repositories/12/resources/55007,3
55020,12,/repositories/12/resources/55020,17
55042,12,/repositories/12/resources/55042,6
347,15,/repositories/15/resources/347,779
348,15,/repositories/15/resources/348,3472
351,15,/repositories/15/resources/351,950
353,15,/repositories/15/resources/353,10616
356,15,/repositories/15/resources/356,30079
359,15,/repositories/15/resources/359,266
360,15,/repositories/15/resources/360,2111
363,15,/repositories/15/resources/363,505
366,15,/repositories/15/resources/366,610
368,15,/repositories/15/resources/368,197
369,15,/repositories/15/resources/369,1110
371,15,/repositories/15/resources/371,151
374,15,/repositories/15/resources/374,338
375,15,/repositories/15/resources/375,213
378,15,/repositories/15/resources/378,797
381,15,/repositories/15/resources/381,1177
384,15,/repositories/15/resources/384,963
385,15,/repositories/15/resources/385,479
387,15,/repositories/15/resources/387,82
390,15,/repositories/15/resources/390,702
393,15,/repositories/15/resources/393,391
396,15,/repositories/15/resources/396,503
399,15,/repositories/15/resources/399,1833
402,15,/repositories/15/resources/402,1142
404,15,/repositories/15/resources/404,630
26832,15,/repositories/15/resources/26832,41
27244,15,/repositories/15/resources/27244,252
27253,15,/repositories/15/resources/27253,620
27256,15,/repositories/15/resources/27256,253
27259,15,/repositories/15/resources/27259,46
27265,15,/repositories/15/resources/27265,490
27268,15,/repositories/15/resources/27268,67
27271,15,/repositories/15/resources/27271,95
27274,15,/repositories/15/resources/27274,150
27307,15,/repositories/15/resources/27307,92
27334,15,/repositories/15/resources/27334,107
27337,15,/repositories/15/resources/27337,7
27340,15,/repositories/15/resources/27340,289
27343,15,/repositories/15/resources/27343,14
27346,15,/repositories/15/resources/27346,22
27349,15,/repositories/15/resources/27349,1442
27361,15,/repositories/15/resources/27361,123
27391,15,/repositories/15/resources/27391,32
27460,15,/repositories/15/resources/27460,10
27466,15,/repositories/15/resources/27466,3
27469,15,/repositories/15/resources/27469,157
27475,15,/repositories/15/resources/27475,3
27481,15,/repositories/15/resources/27481,12
27487,15,/repositories/15/resources/27487,19
27499,15,/repositories/15/resources/27499,162
27598,15,/repositories/15/resources/27598,2
27646,15,/repositories/15/resources/27646,192
27658,15,/repositories/15/resources/27658,68
27664,15,/repositories/15/resources/27664,53
27676,15,/repositories/15/resources/27676,5
51137,15,/repositories/15/resources/51137,9
51259,15,/repositories/15/resources/51259,77
52293,15,/repositories/15/resources/52293,42
53774,15,/repositories/15/resources/53774,27
54080,15,/repositories/15/resources/54080,431
54231,15,/repositories/15/resources/54231,5
54587,15,/repositories/15/resources/54587,7
54649,15,/repositories/15/resources/54649,99
54663,15,/repositories/15/resources/54663,120
54804,15,/repositories/15/resources/54804,2
54906,15,/repositories/15/resources/54906,3
405,17,/repositories/17/resources/405,750
407,17,/repositories/17/resources/407,88
411,17,/repositories/17/resources/411,46
26968,17,/repositories/17/resources/26968,4892
430,20,/repositories/20/resources/430,30
432,20,/repositories/20/resources/432,94
435,20,/repositories/20/resources/435,16
436,20,/repositories/20/resources/436,24
438,20,/repositories/20/resources/438,17
441,20,/repositories/20/resources/441,1148
443,20,/repositories/20/resources/443,613
444,20,/repositories/20/resources/444,24
445,20,/repositories/20/resources/445,529
447,20,/repositories/20/resources/447,2
453,20,/repositories/20/resources/453,579
455,20,/repositories/20/resources/455,539
456,20,/repositories/20/resources/456,357
458,20,/repositories/20/resources/458,154
459,20,/repositories/20/resources/459,968
465,20,/repositories/20/resources/465,626
468,20,/repositories/20/resources/468,750
471,20,/repositories/20/resources/471,134
474,20,/repositories/20/resources/474,19
477,20,/repositories/20/resources/477,1207
483,20,/repositories/20/resources/483,48
486,20,/repositories/20/resources/486,934
488,20,/repositories/20/resources/488,595
489,20,/repositories/20/resources/489,591
492,20,/repositories/20/resources/492,515
495,20,/repositories/20/resources/495,516
498,20,/repositories/20/resources/498,515
501,20,/repositories/20/resources/501,550
504,20,/repositories/20/resources/504,9
507,20,/repositories/20/resources/507,2485
510,20,/repositories/20/resources/510,900
513,20,/repositories/20/resources/513,21
516,20,/repositories/20/resources/516,513
519,20,/repositories/20/resources/519,411
522,20,/repositories/20/resources/522,159
524,20,/repositories/20/resources/524,701
527,20,/repositories/20/resources/527,524
528,20,/repositories/20/resources/528,948
530,20,/repositories/20/resources/530,1012
531,20,/repositories/20/resources/531,5
534,20,/repositories/20/resources/534,629
536,20,/repositories/20/resources/536,674
537,20,/repositories/20/resources/537,14547
540,20,/repositories/20/resources/540,631
543,20,/repositories/20/resources/543,219
545,20,/repositories/20/resources/545,3156
546,20,/repositories/20/resources/546,21
548,20,/repositories/20/resources/548,585
551,20,/repositories/20/resources/551,561
552,20,/repositories/20/resources/552,549
555,20,/repositories/20/resources/555,525
558,20,/repositories/20/resources/558,675
561,20,/repositories/20/resources/561,588
564,20,/repositories/20/resources/564,648
566,20,/repositories/20/resources/566,646
569,20,/repositories/20/resources/569,50
570,20,/repositories/20/resources/570,594
573,20,/repositories/20/resources/573,22
576,20,/repositories/20/resources/576,2193
577,20,/repositories/20/resources/577,567
579,20,/repositories/20/resources/579,45
582,20,/repositories/20/resources/582,158
584,20,/repositories/20/resources/584,44
585,20,/repositories/20/resources/585,605
591,20,/repositories/20/resources/591,34
594,20,/repositories/20/resources/594,13
622,20,/repositories/20/resources/622,14
624,20,/repositories/20/resources/624,511
626,20,/repositories/20/resources/626,511
627,20,/repositories/20/resources/627,516
630,20,/repositories/20/resources/630,12
632,20,/repositories/20/resources/632,550
633,20,/repositories/20/resources/633,1579
636,20,/repositories/20/resources/636,766
639,20,/repositories/20/resources/639,84
642,20,/repositories/20/resources/642,535
645,20,/repositories/20/resources/645,51
651,20,/repositories/20/resources/651,530
653,20,/repositories/20/resources/653,14
654,20,/repositories/20/resources/654,5881
663,20,/repositories/20/resources/663,4081
666,20,/repositories/20/resources/666,11122
670,20,/repositories/20/resources/670,115
672,20,/repositories/20/resources/672,87
675,20,/repositories/20/resources/675,15
678,20,/repositories/20/resources/678,570
681,20,/repositories/20/resources/681,84
682,20,/repositories/20/resources/682,574
684,20,/repositories/20/resources/684,1919
685,20,/repositories/20/resources/685,118
687,20,/repositories/20/resources/687,164
690,20,/repositories/20/resources/690,19
691,20,/repositories/20/resources/691,46
693,20,/repositories/20/resources/693,82
696,20,/repositories/20/resources/696,595
698,20,/repositories/20/resources/698,557
700,20,/repositories/20/resources/700,34
703,20,/repositories/20/resources/703,537
705,20,/repositories/20/resources/705,547
708,20,/repositories/20/resources/708,878
711,20,/repositories/20/resources/711,518
714,20,/repositories/20/resources/714,1183
717,20,/repositories/20/resources/717,37
720,20,/repositories/20/resources/720,29
723,20,/repositories/20/resources/723,90
726,20,/repositories/20/resources/726,28
729,20,/repositories/20/resources/729,94
731,20,/repositories/20/resources/731,131
732,20,/repositories/20/resources/732,80
734,20,/repositories/20/resources/734,392
735,20,/repositories/20/resources/735,1536
738,20,/repositories/20/resources/738,857
741,20,/repositories/20/resources/741,123
743,20,/repositories/20/resources/743,72
744,20,/repositories/20/resources/744,591
747,20,/repositories/20/resources/747,87
750,20,/repositories/20/resources/750,696
753,20,/repositories/20/resources/753,18
755,20,/repositories/20/resources/755,536
756,20,/repositories/20/resources/756,582
759,20,/repositories/20/resources/759,275
765,20,/repositories/20/resources/765,599
768,20,/repositories/20/resources/768,549
771,20,/repositories/20/resources/771,551
774,20,/repositories/20/resources/774,661
777,20,/repositories/20/resources/777,754
779,20,/repositories/20/resources/779,735
780,20,/repositories/20/resources/780,553
783,20,/repositories/20/resources/783,827
786,20,/repositories/20/resources/786,540
789,20,/repositories/20/resources/789,545
792,20,/repositories/20/resources/792,528
795,20,/repositories/20/resources/795,614
798,20,/repositories/20/resources/798,15
799,20,/repositories/20/resources/799,540
800,20,/repositories/20/resources/800,28
803,20,/repositories/20/resources/803,531
804,20,/repositories/20/resources/804,621
807,20,/repositories/20/resources/807,1671
810,20,/repositories/20/resources/810,518
813,20,/repositories/20/resources/813,603
816,20,/repositories/20/resources/816,521
819,20,/repositories/20/resources/819,660
821,20,/repositories/20/resources/821,689
822,20,/repositories/20/resources/822,801
824,20,/repositories/20/resources/824,766
825,20,/repositories/20/resources/825,779
827,20,/repositories/20/resources/827,545
828,20,/repositories/20/resources/828,520
830,20,/repositories/20/resources/830,517
832,20,/repositories/20/resources/832,589
834,20,/repositories/20/resources/834,683
837,20,/repositories/20/resources/837,545
840,20,/repositories/20/resources/840,18
843,20,/repositories/20/resources/843,544
845,20,/repositories/20/resources/845,776
846,20,/repositories/20/resources/846,1003
849,20,/repositories/20/resources/849,567
851,20,/repositories/20/resources/851,535
852,20,/repositories/20/resources/852,514
855,20,/repositories/20/resources/855,751
858,20,/repositories/20/resources/858,575
861,20,/repositories/20/resources/861,524
862,20,/repositories/20/resources/862,565
863,20,/repositories/20/resources/863,547
864,20,/repositories/20/resources/864,20
867,20,/repositories/20/resources/867,12
870,20,/repositories/20/resources/870,636
873,20,/repositories/20/resources/873,731
876,20,/repositories/20/resources/876,563
878,20,/repositories/20/resources/878,813
881,20,/repositories/20/resources/881,533
882,20,/repositories/20/resources/882,1910
885,20,/repositories/20/resources/885,521
886,20,/repositories/20/resources/886,520
888,20,/repositories/20/resources/888,522
891,20,/repositories/20/resources/891,649
893,20,/repositories/20/resources/893,882
895,20,/repositories/20/resources/895,638
898,20,/repositories/20/resources/898,1380
900,20,/repositories/20/resources/900,590
902,20,/repositories/20/resources/902,751
903,20,/repositories/20/resources/903,521
904,20,/repositories/20/resources/904,535
906,20,/repositories/20/resources/906,525
908,20,/repositories/20/resources/908,612
909,20,/repositories/20/resources/909,803
912,20,/repositories/20/resources/912,557
914,20,/repositories/20/resources/914,734
915,20,/repositories/20/resources/915,774
918,20,/repositories/20/resources/918,541
921,20,/repositories/20/resources/921,545
924,20,/repositories/20/resources/924,657
927,20,/repositories/20/resources/927,1452
930,20,/repositories/20/resources/930,530
933,20,/repositories/20/resources/933,18
936,20,/repositories/20/resources/936,15
939,20,/repositories/20/resources/939,547
940,20,/repositories/20/resources/940,643
943,20,/repositories/20/resources/943,816
945,20,/repositories/20/resources/945,543
948,20,/repositories/20/resources/948,13
950,20,/repositories/20/resources/950,532
951,20,/repositories/20/resources/951,521
954,20,/repositories/20/resources/954,973
957,20,/repositories/20/resources/957,544
960,20,/repositories/20/resources/960,19
962,20,/repositories/20/resources/962,12
963,20,/repositories/20/resources/963,22
964,20,/repositories/20/resources/964,49
967,20,/repositories/20/resources/967,16
969,20,/repositories/20/resources/969,16
972,20,/repositories/20/resources/972,529
973,20,/repositories/20/resources/973,562
975,20,/repositories/20/resources/975,690
978,20,/repositories/20/resources/978,31
980,20,/repositories/20/resources/980,543
982,20,/repositories/20/resources/982,4258
984,20,/repositories/20/resources/984,12
986,20,/repositories/20/resources/986,12
987,20,/repositories/20/resources/987,29
989,20,/repositories/20/resources/989,545
990,20,/repositories/20/resources/990,15
993,20,/repositories/20/resources/993,1453
995,20,/repositories/20/resources/995,563
998,20,/repositories/20/resources/998,531
999,20,/repositories/20/resources/999,14
1002,20,/repositories/20/resources/1002,519
1004,20,/repositories/20/resources/1004,535
1007,20,/repositories/20/resources/1007,533
1010,20,/repositories/20/resources/1010,14
1011,20,/repositories/20/resources/1011,615
1013,20,/repositories/20/resources/1013,116
1014,20,/repositories/20/resources/1014,729
1015,20,/repositories/20/resources/1015,562
1018,20,/repositories/20/resources/1018,530
1019,20,/repositories/20/resources/1019,16
1021,20,/repositories/20/resources/1021,156
1023,20,/repositories/20/resources/1023,572
1026,20,/repositories/20/resources/1026,604
1029,20,/repositories/20/resources/1029,46
1032,20,/repositories/20/resources/1032,15
1035,20,/repositories/20/resources/1035,603
1038,20,/repositories/20/resources/1038,730
1041,20,/repositories/20/resources/1041,597
1043,20,/repositories/20/resources/1043,24
1044,20,/repositories/20/resources/1044,563
1047,20,/repositories/20/resources/1047,638
1050,20,/repositories/20/resources/1050,545
1053,20,/repositories/20/resources/1053,559
1056,20,/repositories/20/resources/1056,549
1059,20,/repositories/20/resources/1059,682
1061,20,/repositories/20/resources/1061,1229
1062,20,/repositories/20/resources/1062,792
1065,20,/repositories/20/resources/1065,530
1068,20,/repositories/20/resources/1068,545
1070,20,/repositories/20/resources/1070,526
1071,20,/repositories/20/resources/1071,931
1074,20,/repositories/20/resources/1074,15
1075,20,/repositories/20/resources/1075,15
1077,20,/repositories/20/resources/1077,632
1080,20,/repositories/20/resources/1080,1730
1083,20,/repositories/20/resources/1083,707
1086,20,/repositories/20/resources/1086,519
1089,20,/repositories/20/resources/1089,14
1092,20,/repositories/20/resources/1092,521
1095,20,/repositories/20/resources/1095,554
1098,20,/repositories/20/resources/1098,595
1101,20,/repositories/20/resources/1101,529
1104,20,/repositories/20/resources/1104,248
1106,20,/repositories/20/resources/1106,716
1109,20,/repositories/20/resources/1109,570
1110,20,/repositories/20/resources/1110,12
1113,20,/repositories/20/resources/1113,551
1116,20,/repositories/20/resources/1116,609
1119,20,/repositories/20/resources/1119,12
1121,20,/repositories/20/resources/1121,159
1122,20,/repositories/20/resources/1122,1335
1124,20,/repositories/20/resources/1124,572
1125,20,/repositories/20/resources/1125,193
1128,20,/repositories/20/resources/1128,581
1131,20,/repositories/20/resources/1131,644
1132,20,/repositories/20/resources/1132,2689
1133,20,/repositories/20/resources/1133,533
1135,20,/repositories/20/resources/1135,528
1138,20,/repositories/20/resources/1138,543
1140,20,/repositories/20/resources/1140,555
1143,20,/repositories/20/resources/1143,702
1146,20,/repositories/20/resources/1146,537
1148,20,/repositories/20/resources/1148,526
1149,20,/repositories/20/resources/1149,15
1152,20,/repositories/20/resources/1152,128
1155,20,/repositories/20/resources/1155,2003
1157,20,/repositories/20/resources/1157,15
1158,20,/repositories/20/resources/1158,541
1161,20,/repositories/20/resources/1161,530
1164,20,/repositories/20/resources/1164,164
1167,20,/repositories/20/resources/1167,530
1170,20,/repositories/20/resources/1170,537
1172,20,/repositories/20/resources/1172,1117
1173,20,/repositories/20/resources/1173,569
1174,20,/repositories/20/resources/1174,527
1176,20,/repositories/20/resources/1176,551
1178,20,/repositories/20/resources/1178,517
1179,20,/repositories/20/resources/1179,557
1182,20,/repositories/20/resources/1182,16
1184,20,/repositories/20/resources/1184,616
1185,20,/repositories/20/resources/1185,524
1187,20,/repositories/20/resources/1187,565
1188,20,/repositories/20/resources/1188,543
1191,20,/repositories/20/resources/1191,1165
1194,20,/repositories/20/resources/1194,540
1197,20,/repositories/20/resources/1197,550
1199,20,/repositories/20/resources/1199,728
1202,20,/repositories/20/resources/1202,588
1203,20,/repositories/20/resources/1203,552
1205,20,/repositories/20/resources/1205,568
1207,20,/repositories/20/resources/1207,33
1209,20,/repositories/20/resources/1209,108
1210,20,/repositories/20/resources/1210,15
1212,20,/repositories/20/resources/1212,628
1213,20,/repositories/20/resources/1213,1053
1215,20,/repositories/20/resources/1215,33
1218,20,/repositories/20/resources/1218,670
1219,20,/repositories/20/resources/1219,12
1220,20,/repositories/20/resources/1220,742
1223,20,/repositories/20/resources/1223,532
1224,20,/repositories/20/resources/1224,637
1225,20,/repositories/20/resources/1225,226
1227,20,/repositories/20/resources/1227,1070
1230,20,/repositories/20/resources/1230,14
1233,20,/repositories/20/resources/1233,36
1236,20,/repositories/20/resources/1236,539
1237,20,/repositories/20/resources/1237,628
1239,20,/repositories/20/resources/1239,726
1242,20,/repositories/20/resources/1242,655
1245,20,/repositories/20/resources/1245,720
1247,20,/repositories/20/resources/1247,560
1248,20,/repositories/20/resources/1248,518
1251,20,/repositories/20/resources/1251,550
1252,20,/repositories/20/resources/1252,679
1254,20,/repositories/20/resources/1254,12
1256,20,/repositories/20/resources/1256,1447
1257,20,/repositories/20/resources/1257,2127
1260,20,/repositories/20/resources/1260,19
1263,20,/repositories/20/resources/1263,685
1265,20,/repositories/20/resources/1265,764
1266,20,/repositories/20/resources/1266,799
1269,20,/repositories/20/resources/1269,23
1272,20,/repositories/20/resources/1272,591
1275,20,/repositories/20/resources/1275,582
1278,20,/repositories/20/resources/1278,546
1280,20,/repositories/20/resources/1280,1319
1281,20,/repositories/20/resources/1281,553
1284,20,/repositories/20/resources/1284,13
1285,20,/repositories/20/resources/1285,1497
1286,20,/repositories/20/resources/1286,14
1287,20,/repositories/20/resources/1287,519
1289,20,/repositories/20/resources/1289,1240
1291,20,/repositories/20/resources/1291,12
1294,20,/repositories/20/resources/1294,14
1296,20,/repositories/20/resources/1296,18
1297,20,/repositories/20/resources/1297,621
1298,20,/repositories/20/resources/1298,15
1300,20,/repositories/20/resources/1300,1985
1302,20,/repositories/20/resources/1302,19
1304,20,/repositories/20/resources/1304,15
1307,20,/repositories/20/resources/1307,558
1310,20,/repositories/20/resources/1310,698
1313,20,/repositories/20/resources/1313,659
1314,20,/repositories/20/resources/1314,749
1317,20,/repositories/20/resources/1317,12
1319,20,/repositories/20/resources/1319,612
1320,20,/repositories/20/resources/1320,13
1322,20,/repositories/20/resources/1322,734
1323,20,/repositories/20/resources/1323,536
1326,20,/repositories/20/resources/1326,618
1327,20,/repositories/20/resources/1327,1941
1329,20,/repositories/20/resources/1329,13
1332,20,/repositories/20/resources/1332,3506
1335,20,/repositories/20/resources/1335,52
1338,20,/repositories/20/resources/1338,571
1341,20,/repositories/20/resources/1341,22
1344,20,/repositories/20/resources/1344,17
1347,20,/repositories/20/resources/1347,18
1350,20,/repositories/20/resources/1350,580
1353,20,/repositories/20/resources/1353,522
1354,20,/repositories/20/resources/1354,2434
1356,20,/repositories/20/resources/1356,156
1358,20,/repositories/20/resources/1358,574
1359,20,/repositories/20/resources/1359,592
1362,20,/repositories/20/resources/1362,875
1365,20,/repositories/20/resources/1365,14
1368,20,/repositories/20/resources/1368,580
1370,20,/repositories/20/resources/1370,966
1371,20,/repositories/20/resources/1371,13
1372,20,/repositories/20/resources/1372,18
1374,20,/repositories/20/resources/1374,561
1377,20,/repositories/20/resources/1377,550
1380,20,/repositories/20/resources/1380,531
1383,20,/repositories/20/resources/1383,686
1386,20,/repositories/20/resources/1386,565
1389,20,/repositories/20/resources/1389,551
1392,20,/repositories/20/resources/1392,543
1395,20,/repositories/20/resources/1395,620
1398,20,/repositories/20/resources/1398,996
1401,20,/repositories/20/resources/1401,923
1404,20,/repositories/20/resources/1404,19
1407,20,/repositories/20/resources/1407,15
1410,20,/repositories/20/resources/1410,29
1413,20,/repositories/20/resources/1413,667
1416,20,/repositories/20/resources/1416,116
1419,20,/repositories/20/resources/1419,16
1422,20,/repositories/20/resources/1422,200
1425,20,/repositories/20/resources/1425,559
1428,20,/repositories/20/resources/1428,559
1431,20,/repositories/20/resources/1431,517
1433,20,/repositories/20/resources/1433,1732
1436,20,/repositories/20/resources/1436,674
1438,20,/repositories/20/resources/1438,14
1440,20,/repositories/20/resources/1440,19
1441,20,/repositories/20/resources/1441,105
1443,20,/repositories/20/resources/1443,4706
1445,20,/repositories/20/resources/1445,1555
1446,20,/repositories/20/resources/1446,540
1449,20,/repositories/20/resources/1449,868
1452,20,/repositories/20/resources/1452,946
1454,20,/repositories/20/resources/1454,526
1457,20,/repositories/20/resources/1457,553
1458,20,/repositories/20/resources/1458,12
1461,20,/repositories/20/resources/1461,12
1463,20,/repositories/20/resources/1463,542
1464,20,/repositories/20/resources/1464,541
1467,20,/repositories/20/resources/1467,836
1470,20,/repositories/20/resources/1470,635
1473,20,/repositories/20/resources/1473,609
1474,20,/repositories/20/resources/1474,14
1476,20,/repositories/20/resources/1476,28
1477,20,/repositories/20/resources/1477,528
1480,20,/repositories/20/resources/1480,30
1482,20,/repositories/20/resources/1482,570
1485,20,/repositories/20/resources/1485,530
1486,20,/repositories/20/resources/1486,15
1487,20,/repositories/20/resources/1487,744
1488,20,/repositories/20/resources/1488,81
1491,20,/repositories/20/resources/1491,772
1494,20,/repositories/20/resources/1494,15
1495,20,/repositories/20/resources/1495,2181
1497,20,/repositories/20/resources/1497,629
1500,20,/repositories/20/resources/1500,532
1503,20,/repositories/20/resources/1503,519
1506,20,/repositories/20/resources/1506,525
1509,20,/repositories/20/resources/1509,20
1512,20,/repositories/20/resources/1512,141
1514,20,/repositories/20/resources/1514,539
1515,20,/repositories/20/resources/1515,538
1518,20,/repositories/20/resources/1518,520
1521,20,/repositories/20/resources/1521,550
1524,20,/repositories/20/resources/1524,672
1527,20,/repositories/20/resources/1527,14
1530,20,/repositories/20/resources/1530,805
1533,20,/repositories/20/resources/1533,521
1536,20,/repositories/20/resources/1536,535
1538,20,/repositories/20/resources/1538,699
1539,20,/repositories/20/resources/1539,531
1542,20,/repositories/20/resources/1542,954
1545,20,/repositories/20/resources/1545,15
1548,20,/repositories/20/resources/1548,524
1551,20,/repositories/20/resources/1551,1587
1554,20,/repositories/20/resources/1554,129
1557,20,/repositories/20/resources/1557,567
1560,20,/repositories/20/resources/1560,535
1561,20,/repositories/20/resources/1561,600
1562,20,/repositories/20/resources/1562,574
1564,20,/repositories/20/resources/1564,2278
1567,20,/repositories/20/resources/1567,600
1568,20,/repositories/20/resources/1568,518
1570,20,/repositories/20/resources/1570,12
1573,20,/repositories/20/resources/1573,605
1575,20,/repositories/20/resources/1575,525
1578,20,/repositories/20/resources/1578,527
1581,20,/repositories/20/resources/1581,638
1584,20,/repositories/20/resources/1584,561
1587,20,/repositories/20/resources/1587,538
1590,20,/repositories/20/resources/1590,649
1593,20,/repositories/20/resources/1593,727
1596,20,/repositories/20/resources/1596,592
1599,20,/repositories/20/resources/1599,46
1602,20,/repositories/20/resources/1602,170
1605,20,/repositories/20/resources/1605,258
1608,20,/repositories/20/resources/1608,21
1611,20,/repositories/20/resources/1611,1444
1613,20,/repositories/20/resources/1613,678
1616,20,/repositories/20/resources/1616,620
1617,20,/repositories/20/resources/1617,2009
1619,20,/repositories/20/resources/1619,361
1620,20,/repositories/20/resources/1620,97
1623,20,/repositories/20/resources/1623,790
1626,20,/repositories/20/resources/1626,536
1629,20,/repositories/20/resources/1629,526
1631,20,/repositories/20/resources/1631,699
1633,20,/repositories/20/resources/1633,528
1635,20,/repositories/20/resources/1635,523
1636,20,/repositories/20/resources/1636,525
1637,20,/repositories/20/resources/1637,703
1639,20,/repositories/20/resources/1639,596
1640,20,/repositories/20/resources/1640,16
1641,20,/repositories/20/resources/1641,571
1642,20,/repositories/20/resources/1642,548
1645,20,/repositories/20/resources/1645,12
1647,20,/repositories/20/resources/1647,64
1649,20,/repositories/20/resources/1649,13
1652,20,/repositories/20/resources/1652,549
1653,20,/repositories/20/resources/1653,535
1656,20,/repositories/20/resources/1656,13
1658,20,/repositories/20/resources/1658,552
1659,20,/repositories/20/resources/1659,521
1660,20,/repositories/20/resources/1660,12
1662,20,/repositories/20/resources/1662,12
1663,20,/repositories/20/resources/1663,260
1666,20,/repositories/20/resources/1666,690
1667,20,/repositories/20/resources/1667,533
1668,20,/repositories/20/resources/1668,552
1671,20,/repositories/20/resources/1671,15
1676,20,/repositories/20/resources/1676,775
1677,20,/repositories/20/resources/1677,97
1680,20,/repositories/20/resources/1680,534
1682,20,/repositories/20/resources/1682,570
1683,20,/repositories/20/resources/1683,19
1686,20,/repositories/20/resources/1686,540
1689,20,/repositories/20/resources/1689,558
1690,20,/repositories/20/resources/1690,578
1692,20,/repositories/20/resources/1692,249
1694,20,/repositories/20/resources/1694,533
1695,20,/repositories/20/resources/1695,652
1698,20,/repositories/20/resources/1698,14
1701,20,/repositories/20/resources/1701,133
1703,20,/repositories/20/resources/1703,752
1704,20,/repositories/20/resources/1704,126
1705,20,/repositories/20/resources/1705,530
1706,20,/repositories/20/resources/1706,620
1709,20,/repositories/20/resources/1709,27
1710,20,/repositories/20/resources/1710,839
1711,20,/repositories/20/resources/1711,20
1712,20,/repositories/20/resources/1712,540
1714,20,/repositories/20/resources/1714,13
1716,20,/repositories/20/resources/1716,13
1719,20,/repositories/20/resources/1719,26
1721,20,/repositories/20/resources/1721,26
1722,20,/repositories/20/resources/1722,20
1723,20,/repositories/20/resources/1723,21
1725,20,/repositories/20/resources/1725,33
1727,20,/repositories/20/resources/1727,25
1728,20,/repositories/20/resources/1728,18
1730,20,/repositories/20/resources/1730,18
1733,20,/repositories/20/resources/1733,529
1736,20,/repositories/20/resources/1736,528
1739,20,/repositories/20/resources/1739,57
1740,20,/repositories/20/resources/1740,43
1743,20,/repositories/20/resources/1743,26
1746,20,/repositories/20/resources/1746,19
1749,20,/repositories/20/resources/1749,37
1750,20,/repositories/20/resources/1750,30
1752,20,/repositories/20/resources/1752,32
1755,20,/repositories/20/resources/1755,22
1758,20,/repositories/20/resources/1758,43
1761,20,/repositories/20/resources/1761,33
1763,20,/repositories/20/resources/1763,583
1766,20,/repositories/20/resources/1766,23
1767,20,/repositories/20/resources/1767,550
1769,20,/repositories/20/resources/1769,49
1770,20,/repositories/20/resources/1770,20
1773,20,/repositories/20/resources/1773,18
1776,20,/repositories/20/resources/1776,48
1778,20,/repositories/20/resources/1778,24
1779,20,/repositories/20/resources/1779,28
1782,20,/repositories/20/resources/1782,25
1785,20,/repositories/20/resources/1785,56
1788,20,/repositories/20/resources/1788,31
1791,20,/repositories/20/resources/1791,37
1794,20,/repositories/20/resources/1794,38
1797,20,/repositories/20/resources/1797,62
1800,20,/repositories/20/resources/1800,543
1802,20,/repositories/20/resources/1802,44
1805,20,/repositories/20/resources/1805,53
1807,20,/repositories/20/resources/1807,21
1808,20,/repositories/20/resources/1808,52
1811,20,/repositories/20/resources/1811,17
1812,20,/repositories/20/resources/1812,23
1813,20,/repositories/20/resources/1813,33
1815,20,/repositories/20/resources/1815,52
1816,20,/repositories/20/resources/1816,20
1818,20,/repositories/20/resources/1818,660
1821,20,/repositories/20/resources/1821,27
1824,20,/repositories/20/resources/1824,14
1827,20,/repositories/20/resources/1827,61
1829,20,/repositories/20/resources/1829,17
1832,20,/repositories/20/resources/1832,45
1833,20,/repositories/20/resources/1833,89
1836,20,/repositories/20/resources/1836,17
1839,20,/repositories/20/resources/1839,35
1842,20,/repositories/20/resources/1842,530
1843,20,/repositories/20/resources/1843,8
1844,20,/repositories/20/resources/1844,23
1845,20,/repositories/20/resources/1845,23
1848,20,/repositories/20/resources/1848,25
1851,20,/repositories/20/resources/1851,37
1853,20,/repositories/20/resources/1853,28
1854,20,/repositories/20/resources/1854,24
1857,20,/repositories/20/resources/1857,30
1860,20,/repositories/20/resources/1860,41
1863,20,/repositories/20/resources/1863,25
1864,20,/repositories/20/resources/1864,36
1866,20,/repositories/20/resources/1866,41
1867,20,/repositories/20/resources/1867,28
1869,20,/repositories/20/resources/1869,20
1873,20,/repositories/20/resources/1873,3412
1875,20,/repositories/20/resources/1875,71
1878,20,/repositories/20/resources/1878,20
1881,20,/repositories/20/resources/1881,514
1882,20,/repositories/20/resources/1882,530
1883,20,/repositories/20/resources/1883,528
1885,20,/repositories/20/resources/1885,532
1887,20,/repositories/20/resources/1887,652
1892,20,/repositories/20/resources/1892,28
1893,20,/repositories/20/resources/1893,29
1896,20,/repositories/20/resources/1896,3963
1897,20,/repositories/20/resources/1897,522
1900,20,/repositories/20/resources/1900,1371
1901,20,/repositories/20/resources/1901,564
1902,20,/repositories/20/resources/1902,72
1905,20,/repositories/20/resources/1905,17
1907,20,/repositories/20/resources/1907,545
1908,20,/repositories/20/resources/1908,516
1910,20,/repositories/20/resources/1910,582
1911,20,/repositories/20/resources/1911,4525
1914,20,/repositories/20/resources/1914,547
1916,20,/repositories/20/resources/1916,713
1920,20,/repositories/20/resources/1920,512
1922,20,/repositories/20/resources/1922,515
1931,20,/repositories/20/resources/1931,581
1937,20,/repositories/20/resources/1937,47
1940,20,/repositories/20/resources/1940,12
1941,20,/repositories/20/resources/1941,582
1947,20,/repositories/20/resources/1947,27
1956,20,/repositories/20/resources/1956,32
1959,20,/repositories/20/resources/1959,28
1962,20,/repositories/20/resources/1962,610
1963,20,/repositories/20/resources/1963,543
1964,20,/repositories/20/resources/1964,548
1968,20,/repositories/20/resources/1968,524
1970,20,/repositories/20/resources/1970,48
1971,20,/repositories/20/resources/1971,23
1972,20,/repositories/20/resources/1972,525
1974,20,/repositories/20/resources/1974,555
1977,20,/repositories/20/resources/1977,530
1983,20,/repositories/20/resources/1983,943
1985,20,/repositories/20/resources/1985,697
1992,20,/repositories/20/resources/1992,560
1995,20,/repositories/20/resources/1995,539
1997,20,/repositories/20/resources/1997,920
1998,20,/repositories/20/resources/1998,686
2001,20,/repositories/20/resources/2001,29
2004,20,/repositories/20/resources/2004,43
2007,20,/repositories/20/resources/2007,765
2010,20,/repositories/20/resources/2010,13
2013,20,/repositories/20/resources/2013,20
2016,20,/repositories/20/resources/2016,570
2018,20,/repositories/20/resources/2018,551
2022,20,/repositories/20/resources/2022,707
2025,20,/repositories/20/resources/2025,9
2028,20,/repositories/20/resources/2028,599
2030,20,/repositories/20/resources/2030,837
2034,20,/repositories/20/resources/2034,14
2037,20,/repositories/20/resources/2037,20
2040,20,/repositories/20/resources/2040,530
2043,20,/repositories/20/resources/2043,40
2044,20,/repositories/20/resources/2044,513
2046,20,/repositories/20/resources/2046,1197
2052,20,/repositories/20/resources/2052,515
2055,20,/repositories/20/resources/2055,20
2058,20,/repositories/20/resources/2058,11
2060,20,/repositories/20/resources/2060,28392
2061,20,/repositories/20/resources/2061,553
2064,20,/repositories/20/resources/2064,11980
2072,20,/repositories/20/resources/2072,556
2073,20,/repositories/20/resources/2073,564
2076,20,/repositories/20/resources/2076,66
2079,20,/repositories/20/resources/2079,12
2082,20,/repositories/20/resources/2082,518
2088,20,/repositories/20/resources/2088,515
2091,20,/repositories/20/resources/2091,514
2094,20,/repositories/20/resources/2094,1066
2097,20,/repositories/20/resources/2097,534
2106,20,/repositories/20/resources/2106,534
2108,20,/repositories/20/resources/2108,941
2111,20,/repositories/20/resources/2111,545
2112,20,/repositories/20/resources/2112,552
2115,20,/repositories/20/resources/2115,588
2118,20,/repositories/20/resources/2118,531
2123,20,/repositories/20/resources/2123,3
2126,20,/repositories/20/resources/2126,1083
2128,20,/repositories/20/resources/2128,579
2136,20,/repositories/20/resources/2136,516
2139,20,/repositories/20/resources/2139,47
2142,20,/repositories/20/resources/2142,620
2145,20,/repositories/20/resources/2145,17
2148,20,/repositories/20/resources/2148,18
2151,20,/repositories/20/resources/2151,606
2157,20,/repositories/20/resources/2157,17
2160,20,/repositories/20/resources/2160,683
2163,20,/repositories/20/resources/2163,865
2164,20,/repositories/20/resources/2164,539
2166,20,/repositories/20/resources/2166,828
2169,20,/repositories/20/resources/2169,511
2175,20,/repositories/20/resources/2175,14
2178,20,/repositories/20/resources/2178,16
2184,20,/repositories/20/resources/2184,12
2186,20,/repositories/20/resources/2186,534
2189,20,/repositories/20/resources/2189,14
2192,20,/repositories/20/resources/2192,515
2193,20,/repositories/20/resources/2193,12
2198,20,/repositories/20/resources/2198,2171
2204,20,/repositories/20/resources/2204,871
2207,20,/repositories/20/resources/2207,27
2208,20,/repositories/20/resources/2208,2363
2211,20,/repositories/20/resources/2211,28
2213,20,/repositories/20/resources/2213,24
2214,20,/repositories/20/resources/2214,40
2216,20,/repositories/20/resources/2216,780
2217,20,/repositories/20/resources/2217,12332
2220,20,/repositories/20/resources/2220,38
2223,20,/repositories/20/resources/2223,559
2226,20,/repositories/20/resources/2226,1011
2229,20,/repositories/20/resources/2229,26
2230,20,/repositories/20/resources/2230,634
2232,20,/repositories/20/resources/2232,227
2235,20,/repositories/20/resources/2235,616
2236,20,/repositories/20/resources/2236,683
2238,20,/repositories/20/resources/2238,1311
2241,20,/repositories/20/resources/2241,16
2244,20,/repositories/20/resources/2244,21
2246,20,/repositories/20/resources/2246,1183
2250,20,/repositories/20/resources/2250,1401
2253,20,/repositories/20/resources/2253,23
2256,20,/repositories/20/resources/2256,710
2258,20,/repositories/20/resources/2258,47
2259,20,/repositories/20/resources/2259,41
2262,20,/repositories/20/resources/2262,525
2265,20,/repositories/20/resources/2265,28
2275,20,/repositories/20/resources/2275,54
2276,20,/repositories/20/resources/2276,761
2277,20,/repositories/20/resources/2277,614
2279,20,/repositories/20/resources/2279,13
2282,20,/repositories/20/resources/2282,561
2285,20,/repositories/20/resources/2285,31
2286,20,/repositories/20/resources/2286,28
2288,20,/repositories/20/resources/2288,622
2290,20,/repositories/20/resources/2290,1003
2292,20,/repositories/20/resources/2292,1077
2295,20,/repositories/20/resources/2295,513
2301,20,/repositories/20/resources/2301,19
2302,20,/repositories/20/resources/2302,520
2304,20,/repositories/20/resources/2304,27
2307,20,/repositories/20/resources/2307,19
2312,20,/repositories/20/resources/2312,522
2313,20,/repositories/20/resources/2313,47
2316,20,/repositories/20/resources/2316,20
2319,20,/repositories/20/resources/2319,2094
2322,20,/repositories/20/resources/2322,39
2325,20,/repositories/20/resources/2325,20
2328,20,/repositories/20/resources/2328,625
2331,20,/repositories/20/resources/2331,857
2336,20,/repositories/20/resources/2336,13
2337,20,/repositories/20/resources/2337,731
2338,20,/repositories/20/resources/2338,540
2341,20,/repositories/20/resources/2341,521
2343,20,/repositories/20/resources/2343,671
2345,20,/repositories/20/resources/2345,30
2348,20,/repositories/20/resources/2348,4793
2351,20,/repositories/20/resources/2351,26
2352,20,/repositories/20/resources/2352,62
2355,20,/repositories/20/resources/2355,951
2358,20,/repositories/20/resources/2358,735
2364,20,/repositories/20/resources/2364,540
2367,20,/repositories/20/resources/2367,20
2370,20,/repositories/20/resources/2370,542
2373,20,/repositories/20/resources/2373,13
2379,20,/repositories/20/resources/2379,7299
2382,20,/repositories/20/resources/2382,517
2385,20,/repositories/20/resources/2385,522
2388,20,/repositories/20/resources/2388,625
2391,20,/repositories/20/resources/2391,599
2394,20,/repositories/20/resources/2394,686
2397,20,/repositories/20/resources/2397,636
2400,20,/repositories/20/resources/2400,511
2403,20,/repositories/20/resources/2403,48
2406,20,/repositories/20/resources/2406,777
2409,20,/repositories/20/resources/2409,585
2412,20,/repositories/20/resources/2412,10
2415,20,/repositories/20/resources/2415,56
2418,20,/repositories/20/resources/2418,1257
2420,20,/repositories/20/resources/2420,670
2427,20,/repositories/20/resources/2427,20
2432,20,/repositories/20/resources/2432,584
2434,20,/repositories/20/resources/2434,595
2436,20,/repositories/20/resources/2436,769
2439,20,/repositories/20/resources/2439,852
2440,20,/repositories/20/resources/2440,1116
2441,20,/repositories/20/resources/2441,6542
2444,20,/repositories/20/resources/2444,707
2445,20,/repositories/20/resources/2445,2598
2447,20,/repositories/20/resources/2447,855
2448,20,/repositories/20/resources/2448,1941
2450,20,/repositories/20/resources/2450,1431
2451,20,/repositories/20/resources/2451,276
2454,20,/repositories/20/resources/2454,1995
2456,20,/repositories/20/resources/2456,933
2457,20,/repositories/20/resources/2457,874
2459,20,/repositories/20/resources/2459,179
2460,20,/repositories/20/resources/2460,66
2462,20,/repositories/20/resources/2462,1246
2463,20,/repositories/20/resources/2463,652
2466,20,/repositories/20/resources/2466,375
2469,20,/repositories/20/resources/2469,143
2470,20,/repositories/20/resources/2470,84
2472,20,/repositories/20/resources/2472,645
2473,20,/repositories/20/resources/2473,543
2475,20,/repositories/20/resources/2475,46
2478,20,/repositories/20/resources/2478,566
2481,20,/repositories/20/resources/2481,678
2483,20,/repositories/20/resources/2483,806
2484,20,/repositories/20/resources/2484,18
2487,20,/repositories/20/resources/2487,540
2489,20,/repositories/20/resources/2489,33
2490,20,/repositories/20/resources/2490,30
2493,20,/repositories/20/resources/2493,522
2495,20,/repositories/20/resources/2495,511
2496,20,/repositories/20/resources/2496,14
2497,20,/repositories/20/resources/2497,534
2498,20,/repositories/20/resources/2498,584
2499,20,/repositories/20/resources/2499,1695
2502,20,/repositories/20/resources/2502,1589
2503,20,/repositories/20/resources/2503,61072
2505,20,/repositories/20/resources/2505,581
2507,20,/repositories/20/resources/2507,149
2508,20,/repositories/20/resources/2508,527
2509,20,/repositories/20/resources/2509,587
2511,20,/repositories/20/resources/2511,839
2512,20,/repositories/20/resources/2512,1327
2514,20,/repositories/20/resources/2514,41
2520,20,/repositories/20/resources/2520,28
2523,20,/repositories/20/resources/2523,21
2526,20,/repositories/20/resources/2526,46
2527,20,/repositories/20/resources/2527,30
2529,20,/repositories/20/resources/2529,1201
2532,20,/repositories/20/resources/2532,696
2533,20,/repositories/20/resources/2533,23
2535,20,/repositories/20/resources/2535,41
2538,20,/repositories/20/resources/2538,636
2540,20,/repositories/20/resources/2540,17
2542,20,/repositories/20/resources/2542,1458
2544,20,/repositories/20/resources/2544,617
2547,20,/repositories/20/resources/2547,612
2549,20,/repositories/20/resources/2549,177
2550,20,/repositories/20/resources/2550,1044
2551,20,/repositories/20/resources/2551,868
2556,20,/repositories/20/resources/2556,575
2558,20,/repositories/20/resources/2558,518
2559,20,/repositories/20/resources/2559,172
2565,20,/repositories/20/resources/2565,15
2568,20,/repositories/20/resources/2568,54
2571,20,/repositories/20/resources/2571,10
2574,20,/repositories/20/resources/2574,20
2580,20,/repositories/20/resources/2580,14
2583,20,/repositories/20/resources/2583,16
2585,20,/repositories/20/resources/2585,15
2586,20,/repositories/20/resources/2586,206
2589,20,/repositories/20/resources/2589,773
2592,20,/repositories/20/resources/2592,626
2594,20,/repositories/20/resources/2594,1563
2595,20,/repositories/20/resources/2595,55
2597,20,/repositories/20/resources/2597,138
2598,20,/repositories/20/resources/2598,86
2600,20,/repositories/20/resources/2600,57
2601,20,/repositories/20/resources/2601,900
2604,20,/repositories/20/resources/2604,123
2607,20,/repositories/20/resources/2607,384
2612,20,/repositories/20/resources/2612,27
2613,20,/repositories/20/resources/2613,34
2616,20,/repositories/20/resources/2616,536
2619,20,/repositories/20/resources/2619,100
2622,20,/repositories/20/resources/2622,552
2623,20,/repositories/20/resources/2623,530
2624,20,/repositories/20/resources/2624,138
2628,20,/repositories/20/resources/2628,20
2631,20,/repositories/20/resources/2631,19
2634,20,/repositories/20/resources/2634,26
2637,20,/repositories/20/resources/2637,23
2639,20,/repositories/20/resources/2639,76
2640,20,/repositories/20/resources/2640,830
2643,20,/repositories/20/resources/2643,53
2646,20,/repositories/20/resources/2646,2250
2649,20,/repositories/20/resources/2649,550
2652,20,/repositories/20/resources/2652,601
2655,20,/repositories/20/resources/2655,526
2658,20,/repositories/20/resources/2658,6
2661,20,/repositories/20/resources/2661,1109
2664,20,/repositories/20/resources/2664,29
2667,20,/repositories/20/resources/2667,516
2669,20,/repositories/20/resources/2669,631
2671,20,/repositories/20/resources/2671,20
2676,20,/repositories/20/resources/2676,13
2681,20,/repositories/20/resources/2681,546
2682,20,/repositories/20/resources/2682,16
2684,20,/repositories/20/resources/2684,13
2687,20,/repositories/20/resources/2687,521
2688,20,/repositories/20/resources/2688,771
2691,20,/repositories/20/resources/2691,1655
2694,20,/repositories/20/resources/2694,567
2696,20,/repositories/20/resources/2696,667
2699,20,/repositories/20/resources/2699,630
2703,20,/repositories/20/resources/2703,565
2705,20,/repositories/20/resources/2705,942
2709,20,/repositories/20/resources/2709,4295
2710,20,/repositories/20/resources/2710,2477
2713,20,/repositories/20/resources/2713,557
2715,20,/repositories/20/resources/2715,717
2718,20,/repositories/20/resources/2718,813
2721,20,/repositories/20/resources/2721,5703
2722,20,/repositories/20/resources/2722,36
2724,20,/repositories/20/resources/2724,46
2726,20,/repositories/20/resources/2726,136
2728,20,/repositories/20/resources/2728,1578
2730,20,/repositories/20/resources/2730,570
2733,20,/repositories/20/resources/2733,16
2739,20,/repositories/20/resources/2739,3821
2742,20,/repositories/20/resources/2742,58
2745,20,/repositories/20/resources/2745,643
2748,20,/repositories/20/resources/2748,111
2751,20,/repositories/20/resources/2751,517
2754,20,/repositories/20/resources/2754,15
2755,20,/repositories/20/resources/2755,22
2757,20,/repositories/20/resources/2757,4322
2760,20,/repositories/20/resources/2760,67
2762,20,/repositories/20/resources/2762,965
2763,20,/repositories/20/resources/2763,31
2766,20,/repositories/20/resources/2766,396
2767,20,/repositories/20/resources/2767,683
2768,20,/repositories/20/resources/2768,660
2770,20,/repositories/20/resources/2770,52
2772,20,/repositories/20/resources/2772,2136
2775,20,/repositories/20/resources/2775,561
2777,20,/repositories/20/resources/2777,5840
2778,20,/repositories/20/resources/2778,569
2781,20,/repositories/20/resources/2781,778
2783,20,/repositories/20/resources/2783,117
2786,20,/repositories/20/resources/2786,522
2790,20,/repositories/20/resources/2790,539
2796,20,/repositories/20/resources/2796,15257
2799,20,/repositories/20/resources/2799,561
2802,20,/repositories/20/resources/2802,23
2806,20,/repositories/20/resources/2806,21
2811,20,/repositories/20/resources/2811,631
2814,20,/repositories/20/resources/2814,47
2817,20,/repositories/20/resources/2817,40
2820,20,/repositories/20/resources/2820,524
2823,20,/repositories/20/resources/2823,50
2826,20,/repositories/20/resources/2826,20
2829,20,/repositories/20/resources/2829,634
2832,20,/repositories/20/resources/2832,147
2838,20,/repositories/20/resources/2838,828
2840,20,/repositories/20/resources/2840,86
2841,20,/repositories/20/resources/2841,533
2844,20,/repositories/20/resources/2844,690
2847,20,/repositories/20/resources/2847,116
2850,20,/repositories/20/resources/2850,613
2852,20,/repositories/20/resources/2852,855
2855,20,/repositories/20/resources/2855,38
2856,20,/repositories/20/resources/2856,27
2859,20,/repositories/20/resources/2859,662
2862,20,/repositories/20/resources/2862,28
2867,20,/repositories/20/resources/2867,541
2870,20,/repositories/20/resources/2870,537
2871,20,/repositories/20/resources/2871,219
2874,20,/repositories/20/resources/2874,539
2876,20,/repositories/20/resources/2876,1089
2877,20,/repositories/20/resources/2877,510
2880,20,/repositories/20/resources/2880,585
2883,20,/repositories/20/resources/2883,4595
2885,20,/repositories/20/resources/2885,821
2886,20,/repositories/20/resources/2886,902
2888,20,/repositories/20/resources/2888,583
2889,20,/repositories/20/resources/2889,35
2892,20,/repositories/20/resources/2892,515
2895,20,/repositories/20/resources/2895,2316
2898,20,/repositories/20/resources/2898,14
2901,20,/repositories/20/resources/2901,1384
2904,20,/repositories/20/resources/2904,58
2907,20,/repositories/20/resources/2907,124
2912,20,/repositories/20/resources/2912,800
2916,20,/repositories/20/resources/2916,164
2921,20,/repositories/20/resources/2921,598
2922,20,/repositories/20/resources/2922,2
2924,20,/repositories/20/resources/2924,577
2925,20,/repositories/20/resources/2925,433
2928,20,/repositories/20/resources/2928,100
2933,20,/repositories/20/resources/2933,3157
2934,20,/repositories/20/resources/2934,713
2937,20,/repositories/20/resources/2937,141
2940,20,/repositories/20/resources/2940,574
2943,20,/repositories/20/resources/2943,514
2946,20,/repositories/20/resources/2946,17
2949,20,/repositories/20/resources/2949,709
2952,20,/repositories/20/resources/2952,24
2955,20,/repositories/20/resources/2955,2718
2958,20,/repositories/20/resources/2958,22
2961,20,/repositories/20/resources/2961,132
2964,20,/repositories/20/resources/2964,562
2967,20,/repositories/20/resources/2967,402
2968,20,/repositories/20/resources/2968,25
2970,20,/repositories/20/resources/2970,812
2971,20,/repositories/20/resources/2971,1387
2973,20,/repositories/20/resources/2973,531
2976,20,/repositories/20/resources/2976,1050
2979,20,/repositories/20/resources/2979,1095
2982,20,/repositories/20/resources/2982,543
2983,20,/repositories/20/resources/2983,517
2988,20,/repositories/20/resources/2988,714
2991,20,/repositories/20/resources/2991,13
2994,20,/repositories/20/resources/2994,405
2995,20,/repositories/20/resources/2995,567
2997,20,/repositories/20/resources/2997,535
2999,20,/repositories/20/resources/2999,2169
3000,20,/repositories/20/resources/3000,989
3001,20,/repositories/20/resources/3001,626
3006,20,/repositories/20/resources/3006,2027
3012,20,/repositories/20/resources/3012,622
3014,20,/repositories/20/resources/3014,688
3015,20,/repositories/20/resources/3015,106
3018,20,/repositories/20/resources/3018,3242
3021,20,/repositories/20/resources/3021,7
3023,20,/repositories/20/resources/3023,412
3027,20,/repositories/20/resources/3027,91
3029,20,/repositories/20/resources/3029,573
3031,20,/repositories/20/resources/3031,752
3032,20,/repositories/20/resources/3032,391
3033,20,/repositories/20/resources/3033,247
3036,20,/repositories/20/resources/3036,573
3039,20,/repositories/20/resources/3039,261
3040,20,/repositories/20/resources/3040,535
3042,20,/repositories/20/resources/3042,991
3043,20,/repositories/20/resources/3043,3
3045,20,/repositories/20/resources/3045,608
3048,20,/repositories/20/resources/3048,1225
3051,20,/repositories/20/resources/3051,793
3054,20,/repositories/20/resources/3054,6779
3057,20,/repositories/20/resources/3057,514
3060,20,/repositories/20/resources/3060,212
3063,20,/repositories/20/resources/3063,2262
3066,20,/repositories/20/resources/3066,549
3069,20,/repositories/20/resources/3069,10
3072,20,/repositories/20/resources/3072,846
3073,20,/repositories/20/resources/3073,1928
3075,20,/repositories/20/resources/3075,1002
3078,20,/repositories/20/resources/3078,101
3081,20,/repositories/20/resources/3081,541
3084,20,/repositories/20/resources/3084,278
3087,20,/repositories/20/resources/3087,748
3090,20,/repositories/20/resources/3090,36
3093,20,/repositories/20/resources/3093,24
3095,20,/repositories/20/resources/3095,4972
3098,20,/repositories/20/resources/3098,79
3099,20,/repositories/20/resources/3099,618
3101,20,/repositories/20/resources/3101,563
3104,20,/repositories/20/resources/3104,743
3105,20,/repositories/20/resources/3105,524
3107,20,/repositories/20/resources/3107,169
3110,20,/repositories/20/resources/3110,512
3111,20,/repositories/20/resources/3111,535
3114,20,/repositories/20/resources/3114,993
3118,20,/repositories/20/resources/3118,521
3120,20,/repositories/20/resources/3120,30
3123,20,/repositories/20/resources/3123,521
3125,20,/repositories/20/resources/3125,3
3126,20,/repositories/20/resources/3126,528
3129,20,/repositories/20/resources/3129,3
3131,20,/repositories/20/resources/3131,5
3132,20,/repositories/20/resources/3132,584
3135,20,/repositories/20/resources/3135,282
3137,20,/repositories/20/resources/3137,520
3140,20,/repositories/20/resources/3140,512
3141,20,/repositories/20/resources/3141,770
3144,20,/repositories/20/resources/3144,2838
3147,20,/repositories/20/resources/3147,1442
3156,20,/repositories/20/resources/3156,312
3159,20,/repositories/20/resources/3159,559
3162,20,/repositories/20/resources/3162,1021
3164,20,/repositories/20/resources/3164,16
3166,20,/repositories/20/resources/3166,2172
3168,20,/repositories/20/resources/3168,679
3171,20,/repositories/20/resources/3171,516
3173,20,/repositories/20/resources/3173,531
3174,20,/repositories/20/resources/3174,516
3176,20,/repositories/20/resources/3176,521
3177,20,/repositories/20/resources/3177,517
3179,20,/repositories/20/resources/3179,7280
3182,20,/repositories/20/resources/3182,516
3185,20,/repositories/20/resources/3185,558
3188,20,/repositories/20/resources/3188,525
3189,20,/repositories/20/resources/3189,514
3192,20,/repositories/20/resources/3192,515
3195,20,/repositories/20/resources/3195,518
3198,20,/repositories/20/resources/3198,516
3201,20,/repositories/20/resources/3201,513
3204,20,/repositories/20/resources/3204,123
3207,20,/repositories/20/resources/3207,624
3210,20,/repositories/20/resources/3210,3276
3213,20,/repositories/20/resources/3213,593
3219,20,/repositories/20/resources/3219,102
3223,20,/repositories/20/resources/3223,1967
3225,20,/repositories/20/resources/3225,703
3228,20,/repositories/20/resources/3228,1206
3234,20,/repositories/20/resources/3234,7999
3236,20,/repositories/20/resources/3236,1951
3237,20,/repositories/20/resources/3237,16
3239,20,/repositories/20/resources/3239,720
3240,20,/repositories/20/resources/3240,5245
3243,20,/repositories/20/resources/3243,27241
3245,20,/repositories/20/resources/3245,2918
3246,20,/repositories/20/resources/3246,615
3248,20,/repositories/20/resources/3248,82763
3249,20,/repositories/20/resources/3249,27535
3252,20,/repositories/20/resources/3252,1234
3255,20,/repositories/20/resources/3255,1288
3258,20,/repositories/20/resources/3258,909
3261,20,/repositories/20/resources/3261,843
3264,20,/repositories/20/resources/3264,4329
3267,20,/repositories/20/resources/3267,1472
3269,20,/repositories/20/resources/3269,12313
3272,20,/repositories/20/resources/3272,1537
3273,20,/repositories/20/resources/3273,114
3276,20,/repositories/20/resources/3276,683
3279,20,/repositories/20/resources/3279,1077
3281,20,/repositories/20/resources/3281,34
3284,20,/repositories/20/resources/3284,30
3287,20,/repositories/20/resources/3287,206
3288,20,/repositories/20/resources/3288,3214
3293,20,/repositories/20/resources/3293,659
3294,20,/repositories/20/resources/3294,587
3296,20,/repositories/20/resources/3296,514
3297,20,/repositories/20/resources/3297,933
3300,20,/repositories/20/resources/3300,678
3303,20,/repositories/20/resources/3303,238
3304,20,/repositories/20/resources/3304,515
3306,20,/repositories/20/resources/3306,584
3309,20,/repositories/20/resources/3309,514
3312,20,/repositories/20/resources/3312,731
3315,20,/repositories/20/resources/3315,915
3317,20,/repositories/20/resources/3317,521
3318,20,/repositories/20/resources/3318,518
3319,20,/repositories/20/resources/3319,15
3320,20,/repositories/20/resources/3320,1721
3323,20,/repositories/20/resources/3323,516
3326,20,/repositories/20/resources/3326,67
3327,20,/repositories/20/resources/3327,541
3330,20,/repositories/20/resources/3330,79
3333,20,/repositories/20/resources/3333,716
3336,20,/repositories/20/resources/3336,532
3337,20,/repositories/20/resources/3337,21
3342,20,/repositories/20/resources/3342,651
3345,20,/repositories/20/resources/3345,536
3348,20,/repositories/20/resources/3348,571
3351,20,/repositories/20/resources/3351,545
3355,20,/repositories/20/resources/3355,1010
3357,20,/repositories/20/resources/3357,179
3358,20,/repositories/20/resources/3358,575
3360,20,/repositories/20/resources/3360,194
3366,20,/repositories/20/resources/3366,1354
3369,20,/repositories/20/resources/3369,597
3372,20,/repositories/20/resources/3372,63
3375,20,/repositories/20/resources/3375,943
3377,20,/repositories/20/resources/3377,22
3378,20,/repositories/20/resources/3378,537
3381,20,/repositories/20/resources/3381,513
3384,20,/repositories/20/resources/3384,20
3387,20,/repositories/20/resources/3387,534
3390,20,/repositories/20/resources/3390,707
3391,20,/repositories/20/resources/3391,5104
3393,20,/repositories/20/resources/3393,651
3394,20,/repositories/20/resources/3394,520
3395,20,/repositories/20/resources/3395,632
3397,20,/repositories/20/resources/3397,515
3398,20,/repositories/20/resources/3398,520
3399,20,/repositories/20/resources/3399,388
3402,20,/repositories/20/resources/3402,515
3408,20,/repositories/20/resources/3408,532
3411,20,/repositories/20/resources/3411,419
3413,20,/repositories/20/resources/3413,3346
3414,20,/repositories/20/resources/3414,648
3417,20,/repositories/20/resources/3417,522
3419,20,/repositories/20/resources/3419,24
3420,20,/repositories/20/resources/3420,626
3423,20,/repositories/20/resources/3423,514
3425,20,/repositories/20/resources/3425,201
3426,20,/repositories/20/resources/3426,555
3429,20,/repositories/20/resources/3429,69
3432,20,/repositories/20/resources/3432,723
3435,20,/repositories/20/resources/3435,527
3436,20,/repositories/20/resources/3436,1433
3438,20,/repositories/20/resources/3438,540
3441,20,/repositories/20/resources/3441,617
3443,20,/repositories/20/resources/3443,545
3444,20,/repositories/20/resources/3444,567
3445,20,/repositories/20/resources/3445,703
3447,20,/repositories/20/resources/3447,1256
3450,20,/repositories/20/resources/3450,46
3452,20,/repositories/20/resources/3452,419
3456,20,/repositories/20/resources/3456,524
3459,20,/repositories/20/resources/3459,23
3462,20,/repositories/20/resources/3462,26
3465,20,/repositories/20/resources/3465,71
3468,20,/repositories/20/resources/3468,639
3471,20,/repositories/20/resources/3471,136
3474,20,/repositories/20/resources/3474,1108
3477,20,/repositories/20/resources/3477,674
3480,20,/repositories/20/resources/3480,550
3482,20,/repositories/20/resources/3482,52
3483,20,/repositories/20/resources/3483,14
3486,20,/repositories/20/resources/3486,515
3489,20,/repositories/20/resources/3489,518
3492,20,/repositories/20/resources/3492,5463
3495,20,/repositories/20/resources/3495,1290
3496,20,/repositories/20/resources/3496,683
3498,20,/repositories/20/resources/3498,3385
3501,20,/repositories/20/resources/3501,349
3504,20,/repositories/20/resources/3504,603
3505,20,/repositories/20/resources/3505,521
3507,20,/repositories/20/resources/3507,520
3510,20,/repositories/20/resources/3510,21
3513,20,/repositories/20/resources/3513,56
3516,20,/repositories/20/resources/3516,674
3518,20,/repositories/20/resources/3518,733
3521,20,/repositories/20/resources/3521,1674
3522,20,/repositories/20/resources/3522,604
3524,20,/repositories/20/resources/3524,596
3525,20,/repositories/20/resources/3525,78
3528,20,/repositories/20/resources/3528,521
3534,20,/repositories/20/resources/3534,600
3537,20,/repositories/20/resources/3537,517
3540,20,/repositories/20/resources/3540,2033
3541,20,/repositories/20/resources/3541,12
3543,20,/repositories/20/resources/3543,593
3545,20,/repositories/20/resources/3545,2194
3548,20,/repositories/20/resources/3548,534
3549,20,/repositories/20/resources/3549,525
3554,20,/repositories/20/resources/3554,522
3557,20,/repositories/20/resources/3557,555
3558,20,/repositories/20/resources/3558,592
3559,20,/repositories/20/resources/3559,1325
3561,20,/repositories/20/resources/3561,516
3562,20,/repositories/20/resources/3562,533
3564,20,/repositories/20/resources/3564,55
3567,20,/repositories/20/resources/3567,316
3573,20,/repositories/20/resources/3573,545
3576,20,/repositories/20/resources/3576,251
3579,20,/repositories/20/resources/3579,870
3580,20,/repositories/20/resources/3580,3185
3581,20,/repositories/20/resources/3581,649
3582,20,/repositories/20/resources/3582,1930
3583,20,/repositories/20/resources/3583,558
3585,20,/repositories/20/resources/3585,2
3587,20,/repositories/20/resources/3587,15
3588,20,/repositories/20/resources/3588,13
3591,20,/repositories/20/resources/3591,5183
3594,20,/repositories/20/resources/3594,524
3597,20,/repositories/20/resources/3597,615
3600,20,/repositories/20/resources/3600,575
3602,20,/repositories/20/resources/3602,56
3603,20,/repositories/20/resources/3603,574
3606,20,/repositories/20/resources/3606,580
3609,20,/repositories/20/resources/3609,3
3612,20,/repositories/20/resources/3612,521
3615,20,/repositories/20/resources/3615,1620
3618,20,/repositories/20/resources/3618,24
3620,20,/repositories/20/resources/3620,739
3621,20,/repositories/20/resources/3621,815
3623,20,/repositories/20/resources/3623,555
3624,20,/repositories/20/resources/3624,240
3626,20,/repositories/20/resources/3626,5077
3628,20,/repositories/20/resources/3628,1654
3630,20,/repositories/20/resources/3630,520
3633,20,/repositories/20/resources/3633,515
3634,20,/repositories/20/resources/3634,663
3636,20,/repositories/20/resources/3636,944
3639,20,/repositories/20/resources/3639,515
3640,20,/repositories/20/resources/3640,1031
3642,20,/repositories/20/resources/3642,682
3647,20,/repositories/20/resources/3647,573
3648,20,/repositories/20/resources/3648,634
3650,20,/repositories/20/resources/3650,515
3651,20,/repositories/20/resources/3651,532
3652,20,/repositories/20/resources/3652,61
3653,20,/repositories/20/resources/3653,1368
3654,20,/repositories/20/resources/3654,871
3657,20,/repositories/20/resources/3657,278
3658,20,/repositories/20/resources/3658,558
3660,20,/repositories/20/resources/3660,2811
3661,20,/repositories/20/resources/3661,546
3662,20,/repositories/20/resources/3662,536
3664,20,/repositories/20/resources/3664,513
3672,20,/repositories/20/resources/3672,6884
3675,20,/repositories/20/resources/3675,542
3678,20,/repositories/20/resources/3678,1076
3680,20,/repositories/20/resources/3680,569
3681,20,/repositories/20/resources/3681,537
3684,20,/repositories/20/resources/3684,10498
3687,20,/repositories/20/resources/3687,62
3690,20,/repositories/20/resources/3690,543
3693,20,/repositories/20/resources/3693,1270
3696,20,/repositories/20/resources/3696,1611
3699,20,/repositories/20/resources/3699,568
3700,20,/repositories/20/resources/3700,1317
3701,20,/repositories/20/resources/3701,24
3704,20,/repositories/20/resources/3704,533
3705,20,/repositories/20/resources/3705,31
3708,20,/repositories/20/resources/3708,471
3711,20,/repositories/20/resources/3711,547
3714,20,/repositories/20/resources/3714,714
3717,20,/repositories/20/resources/3717,638
3720,20,/repositories/20/resources/3720,514
3723,20,/repositories/20/resources/3723,827
3725,20,/repositories/20/resources/3725,1538
3726,20,/repositories/20/resources/3726,1331
3729,20,/repositories/20/resources/3729,107
3732,20,/repositories/20/resources/3732,28
3734,20,/repositories/20/resources/3734,557
3736,20,/repositories/20/resources/3736,550
3738,20,/repositories/20/resources/3738,559
3741,20,/repositories/20/resources/3741,15
3744,20,/repositories/20/resources/3744,1453
3746,20,/repositories/20/resources/3746,79
3747,20,/repositories/20/resources/3747,518
3749,20,/repositories/20/resources/3749,39
3750,20,/repositories/20/resources/3750,667
3753,20,/repositories/20/resources/3753,646
3756,20,/repositories/20/resources/3756,61
3759,20,/repositories/20/resources/3759,670
3761,20,/repositories/20/resources/3761,603
3763,20,/repositories/20/resources/3763,554
3765,20,/repositories/20/resources/3765,587
3767,20,/repositories/20/resources/3767,46
3768,20,/repositories/20/resources/3768,247
3771,20,/repositories/20/resources/3771,526
3774,20,/repositories/20/resources/3774,518
3777,20,/repositories/20/resources/3777,583
3780,20,/repositories/20/resources/3780,1800
3783,20,/repositories/20/resources/3783,2596
3786,20,/repositories/20/resources/3786,952
3787,20,/repositories/20/resources/3787,526
3789,20,/repositories/20/resources/3789,806
3792,20,/repositories/20/resources/3792,2260
3795,20,/repositories/20/resources/3795,527
3798,20,/repositories/20/resources/3798,534
3801,20,/repositories/20/resources/3801,46
3804,20,/repositories/20/resources/3804,410
3806,20,/repositories/20/resources/3806,676
3809,20,/repositories/20/resources/3809,612
3810,20,/repositories/20/resources/3810,800
3813,20,/repositories/20/resources/3813,527
3815,20,/repositories/20/resources/3815,628
3816,20,/repositories/20/resources/3816,37
3819,20,/repositories/20/resources/3819,1183
3825,20,/repositories/20/resources/3825,245
3826,20,/repositories/20/resources/3826,26
3831,20,/repositories/20/resources/3831,516
3834,20,/repositories/20/resources/3834,633
3836,20,/repositories/20/resources/3836,3094
3837,20,/repositories/20/resources/3837,802
3840,20,/repositories/20/resources/3840,528
3842,20,/repositories/20/resources/3842,519
3843,20,/repositories/20/resources/3843,578
3846,20,/repositories/20/resources/3846,1300
3849,20,/repositories/20/resources/3849,21
3852,20,/repositories/20/resources/3852,576
3855,20,/repositories/20/resources/3855,81
3858,20,/repositories/20/resources/3858,211
3861,20,/repositories/20/resources/3861,51
3862,20,/repositories/20/resources/3862,705
3863,20,/repositories/20/resources/3863,637
3864,20,/repositories/20/resources/3864,567
3867,20,/repositories/20/resources/3867,90
3870,20,/repositories/20/resources/3870,529
3871,20,/repositories/20/resources/3871,555
3872,20,/repositories/20/resources/3872,537
3873,20,/repositories/20/resources/3873,587
3876,20,/repositories/20/resources/3876,54
3879,20,/repositories/20/resources/3879,546
3882,20,/repositories/20/resources/3882,681
3884,20,/repositories/20/resources/3884,169
3885,20,/repositories/20/resources/3885,546
3888,20,/repositories/20/resources/3888,17
3891,20,/repositories/20/resources/3891,37
3894,20,/repositories/20/resources/3894,554
3897,20,/repositories/20/resources/3897,17
3900,20,/repositories/20/resources/3900,671
3903,20,/repositories/20/resources/3903,876
3906,20,/repositories/20/resources/3906,66
3909,20,/repositories/20/resources/3909,91
3911,20,/repositories/20/resources/3911,547
3912,20,/repositories/20/resources/3912,3622
3913,20,/repositories/20/resources/3913,581
3914,20,/repositories/20/resources/3914,558
3915,20,/repositories/20/resources/3915,515
3916,20,/repositories/20/resources/3916,514
3918,20,/repositories/20/resources/3918,516
3921,20,/repositories/20/resources/3921,650
3924,20,/repositories/20/resources/3924,271
3927,20,/repositories/20/resources/3927,543
3929,20,/repositories/20/resources/3929,669
3930,20,/repositories/20/resources/3930,35
3932,20,/repositories/20/resources/3932,568
3933,20,/repositories/20/resources/3933,162
3936,20,/repositories/20/resources/3936,976
3939,20,/repositories/20/resources/3939,514
3942,20,/repositories/20/resources/3942,235
3944,20,/repositories/20/resources/3944,1132
3945,20,/repositories/20/resources/3945,21
3948,20,/repositories/20/resources/3948,521
3950,20,/repositories/20/resources/3950,200
3951,20,/repositories/20/resources/3951,514
3954,20,/repositories/20/resources/3954,564
3956,20,/repositories/20/resources/3956,642
3957,20,/repositories/20/resources/3957,203
3960,20,/repositories/20/resources/3960,547
3963,20,/repositories/20/resources/3963,24
3966,20,/repositories/20/resources/3966,516
3969,20,/repositories/20/resources/3969,538
3971,20,/repositories/20/resources/3971,373
3974,20,/repositories/20/resources/3974,2807
3975,20,/repositories/20/resources/3975,3786
3978,20,/repositories/20/resources/3978,233
3980,20,/repositories/20/resources/3980,59
3982,20,/repositories/20/resources/3982,25
3984,20,/repositories/20/resources/3984,118
3985,20,/repositories/20/resources/3985,36
3987,20,/repositories/20/resources/3987,518
3990,20,/repositories/20/resources/3990,9
3993,20,/repositories/20/resources/3993,573
3996,20,/repositories/20/resources/3996,577
3999,20,/repositories/20/resources/3999,287
4002,20,/repositories/20/resources/4002,525
4005,20,/repositories/20/resources/4005,119
4007,20,/repositories/20/resources/4007,526
4010,20,/repositories/20/resources/4010,640
4013,20,/repositories/20/resources/4013,2544
4014,20,/repositories/20/resources/4014,854
4017,20,/repositories/20/resources/4017,111
4018,20,/repositories/20/resources/4018,224
4020,20,/repositories/20/resources/4020,92
4023,20,/repositories/20/resources/4023,622
4024,20,/repositories/20/resources/4024,92
4025,20,/repositories/20/resources/4025,52
4027,20,/repositories/20/resources/4027,46
4029,20,/repositories/20/resources/4029,566
4032,20,/repositories/20/resources/4032,541
4034,20,/repositories/20/resources/4034,538
4037,20,/repositories/20/resources/4037,50
4038,20,/repositories/20/resources/4038,235
4041,20,/repositories/20/resources/4041,644
4043,20,/repositories/20/resources/4043,1520
4044,20,/repositories/20/resources/4044,1581
4046,20,/repositories/20/resources/4046,425
4049,20,/repositories/20/resources/4049,24
4050,20,/repositories/20/resources/4050,665
4053,20,/repositories/20/resources/4053,809
4054,20,/repositories/20/resources/4054,6589
4056,20,/repositories/20/resources/4056,38
4058,20,/repositories/20/resources/4058,641
4060,20,/repositories/20/resources/4060,666
4062,20,/repositories/20/resources/4062,672
4065,20,/repositories/20/resources/4065,47
4068,20,/repositories/20/resources/4068,156
4070,20,/repositories/20/resources/4070,129
4071,20,/repositories/20/resources/4071,808
4073,20,/repositories/20/resources/4073,887
4074,20,/repositories/20/resources/4074,1822
4076,20,/repositories/20/resources/4076,834
4079,20,/repositories/20/resources/4079,4031
4082,20,/repositories/20/resources/4082,1419
4083,20,/repositories/20/resources/4083,748
4084,20,/repositories/20/resources/4084,779
4086,20,/repositories/20/resources/4086,555
4089,20,/repositories/20/resources/4089,569
4092,20,/repositories/20/resources/4092,546
4095,20,/repositories/20/resources/4095,1797
4097,20,/repositories/20/resources/4097,1377
4098,20,/repositories/20/resources/4098,1635
4100,20,/repositories/20/resources/4100,548
4101,20,/repositories/20/resources/4101,1319
4103,20,/repositories/20/resources/4103,525
4104,20,/repositories/20/resources/4104,3
4107,20,/repositories/20/resources/4107,614
4110,20,/repositories/20/resources/4110,622
4113,20,/repositories/20/resources/4113,27
4115,20,/repositories/20/resources/4115,2
4116,20,/repositories/20/resources/4116,97
4118,20,/repositories/20/resources/4118,516
4121,20,/repositories/20/resources/4121,620
4124,20,/repositories/20/resources/4124,576
4125,20,/repositories/20/resources/4125,541
4128,20,/repositories/20/resources/4128,575
4131,20,/repositories/20/resources/4131,4520
4133,20,/repositories/20/resources/4133,671
4134,20,/repositories/20/resources/4134,536
4137,20,/repositories/20/resources/4137,618
4143,20,/repositories/20/resources/4143,4526
4146,20,/repositories/20/resources/4146,515
4149,20,/repositories/20/resources/4149,523
4152,20,/repositories/20/resources/4152,160
4155,20,/repositories/20/resources/4155,711
4157,20,/repositories/20/resources/4157,517
4160,20,/repositories/20/resources/4160,7739
4161,20,/repositories/20/resources/4161,631
4163,20,/repositories/20/resources/4163,520
4165,20,/repositories/20/resources/4165,524
4168,20,/repositories/20/resources/4168,25
4170,20,/repositories/20/resources/4170,27
4173,20,/repositories/20/resources/4173,624
4179,20,/repositories/20/resources/4179,514
4185,20,/repositories/20/resources/4185,534
4188,20,/repositories/20/resources/4188,25
4191,20,/repositories/20/resources/4191,24
4193,20,/repositories/20/resources/4193,519
4196,20,/repositories/20/resources/4196,525
4199,20,/repositories/20/resources/4199,13
4203,20,/repositories/20/resources/4203,523
4206,20,/repositories/20/resources/4206,30
4209,20,/repositories/20/resources/4209,515
4218,20,/repositories/20/resources/4218,575
4221,20,/repositories/20/resources/4221,525
4224,20,/repositories/20/resources/4224,515
4227,20,/repositories/20/resources/4227,29
4230,20,/repositories/20/resources/4230,13
4231,20,/repositories/20/resources/4231,19
4233,20,/repositories/20/resources/4233,48
4236,20,/repositories/20/resources/4236,528
4238,20,/repositories/20/resources/4238,551
4239,20,/repositories/20/resources/4239,599
4242,20,/repositories/20/resources/4242,806
4245,20,/repositories/20/resources/4245,2734
4248,20,/repositories/20/resources/4248,68
4251,20,/repositories/20/resources/4251,41
4254,20,/repositories/20/resources/4254,39
4257,20,/repositories/20/resources/4257,37
4260,20,/repositories/20/resources/4260,539
4263,20,/repositories/20/resources/4263,29
4266,20,/repositories/20/resources/4266,761
4269,20,/repositories/20/resources/4269,522
4270,20,/repositories/20/resources/4270,27
4272,20,/repositories/20/resources/4272,553
4275,20,/repositories/20/resources/4275,5
4278,20,/repositories/20/resources/4278,734
4281,20,/repositories/20/resources/4281,611
4284,20,/repositories/20/resources/4284,566
4287,20,/repositories/20/resources/4287,512
4288,20,/repositories/20/resources/4288,534
4290,20,/repositories/20/resources/4290,29
4294,20,/repositories/20/resources/4294,515
4296,20,/repositories/20/resources/4296,680
4299,20,/repositories/20/resources/4299,529
4300,20,/repositories/20/resources/4300,851
4302,20,/repositories/20/resources/4302,1180
4303,20,/repositories/20/resources/4303,689
4306,20,/repositories/20/resources/4306,521
4308,20,/repositories/20/resources/4308,1544
4311,20,/repositories/20/resources/4311,1147
4314,20,/repositories/20/resources/4314,694
4315,20,/repositories/20/resources/4315,513
4317,20,/repositories/20/resources/4317,1219
4320,20,/repositories/20/resources/4320,32
4323,20,/repositories/20/resources/4323,523
4326,20,/repositories/20/resources/4326,763
4328,20,/repositories/20/resources/4328,1932
4329,20,/repositories/20/resources/4329,77
4332,20,/repositories/20/resources/4332,540
4334,20,/repositories/20/resources/4334,577
4335,20,/repositories/20/resources/4335,8946
4338,20,/repositories/20/resources/4338,633
4341,20,/repositories/20/resources/4341,531
4344,20,/repositories/20/resources/4344,752
4347,20,/repositories/20/resources/4347,1527
4349,20,/repositories/20/resources/4349,686
4351,20,/repositories/20/resources/4351,735
4353,20,/repositories/20/resources/4353,55
4356,20,/repositories/20/resources/4356,631
4358,20,/repositories/20/resources/4358,580
4359,20,/repositories/20/resources/4359,546
4365,20,/repositories/20/resources/4365,562
4368,20,/repositories/20/resources/4368,1985
4369,20,/repositories/20/resources/4369,684
4372,20,/repositories/20/resources/4372,31
4374,20,/repositories/20/resources/4374,536
4377,20,/repositories/20/resources/4377,15
4380,20,/repositories/20/resources/4380,66
4382,20,/repositories/20/resources/4382,59
4383,20,/repositories/20/resources/4383,518
4385,20,/repositories/20/resources/4385,543
4390,20,/repositories/20/resources/4390,588
4392,20,/repositories/20/resources/4392,24
4395,20,/repositories/20/resources/4395,255
4398,20,/repositories/20/resources/4398,9840
4402,20,/repositories/20/resources/4402,652
4404,20,/repositories/20/resources/4404,812
4407,20,/repositories/20/resources/4407,611
4410,20,/repositories/20/resources/4410,229
4413,20,/repositories/20/resources/4413,179
4416,20,/repositories/20/resources/4416,534
4418,20,/repositories/20/resources/4418,529
4419,20,/repositories/20/resources/4419,319
4421,20,/repositories/20/resources/4421,143
4422,20,/repositories/20/resources/4422,534
4425,20,/repositories/20/resources/4425,115
4427,20,/repositories/20/resources/4427,125
4428,20,/repositories/20/resources/4428,533
4431,20,/repositories/20/resources/4431,1105
4433,20,/repositories/20/resources/4433,2671
4436,20,/repositories/20/resources/4436,1676
4437,20,/repositories/20/resources/4437,530
4440,20,/repositories/20/resources/4440,858
4442,20,/repositories/20/resources/4442,624
4443,20,/repositories/20/resources/4443,1135
4445,20,/repositories/20/resources/4445,582
4448,20,/repositories/20/resources/4448,1550
4449,20,/repositories/20/resources/4449,543
4451,20,/repositories/20/resources/4451,14
4452,20,/repositories/20/resources/4452,706
4455,20,/repositories/20/resources/4455,542
4456,20,/repositories/20/resources/4456,2099
4458,20,/repositories/20/resources/4458,37
4461,20,/repositories/20/resources/4461,550
4464,20,/repositories/20/resources/4464,14
4468,20,/repositories/20/resources/4468,3655
4470,20,/repositories/20/resources/4470,14
4473,20,/repositories/20/resources/4473,1213
4479,20,/repositories/20/resources/4479,588
4481,20,/repositories/20/resources/4481,668
4483,20,/repositories/20/resources/4483,903
4484,20,/repositories/20/resources/4484,924
4485,20,/repositories/20/resources/4485,41
4488,20,/repositories/20/resources/4488,564
4489,20,/repositories/20/resources/4489,583
4490,20,/repositories/20/resources/4490,728
4491,20,/repositories/20/resources/4491,648
4494,20,/repositories/20/resources/4494,47
4496,20,/repositories/20/resources/4496,311
4498,20,/repositories/20/resources/4498,34
4500,20,/repositories/20/resources/4500,764
4503,20,/repositories/20/resources/4503,22
4506,20,/repositories/20/resources/4506,615
4507,20,/repositories/20/resources/4507,75
4509,20,/repositories/20/resources/4509,600
4512,20,/repositories/20/resources/4512,350
4515,20,/repositories/20/resources/4515,461
4518,20,/repositories/20/resources/4518,623
4521,20,/repositories/20/resources/4521,32
4524,20,/repositories/20/resources/4524,5
4527,20,/repositories/20/resources/4527,559
4528,20,/repositories/20/resources/4528,15
4530,20,/repositories/20/resources/4530,1773
4533,20,/repositories/20/resources/4533,9592
4536,20,/repositories/20/resources/4536,741
4539,20,/repositories/20/resources/4539,984
4542,20,/repositories/20/resources/4542,544
4548,20,/repositories/20/resources/4548,258
4550,20,/repositories/20/resources/4550,5
4551,20,/repositories/20/resources/4551,516
4554,20,/repositories/20/resources/4554,62
4557,20,/repositories/20/resources/4557,64
4560,20,/repositories/20/resources/4560,39
4563,20,/repositories/20/resources/4563,528
4565,20,/repositories/20/resources/4565,563
4568,20,/repositories/20/resources/4568,5
4572,20,/repositories/20/resources/4572,554
4575,20,/repositories/20/resources/4575,3305
4578,20,/repositories/20/resources/4578,83
4581,20,/repositories/20/resources/4581,381
4584,20,/repositories/20/resources/4584,27
4586,20,/repositories/20/resources/4586,193
4589,20,/repositories/20/resources/4589,15
4590,20,/repositories/20/resources/4590,45
4593,20,/repositories/20/resources/4593,31
4596,20,/repositories/20/resources/4596,535
4599,20,/repositories/20/resources/4599,544
4602,20,/repositories/20/resources/4602,22
4603,20,/repositories/20/resources/4603,634
4605,20,/repositories/20/resources/4605,26
4607,20,/repositories/20/resources/4607,21
4608,20,/repositories/20/resources/4608,75
4611,20,/repositories/20/resources/4611,614
4614,20,/repositories/20/resources/4614,18
4617,20,/repositories/20/resources/4617,59
4621,20,/repositories/20/resources/4621,20032
4622,20,/repositories/20/resources/4622,464
4624,20,/repositories/20/resources/4624,511
4626,20,/repositories/20/resources/4626,446
4627,20,/repositories/20/resources/4627,114
4630,20,/repositories/20/resources/4630,1032
4632,20,/repositories/20/resources/4632,17
4635,20,/repositories/20/resources/4635,681
4638,20,/repositories/20/resources/4638,602
4639,20,/repositories/20/resources/4639,519
4641,20,/repositories/20/resources/4641,1666
4644,20,/repositories/20/resources/4644,2317
4645,20,/repositories/20/resources/4645,55
4646,20,/repositories/20/resources/4646,2394
4649,20,/repositories/20/resources/4649,1534
4650,20,/repositories/20/resources/4650,513
4653,20,/repositories/20/resources/4653,641
4656,20,/repositories/20/resources/4656,16
4657,20,/repositories/20/resources/4657,24
4659,20,/repositories/20/resources/4659,382
4662,20,/repositories/20/resources/4662,46
4665,20,/repositories/20/resources/4665,55
4668,20,/repositories/20/resources/4668,14
4671,20,/repositories/20/resources/4671,11
4674,20,/repositories/20/resources/4674,589
4677,20,/repositories/20/resources/4677,19
4679,20,/repositories/20/resources/4679,16
4680,20,/repositories/20/resources/4680,553
4683,20,/repositories/20/resources/4683,526
4686,20,/repositories/20/resources/4686,626
4691,20,/repositories/20/resources/4691,956
4692,20,/repositories/20/resources/4692,516
4693,20,/repositories/20/resources/4693,622
4695,20,/repositories/20/resources/4695,95
4698,20,/repositories/20/resources/4698,52
4700,20,/repositories/20/resources/4700,139
4703,20,/repositories/20/resources/4703,3
4706,20,/repositories/20/resources/4706,650
4709,20,/repositories/20/resources/4709,515
4711,20,/repositories/20/resources/4711,36
4713,20,/repositories/20/resources/4713,1137
4715,20,/repositories/20/resources/4715,533
4719,20,/repositories/20/resources/4719,18
4722,20,/repositories/20/resources/4722,1756
4725,20,/repositories/20/resources/4725,928
4726,20,/repositories/20/resources/4726,26
4727,20,/repositories/20/resources/4727,576
4730,20,/repositories/20/resources/4730,515
4731,20,/repositories/20/resources/4731,676
4732,20,/repositories/20/resources/4732,225
4734,20,/repositories/20/resources/4734,574
4737,20,/repositories/20/resources/4737,800
4739,20,/repositories/20/resources/4739,37
4745,20,/repositories/20/resources/4745,27
4746,20,/repositories/20/resources/4746,11
4749,20,/repositories/20/resources/4749,33
4752,20,/repositories/20/resources/4752,646
4755,20,/repositories/20/resources/4755,526
4758,20,/repositories/20/resources/4758,576
4759,20,/repositories/20/resources/4759,607
4760,20,/repositories/20/resources/4760,31
4761,20,/repositories/20/resources/4761,71
4764,20,/repositories/20/resources/4764,50
4770,20,/repositories/20/resources/4770,781
4776,20,/repositories/20/resources/4776,306
4779,20,/repositories/20/resources/4779,625
4782,20,/repositories/20/resources/4782,10
4785,20,/repositories/20/resources/4785,77
4788,20,/repositories/20/resources/4788,22
4794,20,/repositories/20/resources/4794,932
4797,20,/repositories/20/resources/4797,6
4798,20,/repositories/20/resources/4798,938
4800,20,/repositories/20/resources/4800,6
4801,20,/repositories/20/resources/4801,51
4804,20,/repositories/20/resources/4804,54
4806,20,/repositories/20/resources/4806,23
4808,20,/repositories/20/resources/4808,22
4809,20,/repositories/20/resources/4809,529
4813,20,/repositories/20/resources/4813,11
4814,20,/repositories/20/resources/4814,14
4815,20,/repositories/20/resources/4815,510
4818,20,/repositories/20/resources/4818,524
4821,20,/repositories/20/resources/4821,700
4823,20,/repositories/20/resources/4823,761
4826,20,/repositories/20/resources/4826,2
4830,20,/repositories/20/resources/4830,65
4832,20,/repositories/20/resources/4832,35
4837,20,/repositories/20/resources/4837,46
4839,20,/repositories/20/resources/4839,37
4842,20,/repositories/20/resources/4842,869
4845,20,/repositories/20/resources/4845,4012
4847,20,/repositories/20/resources/4847,485
4848,20,/repositories/20/resources/4848,969
4851,20,/repositories/20/resources/4851,773
4853,20,/repositories/20/resources/4853,652
4854,20,/repositories/20/resources/4854,13
4857,20,/repositories/20/resources/4857,1861
4860,20,/repositories/20/resources/4860,604
4862,20,/repositories/20/resources/4862,540
4863,20,/repositories/20/resources/4863,559
4866,20,/repositories/20/resources/4866,7866
4869,20,/repositories/20/resources/4869,569
4871,20,/repositories/20/resources/4871,20
4872,20,/repositories/20/resources/4872,1518
4875,20,/repositories/20/resources/4875,203
4877,20,/repositories/20/resources/4877,535
4884,20,/repositories/20/resources/4884,577
4885,20,/repositories/20/resources/4885,514
4887,20,/repositories/20/resources/4887,726
4890,20,/repositories/20/resources/4890,537
4893,20,/repositories/20/resources/4893,230
4896,20,/repositories/20/resources/4896,257
4899,20,/repositories/20/resources/4899,754
4902,20,/repositories/20/resources/4902,60
4905,20,/repositories/20/resources/4905,52
4906,20,/repositories/20/resources/4906,682
4910,20,/repositories/20/resources/4910,796
4911,20,/repositories/20/resources/4911,303
4914,20,/repositories/20/resources/4914,870
4915,20,/repositories/20/resources/4915,534
4917,20,/repositories/20/resources/4917,427
4919,20,/repositories/20/resources/4919,540
4923,20,/repositories/20/resources/4923,751
4925,20,/repositories/20/resources/4925,141
4927,20,/repositories/20/resources/4927,21
4929,20,/repositories/20/resources/4929,20
4935,20,/repositories/20/resources/4935,646
4938,20,/repositories/20/resources/4938,131
4939,20,/repositories/20/resources/4939,167
4941,20,/repositories/20/resources/4941,1079
4943,20,/repositories/20/resources/4943,566
4944,20,/repositories/20/resources/4944,190
4947,20,/repositories/20/resources/4947,4
4950,20,/repositories/20/resources/4950,505
4956,20,/repositories/20/resources/4956,530
4959,20,/repositories/20/resources/4959,621
4960,20,/repositories/20/resources/4960,1068
4962,20,/repositories/20/resources/4962,517
4965,20,/repositories/20/resources/4965,534
4968,20,/repositories/20/resources/4968,546
4969,20,/repositories/20/resources/4969,4
4971,20,/repositories/20/resources/4971,1127
4974,20,/repositories/20/resources/4974,6
4977,20,/repositories/20/resources/4977,56
4980,20,/repositories/20/resources/4980,10
4982,20,/repositories/20/resources/4982,517
4983,20,/repositories/20/resources/4983,674
4986,20,/repositories/20/resources/4986,615
12285,20,/repositories/20/resources/12285,389
12293,20,/repositories/20/resources/12293,40
12311,20,/repositories/20/resources/12311,444
12435,20,/repositories/20/resources/12435,406
12522,20,/repositories/20/resources/12522,10
12524,20,/repositories/20/resources/12524,3
12538,20,/repositories/20/resources/12538,72
12560,20,/repositories/20/resources/12560,292
12566,20,/repositories/20/resources/12566,130
12613,20,/repositories/20/resources/12613,2
12624,20,/repositories/20/resources/12624,6
12631,20,/repositories/20/resources/12631,39
12640,20,/repositories/20/resources/12640,119
12653,20,/repositories/20/resources/12653,4
12808,20,/repositories/20/resources/12808,55
12814,20,/repositories/20/resources/12814,1065
12944,20,/repositories/20/resources/12944,1326
13014,20,/repositories/20/resources/13014,5
13685,20,/repositories/20/resources/13685,14
13703,20,/repositories/20/resources/13703,21
13778,20,/repositories/20/resources/13778,535
13779,20,/repositories/20/resources/13779,129
13781,20,/repositories/20/resources/13781,21
13810,20,/repositories/20/resources/13810,12
13822,20,/repositories/20/resources/13822,30
13904,20,/repositories/20/resources/13904,6
13905,20,/repositories/20/resources/13905,33
13906,20,/repositories/20/resources/13906,10
13949,20,/repositories/20/resources/13949,71
13956,20,/repositories/20/resources/13956,2
14025,20,/repositories/20/resources/14025,48
14091,20,/repositories/20/resources/14091,104
25471,20,/repositories/20/resources/25471,141
25499,20,/repositories/20/resources/25499,355
25750,20,/repositories/20/resources/25750,27
25869,20,/repositories/20/resources/25869,909
26092,20,/repositories/20/resources/26092,53
26185,20,/repositories/20/resources/26185,59
26282,20,/repositories/20/resources/26282,8
26286,20,/repositories/20/resources/26286,49
26363,20,/repositories/20/resources/26363,371
26410,20,/repositories/20/resources/26410,6
26430,20,/repositories/20/resources/26430,44
26493,20,/repositories/20/resources/26493,874
26586,20,/repositories/20/resources/26586,4387
26596,20,/repositories/20/resources/26596,1533
26755,20,/repositories/20/resources/26755,1029
26850,20,/repositories/20/resources/26850,409
26853,20,/repositories/20/resources/26853,880
26858,20,/repositories/20/resources/26858,104
27157,20,/repositories/20/resources/27157,346
27160,20,/repositories/20/resources/27160,15
50898,20,/repositories/20/resources/50898,23
51086,20,/repositories/20/resources/51086,6
51143,20,/repositories/20/resources/51143,78
51253,20,/repositories/20/resources/51253,1045
51275,20,/repositories/20/resources/51275,10
51278,20,/repositories/20/resources/51278,5
51642,20,/repositories/20/resources/51642,7
52022,20,/repositories/20/resources/52022,2
52025,20,/repositories/20/resources/52025,14
52028,20,/repositories/20/resources/52028,52
52034,20,/repositories/20/resources/52034,5
52037,20,/repositories/20/resources/52037,3
52040,20,/repositories/20/resources/52040,50
52218,20,/repositories/20/resources/52218,2
52536,20,/repositories/20/resources/52536,4006
52539,20,/repositories/20/resources/52539,8
52542,20,/repositories/20/resources/52542,29
53027,20,/repositories/20/resources/53027,23
53030,20,/repositories/20/resources/53030,8
53400,20,/repositories/20/resources/53400,2
53405,20,/repositories/20/resources/53405,2
53590,20,/repositories/20/resources/53590,21
53765,20,/repositories/20/resources/53765,20
53918,20,/repositories/20/resources/53918,266
53941,20,/repositories/20/resources/53941,1793
54007,20,/repositories/20/resources/54007,21
54110,20,/repositories/20/resources/54110,7
54195,20,/repositories/20/resources/54195,4909
54314,20,/repositories/20/resources/54314,58
54320,20,/repositories/20/resources/54320,118
54321,20,/repositories/20/resources/54321,50
54367,20,/repositories/20/resources/54367,58
54368,20,/repositories/20/resources/54368,15
54408,20,/repositories/20/resources/54408,559
54454,20,/repositories/20/resources/54454,12
54481,20,/repositories/20/resources/54481,1896
54483,20,/repositories/20/resources/54483,37
54484,20,/repositories/20/resources/54484,40
54485,20,/repositories/20/resources/54485,85
54486,20,/repositories/20/resources/54486,52
54488,20,/repositories/20/resources/54488,4
54489,20,/repositories/20/resources/54489,15
54490,20,/repositories/20/resources/54490,44
54492,20,/repositories/20/resources/54492,8
54493,20,/repositories/20/resources/54493,15
54495,20,/repositories/20/resources/54495,2
54496,20,/repositories/20/resources/54496,13
54497,20,/repositories/20/resources/54497,6
54498,20,/repositories/20/resources/54498,12
54499,20,/repositories/20/resources/54499,3
54502,20,/repositories/20/resources/54502,2
54503,20,/repositories/20/resources/54503,18
54504,20,/repositories/20/resources/54504,46
54505,20,/repositories/20/resources/54505,29
54506,20,/repositories/20/resources/54506,44
54507,20,/repositories/20/resources/54507,84
54509,20,/repositories/20/resources/54509,2
54511,20,/repositories/20/resources/54511,70
54512,20,/repositories/20/resources/54512,15
54513,20,/repositories/20/resources/54513,8
54514,20,/repositories/20/resources/54514,9
54515,20,/repositories/20/resources/54515,28
54517,20,/repositories/20/resources/54517,58
54518,20,/repositories/20/resources/54518,2
54519,20,/repositories/20/resources/54519,16
54520,20,/repositories/20/resources/54520,9
54523,20,/repositories/20/resources/54523,1218
54524,20,/repositories/20/resources/54524,289
54525,20,/repositories/20/resources/54525,14
54526,20,/repositories/20/resources/54526,65
54527,20,/repositories/20/resources/54527,4
54528,20,/repositories/20/resources/54528,293
54535,20,/repositories/20/resources/54535,38
54536,20,/repositories/20/resources/54536,31
54537,20,/repositories/20/resources/54537,30
54538,20,/repositories/20/resources/54538,6
54539,20,/repositories/20/resources/54539,22
54540,20,/repositories/20/resources/54540,2
54541,20,/repositories/20/resources/54541,9
54542,20,/repositories/20/resources/54542,2
54544,20,/repositories/20/resources/54544,8
54545,20,/repositories/20/resources/54545,37
54546,20,/repositories/20/resources/54546,26
54547,20,/repositories/20/resources/54547,14
54548,20,/repositories/20/resources/54548,21
54552,20,/repositories/20/resources/54552,2
54554,20,/repositories/20/resources/54554,2
54557,20,/repositories/20/resources/54557,2
54558,20,/repositories/20/resources/54558,6
54559,20,/repositories/20/resources/54559,180
54563,20,/repositories/20/resources/54563,37
54579,20,/repositories/20/resources/54579,1048
54623,20,/repositories/20/resources/54623,63
54664,20,/repositories/20/resources/54664,476
54673,20,/repositories/20/resources/54673,5
54675,20,/repositories/20/resources/54675,145
54676,20,/repositories/20/resources/54676,876
54692,20,/repositories/20/resources/54692,73
54735,20,/repositories/20/resources/54735,38
54739,20,/repositories/20/resources/54739,143
54748,20,/repositories/20/resources/54748,98
54750,20,/repositories/20/resources/54750,10302
54758,20,/repositories/20/resources/54758,4
54765,20,/repositories/20/resources/54765,106
54817,20,/repositories/20/resources/54817,20
54821,20,/repositories/20/resources/54821,8
54823,20,/repositories/20/resources/54823,12
54836,20,/repositories/20/resources/54836,76
54893,20,/repositories/20/resources/54893,514
54938,20,/repositories/20/resources/54938,8
54939,20,/repositories/20/resources/54939,2
54941,20,/repositories/20/resources/54941,4
54942,20,/repositories/20/resources/54942,2
54943,20,/repositories/20/resources/54943,2
54944,20,/repositories/20/resources/54944,15
54945,20,/repositories/20/resources/54945,2
54947,20,/repositories/20/resources/54947,10
54956,20,/repositories/20/resources/54956,3
54957,20,/repositories/20/resources/54957,5
54958,20,/repositories/20/resources/54958,2
54959,20,/repositories/20/resources/54959,12
54960,20,/repositories/20/resources/54960,2
54961,20,/repositories/20/resources/54961,12
54962,20,/repositories/20/resources/54962,2
54963,20,/repositories/20/resources/54963,5
54964,20,/repositories/20/resources/54964,3
54981,20,/repositories/20/resources/54981,8
54995,20,/repositories/20/resources/54995,31
55028,20,/repositories/20/resources/55028,5
55036,20,/repositories/20/resources/55036,3
4987,21,/repositories/21/resources/4987,960
4988,21,/repositories/21/resources/4988,29012
4989,21,/repositories/21/resources/4989,56
4990,21,/repositories/21/resources/4990,5181
4992,21,/repositories/21/resources/4992,2837
4995,21,/repositories/21/resources/4995,2112
4998,21,/repositories/21/resources/4998,1637
5000,21,/repositories/21/resources/5000,1075
5001,21,/repositories/21/resources/5001,529
5007,21,/repositories/21/resources/5007,34
5010,21,/repositories/21/resources/5010,4026
5013,21,/repositories/21/resources/5013,95
5016,21,/repositories/21/resources/5016,97
5019,21,/repositories/21/resources/5019,1682
5022,21,/repositories/21/resources/5022,453
5023,21,/repositories/21/resources/5023,55
5025,21,/repositories/21/resources/5025,56
5028,21,/repositories/21/resources/5028,1222
5029,21,/repositories/21/resources/5029,745
5030,21,/repositories/21/resources/5030,2448
5031,21,/repositories/21/resources/5031,1336
5034,21,/repositories/21/resources/5034,2144
5035,21,/repositories/21/resources/5035,402625
5037,21,/repositories/21/resources/5037,294
5040,21,/repositories/21/resources/5040,4865
5042,21,/repositories/21/resources/5042,2194
5045,21,/repositories/21/resources/5045,527
5048,21,/repositories/21/resources/5048,1518
5050,21,/repositories/21/resources/5050,145
5052,21,/repositories/21/resources/5052,579
5055,21,/repositories/21/resources/5055,9170
5058,21,/repositories/21/resources/5058,46
5061,21,/repositories/21/resources/5061,699
5064,21,/repositories/21/resources/5064,793
5067,21,/repositories/21/resources/5067,839
5068,21,/repositories/21/resources/5068,1710
5070,21,/repositories/21/resources/5070,1119
5073,21,/repositories/21/resources/5073,1543
5074,21,/repositories/21/resources/5074,5396
5076,21,/repositories/21/resources/5076,3984
5078,21,/repositories/21/resources/5078,21405
5079,21,/repositories/21/resources/5079,900
5082,21,/repositories/21/resources/5082,1183
5085,21,/repositories/21/resources/5085,965
5087,21,/repositories/21/resources/5087,1009
5089,21,/repositories/21/resources/5089,1006
5090,21,/repositories/21/resources/5090,2983
5092,21,/repositories/21/resources/5092,2742
5093,21,/repositories/21/resources/5093,1913
5094,21,/repositories/21/resources/5094,1631
5096,21,/repositories/21/resources/5096,1343
5097,21,/repositories/21/resources/5097,1498
5100,21,/repositories/21/resources/5100,2213
5102,21,/repositories/21/resources/5102,1102
5104,21,/repositories/21/resources/5104,1348
5105,21,/repositories/21/resources/5105,1225
5106,21,/repositories/21/resources/5106,1149
5109,21,/repositories/21/resources/5109,790
5110,21,/repositories/21/resources/5110,913
5112,21,/repositories/21/resources/5112,947
5115,21,/repositories/21/resources/5115,3774
5118,21,/repositories/21/resources/5118,1323
5120,21,/repositories/21/resources/5120,1204
5121,21,/repositories/21/resources/5121,967
5124,21,/repositories/21/resources/5124,972
5126,21,/repositories/21/resources/5126,963
5127,21,/repositories/21/resources/5127,898
5130,21,/repositories/21/resources/5130,1061
5132,21,/repositories/21/resources/5132,995
5133,21,/repositories/21/resources/5133,998
5136,21,/repositories/21/resources/5136,880
5138,21,/repositories/21/resources/5138,940
5139,21,/repositories/21/resources/5139,892
5141,21,/repositories/21/resources/5141,1002
5142,21,/repositories/21/resources/5142,943
5144,21,/repositories/21/resources/5144,891
5145,21,/repositories/21/resources/5145,784
5148,21,/repositories/21/resources/5148,1148
5150,21,/repositories/21/resources/5150,1054
5152,21,/repositories/21/resources/5152,918
5154,21,/repositories/21/resources/5154,1391
5157,21,/repositories/21/resources/5157,1021
5159,21,/repositories/21/resources/5159,2101
5162,21,/repositories/21/resources/5162,5872
12573,21,/repositories/21/resources/12573,1182
13846,21,/repositories/21/resources/13846,4583
14035,21,/repositories/21/resources/14035,27
25465,21,/repositories/21/resources/25465,1242
26045,21,/repositories/21/resources/26045,83
26932,21,/repositories/21/resources/26932,4
28086,21,/repositories/21/resources/28086,358
54632,21,/repositories/21/resources/54632,225
54633,21,/repositories/21/resources/54633,413
54853,21,/repositories/21/resources/54853,20
54863,21,/repositories/21/resources/54863,280
54987,21,/repositories/21/resources/54987,74
55016,21,/repositories/21/resources/55016,900
55040,21,/repositories/21/resources/55040,1503
55041,21,/repositories/21/resources/55041,1500
12250,23,/repositories/23/resources/12250,21
12615,23,/repositories/23/resources/12615,41
54878,23,/repositories/23/resources/54878,2
54903,23,/repositories/23/resources/54903,5
5163,24,/repositories/24/resources/5163,1052
5165,24,/repositories/24/resources/5165,538
5166,24,/repositories/24/resources/5166,703
5169,24,/repositories/24/resources/5169,108
5171,24,/repositories/24/resources/5171,11
5176,24,/repositories/24/resources/5176,388
5178,24,/repositories/24/resources/5178,2020
5181,24,/repositories/24/resources/5181,112
5182,24,/repositories/24/resources/5182,542
5184,24,/repositories/24/resources/5184,732
5188,24,/repositories/24/resources/5188,6
5194,24,/repositories/24/resources/5194,690
5196,24,/repositories/24/resources/5196,19
5198,24,/repositories/24/resources/5198,13
5199,24,/repositories/24/resources/5199,536
5201,24,/repositories/24/resources/5201,4
5204,24,/repositories/24/resources/5204,511
5205,24,/repositories/24/resources/5205,23
5207,24,/repositories/24/resources/5207,4
5210,24,/repositories/24/resources/5210,5
5211,24,/repositories/24/resources/5211,10
5212,24,/repositories/24/resources/5212,6
5214,24,/repositories/24/resources/5214,4
5217,24,/repositories/24/resources/5217,16
5219,24,/repositories/24/resources/5219,4
5222,24,/repositories/24/resources/5222,4
5225,24,/repositories/24/resources/5225,5
5228,24,/repositories/24/resources/5228,702
5230,24,/repositories/24/resources/5230,141
5232,24,/repositories/24/resources/5232,186
5235,24,/repositories/24/resources/5235,1359
5238,24,/repositories/24/resources/5238,632
5244,24,/repositories/24/resources/5244,561
5247,24,/repositories/24/resources/5247,28
5250,24,/repositories/24/resources/5250,42
5253,24,/repositories/24/resources/5253,89
5255,24,/repositories/24/resources/5255,22
5257,24,/repositories/24/resources/5257,1365
5258,24,/repositories/24/resources/5258,3017
5263,24,/repositories/24/resources/5263,142
5265,24,/repositories/24/resources/5265,95
5266,24,/repositories/24/resources/5266,113
5268,24,/repositories/24/resources/5268,507
5271,24,/repositories/24/resources/5271,561
5273,24,/repositories/24/resources/5273,70
5274,24,/repositories/24/resources/5274,75
5280,24,/repositories/24/resources/5280,24
5281,24,/repositories/24/resources/5281,517
5282,24,/repositories/24/resources/5282,530
5283,24,/repositories/24/resources/5283,581
5285,24,/repositories/24/resources/5285,511
5286,24,/repositories/24/resources/5286,613
5289,24,/repositories/24/resources/5289,599
5292,24,/repositories/24/resources/5292,670
5294,24,/repositories/24/resources/5294,569
5296,24,/repositories/24/resources/5296,46
5298,24,/repositories/24/resources/5298,594
5301,24,/repositories/24/resources/5301,520
5304,24,/repositories/24/resources/5304,579
5310,24,/repositories/24/resources/5310,2004
5313,24,/repositories/24/resources/5313,29
5316,24,/repositories/24/resources/5316,4
5322,24,/repositories/24/resources/5322,5
5325,24,/repositories/24/resources/5325,513
5326,24,/repositories/24/resources/5326,19
5328,24,/repositories/24/resources/5328,594
5330,24,/repositories/24/resources/5330,601
5331,24,/repositories/24/resources/5331,728
5339,24,/repositories/24/resources/5339,764
5340,24,/repositories/24/resources/5340,10
5350,24,/repositories/24/resources/5350,507
5353,24,/repositories/24/resources/5353,582
5354,24,/repositories/24/resources/5354,900
5356,24,/repositories/24/resources/5356,68
5358,24,/repositories/24/resources/5358,585
5361,24,/repositories/24/resources/5361,9
5366,24,/repositories/24/resources/5366,1052
5373,24,/repositories/24/resources/5373,536
5376,24,/repositories/24/resources/5376,76
5385,24,/repositories/24/resources/5385,76
5388,24,/repositories/24/resources/5388,30
5391,24,/repositories/24/resources/5391,506
5394,24,/repositories/24/resources/5394,634
5397,24,/repositories/24/resources/5397,675
5399,24,/repositories/24/resources/5399,3
5406,24,/repositories/24/resources/5406,509
5409,24,/repositories/24/resources/5409,502
5412,24,/repositories/24/resources/5412,507
5420,24,/repositories/24/resources/5420,453
5421,24,/repositories/24/resources/5421,508
5430,24,/repositories/24/resources/5430,5
5431,24,/repositories/24/resources/5431,2
5433,24,/repositories/24/resources/5433,9
5436,24,/repositories/24/resources/5436,621
5439,24,/repositories/24/resources/5439,6
5442,24,/repositories/24/resources/5442,819
5445,24,/repositories/24/resources/5445,555
5460,24,/repositories/24/resources/5460,556
5465,24,/repositories/24/resources/5465,849
5495,24,/repositories/24/resources/5495,152
5496,24,/repositories/24/resources/5496,554
5499,24,/repositories/24/resources/5499,514
5511,24,/repositories/24/resources/5511,543
5544,24,/repositories/24/resources/5544,508
5550,24,/repositories/24/resources/5550,2
5559,24,/repositories/24/resources/5559,30
5562,24,/repositories/24/resources/5562,506
5568,24,/repositories/24/resources/5568,48
5574,24,/repositories/24/resources/5574,515
5580,24,/repositories/24/resources/5580,521
5583,24,/repositories/24/resources/5583,505
5584,24,/repositories/24/resources/5584,1576
5586,24,/repositories/24/resources/5586,121
5589,24,/repositories/24/resources/5589,138
5592,24,/repositories/24/resources/5592,522
5593,24,/repositories/24/resources/5593,537
5595,24,/repositories/24/resources/5595,31
5598,24,/repositories/24/resources/5598,559
5601,24,/repositories/24/resources/5601,94
5602,24,/repositories/24/resources/5602,246
5605,24,/repositories/24/resources/5605,508
5607,24,/repositories/24/resources/5607,507
5608,24,/repositories/24/resources/5608,510
5610,24,/repositories/24/resources/5610,695
5613,24,/repositories/24/resources/5613,509
5616,24,/repositories/24/resources/5616,583
5618,24,/repositories/24/resources/5618,324
5619,24,/repositories/24/resources/5619,746
5622,24,/repositories/24/resources/5622,522
5628,24,/repositories/24/resources/5628,809
5630,24,/repositories/24/resources/5630,1936
5631,24,/repositories/24/resources/5631,661
5634,24,/repositories/24/resources/5634,1361
5636,24,/repositories/24/resources/5636,73
5637,24,/repositories/24/resources/5637,1019
5638,24,/repositories/24/resources/5638,548
5640,24,/repositories/24/resources/5640,907
5642,24,/repositories/24/resources/5642,512
5643,24,/repositories/24/resources/5643,1796
5645,24,/repositories/24/resources/5645,657
5646,24,/repositories/24/resources/5646,1119
5649,24,/repositories/24/resources/5649,765
5651,24,/repositories/24/resources/5651,17
5653,24,/repositories/24/resources/5653,546
5655,24,/repositories/24/resources/5655,514
5656,24,/repositories/24/resources/5656,561
5658,24,/repositories/24/resources/5658,526
5660,24,/repositories/24/resources/5660,740
5663,24,/repositories/24/resources/5663,513
5664,24,/repositories/24/resources/5664,11
5667,24,/repositories/24/resources/5667,26
5670,24,/repositories/24/resources/5670,519
5672,24,/repositories/24/resources/5672,625
5675,24,/repositories/24/resources/5675,581
5676,24,/repositories/24/resources/5676,71
5679,24,/repositories/24/resources/5679,516
5685,24,/repositories/24/resources/5685,42
5688,24,/repositories/24/resources/5688,517
5697,24,/repositories/24/resources/5697,21
12403,24,/repositories/24/resources/12403,79
12404,24,/repositories/24/resources/12404,462
12550,24,/repositories/24/resources/12550,170
13751,24,/repositories/24/resources/13751,18
14003,24,/repositories/24/resources/14003,272
14046,24,/repositories/24/resources/14046,11
25414,24,/repositories/24/resources/25414,3
25422,24,/repositories/24/resources/25422,3
25426,24,/repositories/24/resources/25426,2
25890,24,/repositories/24/resources/25890,17
25893,24,/repositories/24/resources/25893,76
25894,24,/repositories/24/resources/25894,3
25897,24,/repositories/24/resources/25897,207
25899,24,/repositories/24/resources/25899,4
25952,24,/repositories/24/resources/25952,9
25954,24,/repositories/24/resources/25954,49
25958,24,/repositories/24/resources/25958,8
25962,24,/repositories/24/resources/25962,13
25967,24,/repositories/24/resources/25967,22
25970,24,/repositories/24/resources/25970,2
25976,24,/repositories/24/resources/25976,4
26015,24,/repositories/24/resources/26015,25
26036,24,/repositories/24/resources/26036,28
26047,24,/repositories/24/resources/26047,492
26097,24,/repositories/24/resources/26097,585
26098,24,/repositories/24/resources/26098,658
26109,24,/repositories/24/resources/26109,6
26116,24,/repositories/24/resources/26116,3
26119,24,/repositories/24/resources/26119,2
26125,24,/repositories/24/resources/26125,2
26128,24,/repositories/24/resources/26128,2
26131,24,/repositories/24/resources/26131,2
26139,24,/repositories/24/resources/26139,3
26142,24,/repositories/24/resources/26142,3
26147,24,/repositories/24/resources/26147,25
26150,24,/repositories/24/resources/26150,2
26152,24,/repositories/24/resources/26152,3
26155,24,/repositories/24/resources/26155,42
26158,24,/repositories/24/resources/26158,2
26161,24,/repositories/24/resources/26161,2
26164,24,/repositories/24/resources/26164,2
26167,24,/repositories/24/resources/26167,2
26169,24,/repositories/24/resources/26169,2
26172,24,/repositories/24/resources/26172,2
26233,24,/repositories/24/resources/26233,490
26236,24,/repositories/24/resources/26236,198
26248,24,/repositories/24/resources/26248,493
26293,24,/repositories/24/resources/26293,119
26297,24,/repositories/24/resources/26297,299
26299,24,/repositories/24/resources/26299,446
26302,24,/repositories/24/resources/26302,322
26305,24,/repositories/24/resources/26305,204
26311,24,/repositories/24/resources/26311,216
26317,24,/repositories/24/resources/26317,407
26373,24,/repositories/24/resources/26373,8
26376,24,/repositories/24/resources/26376,2
26474,24,/repositories/24/resources/26474,26
26477,24,/repositories/24/resources/26477,132
26683,24,/repositories/24/resources/26683,204
27053,24,/repositories/24/resources/27053,12
28101,24,/repositories/24/resources/28101,290
51853,24,/repositories/24/resources/51853,503
51925,24,/repositories/24/resources/51925,59
53191,24,/repositories/24/resources/53191,182
53693,24,/repositories/24/resources/53693,100
54551,24,/repositories/24/resources/54551,3
54866,24,/repositories/24/resources/54866,73
54897,24,/repositories/24/resources/54897,29
54909,24,/repositories/24/resources/54909,4
54912,24,/repositories/24/resources/54912,23
54953,24,/repositories/24/resources/54953,81
54954,24,/repositories/24/resources/54954,10
54969,24,/repositories/24/resources/54969,5
5699,26,/repositories/26/resources/5699,11
5700,26,/repositories/26/resources/5700,734
5703,26,/repositories/26/resources/5703,554
5706,26,/repositories/26/resources/5706,58
5709,26,/repositories/26/resources/5709,18
5712,26,/repositories/26/resources/5712,1224
5718,26,/repositories/26/resources/5718,605
5723,26,/repositories/26/resources/5723,294
5726,26,/repositories/26/resources/5726,951
5727,26,/repositories/26/resources/5727,210
12765,26,/repositories/26/resources/12765,20
25912,26,/repositories/26/resources/25912,18
26371,26,/repositories/26/resources/26371,43
27902,26,/repositories/26/resources/27902,810
50812,26,/repositories/26/resources/50812,63
50850,26,/repositories/26/resources/50850,33
50880,26,/repositories/26/resources/50880,5
51130,26,/repositories/26/resources/51130,4
51133,26,/repositories/26/resources/51133,19
51148,26,/repositories/26/resources/51148,8
51151,26,/repositories/26/resources/51151,17
51152,26,/repositories/26/resources/51152,144
51322,26,/repositories/26/resources/51322,10
51328,26,/repositories/26/resources/51328,6
51331,26,/repositories/26/resources/51331,3
51343,26,/repositories/26/resources/51343,5
51355,26,/repositories/26/resources/51355,15
51358,26,/repositories/26/resources/51358,1110
51361,26,/repositories/26/resources/51361,1967
51367,26,/repositories/26/resources/51367,3
51416,26,/repositories/26/resources/51416,3
51419,26,/repositories/26/resources/51419,4
51425,26,/repositories/26/resources/51425,3
51443,26,/repositories/26/resources/51443,3
51497,26,/repositories/26/resources/51497,21
51518,26,/repositories/26/resources/51518,3
51545,26,/repositories/26/resources/51545,4
51617,26,/repositories/26/resources/51617,3
51639,26,/repositories/26/resources/51639,3
51648,26,/repositories/26/resources/51648,5
51651,26,/repositories/26/resources/51651,7
51660,26,/repositories/26/resources/51660,3
51672,26,/repositories/26/resources/51672,6
51675,26,/repositories/26/resources/51675,18
51744,26,/repositories/26/resources/51744,3
51756,26,/repositories/26/resources/51756,2
51768,26,/repositories/26/resources/51768,16
51786,26,/repositories/26/resources/51786,3
51825,26,/repositories/26/resources/51825,33
51831,26,/repositories/26/resources/51831,4
51834,26,/repositories/26/resources/51834,7
51856,26,/repositories/26/resources/51856,3
51901,26,/repositories/26/resources/51901,3
51904,26,/repositories/26/resources/51904,9
51934,26,/repositories/26/resources/51934,4
51943,26,/repositories/26/resources/51943,4
51955,26,/repositories/26/resources/51955,6
51961,26,/repositories/26/resources/51961,6
51967,26,/repositories/26/resources/51967,2
51982,26,/repositories/26/resources/51982,3
51997,26,/repositories/26/resources/51997,3
52000,26,/repositories/26/resources/52000,3
52012,26,/repositories/26/resources/52012,3
52018,26,/repositories/26/resources/52018,3
52058,26,/repositories/26/resources/52058,3
52061,26,/repositories/26/resources/52061,9
52067,26,/repositories/26/resources/52067,9
52082,26,/repositories/26/resources/52082,5
52091,26,/repositories/26/resources/52091,3
52094,26,/repositories/26/resources/52094,4
52100,26,/repositories/26/resources/52100,3
52103,26,/repositories/26/resources/52103,57
52106,26,/repositories/26/resources/52106,9
52112,26,/repositories/26/resources/52112,4
52121,26,/repositories/26/resources/52121,2
52130,26,/repositories/26/resources/52130,4
52154,26,/repositories/26/resources/52154,9
52157,26,/repositories/26/resources/52157,3
52175,26,/repositories/26/resources/52175,3
52178,26,/repositories/26/resources/52178,5
52182,26,/repositories/26/resources/52182,4
52197,26,/repositories/26/resources/52197,9
52203,26,/repositories/26/resources/52203,2
52221,26,/repositories/26/resources/52221,9
52230,26,/repositories/26/resources/52230,6
52245,26,/repositories/26/resources/52245,3
52248,26,/repositories/26/resources/52248,3
52269,26,/repositories/26/resources/52269,12
52272,26,/repositories/26/resources/52272,7
52278,26,/repositories/26/resources/52278,4
52311,26,/repositories/26/resources/52311,5
52317,26,/repositories/26/resources/52317,16
52323,26,/repositories/26/resources/52323,22
52329,26,/repositories/26/resources/52329,7
52368,26,/repositories/26/resources/52368,21
52371,26,/repositories/26/resources/52371,4
52377,26,/repositories/26/resources/52377,2
52392,26,/repositories/26/resources/52392,26
52401,26,/repositories/26/resources/52401,108
52404,26,/repositories/26/resources/52404,17
52407,26,/repositories/26/resources/52407,3
52413,26,/repositories/26/resources/52413,3
52416,26,/repositories/26/resources/52416,3
52419,26,/repositories/26/resources/52419,3
52422,26,/repositories/26/resources/52422,29
52425,26,/repositories/26/resources/52425,3
52428,26,/repositories/26/resources/52428,3
52431,26,/repositories/26/resources/52431,2
52434,26,/repositories/26/resources/52434,20
52437,26,/repositories/26/resources/52437,2
52440,26,/repositories/26/resources/52440,3
52443,26,/repositories/26/resources/52443,2
52449,26,/repositories/26/resources/52449,4
52452,26,/repositories/26/resources/52452,3
52454,26,/repositories/26/resources/52454,3
52456,26,/repositories/26/resources/52456,3
52461,26,/repositories/26/resources/52461,3
52464,26,/repositories/26/resources/52464,39
52467,26,/repositories/26/resources/52467,6
52470,26,/repositories/26/resources/52470,3
52473,26,/repositories/26/resources/52473,12
52476,26,/repositories/26/resources/52476,14
52479,26,/repositories/26/resources/52479,3
52482,26,/repositories/26/resources/52482,3
52488,26,/repositories/26/resources/52488,30
52491,26,/repositories/26/resources/52491,5
52494,26,/repositories/26/resources/52494,6
52497,26,/repositories/26/resources/52497,3
52500,26,/repositories/26/resources/52500,3
52503,26,/repositories/26/resources/52503,17
52506,26,/repositories/26/resources/52506,4
52509,26,/repositories/26/resources/52509,6
52512,26,/repositories/26/resources/52512,19
52518,26,/repositories/26/resources/52518,7
52521,26,/repositories/26/resources/52521,14
52527,26,/repositories/26/resources/52527,3
52530,26,/repositories/26/resources/52530,3
52590,26,/repositories/26/resources/52590,2
52602,26,/repositories/26/resources/52602,3
52605,26,/repositories/26/resources/52605,135
52608,26,/repositories/26/resources/52608,32
52614,26,/repositories/26/resources/52614,7
52617,26,/repositories/26/resources/52617,5
52620,26,/repositories/26/resources/52620,4
52625,26,/repositories/26/resources/52625,9
52628,26,/repositories/26/resources/52628,508
52631,26,/repositories/26/resources/52631,5
52634,26,/repositories/26/resources/52634,3
52637,26,/repositories/26/resources/52637,144
52892,26,/repositories/26/resources/52892,146
52946,26,/repositories/26/resources/52946,254
52949,26,/repositories/26/resources/52949,10
52956,26,/repositories/26/resources/52956,542
52959,26,/repositories/26/resources/52959,10
52962,26,/repositories/26/resources/52962,10
52971,26,/repositories/26/resources/52971,6
52974,26,/repositories/26/resources/52974,18
52977,26,/repositories/26/resources/52977,3
52983,26,/repositories/26/resources/52983,3
52989,26,/repositories/26/resources/52989,2
52992,26,/repositories/26/resources/52992,45
52998,26,/repositories/26/resources/52998,38
53010,26,/repositories/26/resources/53010,25
53013,26,/repositories/26/resources/53013,24
53033,26,/repositories/26/resources/53033,36
53039,26,/repositories/26/resources/53039,4
53042,26,/repositories/26/resources/53042,9
53048,26,/repositories/26/resources/53048,15
53051,26,/repositories/26/resources/53051,6
53054,26,/repositories/26/resources/53054,3
53057,26,/repositories/26/resources/53057,8
53063,26,/repositories/26/resources/53063,7
53084,26,/repositories/26/resources/53084,264
53125,26,/repositories/26/resources/53125,2
53155,26,/repositories/26/resources/53155,61
53164,26,/repositories/26/resources/53164,3
53167,26,/repositories/26/resources/53167,3
53170,26,/repositories/26/resources/53170,6
53173,26,/repositories/26/resources/53173,5
53176,26,/repositories/26/resources/53176,8
53179,26,/repositories/26/resources/53179,7
53185,26,/repositories/26/resources/53185,7
53188,26,/repositories/26/resources/53188,4
53209,26,/repositories/26/resources/53209,13
53215,26,/repositories/26/resources/53215,5
53221,26,/repositories/26/resources/53221,3
53227,26,/repositories/26/resources/53227,16
53230,26,/repositories/26/resources/53230,5
53236,26,/repositories/26/resources/53236,3
53248,26,/repositories/26/resources/53248,3
53251,26,/repositories/26/resources/53251,3
53254,26,/repositories/26/resources/53254,8
53260,26,/repositories/26/resources/53260,2
53263,26,/repositories/26/resources/53263,5
53269,26,/repositories/26/resources/53269,4
53276,26,/repositories/26/resources/53276,6
53279,26,/repositories/26/resources/53279,3
53282,26,/repositories/26/resources/53282,15
53285,26,/repositories/26/resources/53285,4
53288,26,/repositories/26/resources/53288,5
53291,26,/repositories/26/resources/53291,4
53300,26,/repositories/26/resources/53300,3
53309,26,/repositories/26/resources/53309,4
53315,26,/repositories/26/resources/53315,4
53337,26,/repositories/26/resources/53337,3
53340,26,/repositories/26/resources/53340,5
5730,27,/repositories/27/resources/5730,3539
5733,27,/repositories/27/resources/5733,1191
5736,27,/repositories/27/resources/5736,231
5739,27,/repositories/27/resources/5739,193
5742,27,/repositories/27/resources/5742,2735
5745,27,/repositories/27/resources/5745,479
5748,27,/repositories/27/resources/5748,336
5749,27,/repositories/27/resources/5749,1600
5752,27,/repositories/27/resources/5752,1951
5754,27,/repositories/27/resources/5754,1306
5757,27,/repositories/27/resources/5757,86
5760,27,/repositories/27/resources/5760,2297
5763,27,/repositories/27/resources/5763,37
5766,27,/repositories/27/resources/5766,1244
5767,27,/repositories/27/resources/5767,65
5768,27,/repositories/27/resources/5768,1672
5771,27,/repositories/27/resources/5771,581
5774,27,/repositories/27/resources/5774,793
5775,27,/repositories/27/resources/5775,1059
5778,27,/repositories/27/resources/5778,1553
5784,27,/repositories/27/resources/5784,4446
5787,27,/repositories/27/resources/5787,892
5788,27,/repositories/27/resources/5788,843
5790,27,/repositories/27/resources/5790,723
5793,27,/repositories/27/resources/5793,1030
5799,27,/repositories/27/resources/5799,14
5802,27,/repositories/27/resources/5802,358
5805,27,/repositories/27/resources/5805,2888
5808,27,/repositories/27/resources/5808,2397
5810,27,/repositories/27/resources/5810,272
5811,27,/repositories/27/resources/5811,1784
5814,27,/repositories/27/resources/5814,6108
5817,27,/repositories/27/resources/5817,679
5823,27,/repositories/27/resources/5823,265
5826,27,/repositories/27/resources/5826,431
5828,27,/repositories/27/resources/5828,170
5831,27,/repositories/27/resources/5831,2471
5832,27,/repositories/27/resources/5832,1162
5834,27,/repositories/27/resources/5834,5118
5836,27,/repositories/27/resources/5836,326
5838,27,/repositories/27/resources/5838,1624
5840,27,/repositories/27/resources/5840,1547
5842,27,/repositories/27/resources/5842,131
5844,27,/repositories/27/resources/5844,1261
5847,27,/repositories/27/resources/5847,129
5850,27,/repositories/27/resources/5850,4551
5853,27,/repositories/27/resources/5853,450
5856,27,/repositories/27/resources/5856,2859
5859,27,/repositories/27/resources/5859,2517
5861,27,/repositories/27/resources/5861,550
5864,27,/repositories/27/resources/5864,776
5867,27,/repositories/27/resources/5867,381
5868,27,/repositories/27/resources/5868,973
5871,27,/repositories/27/resources/5871,1949
5874,27,/repositories/27/resources/5874,153
5877,27,/repositories/27/resources/5877,367
5880,27,/repositories/27/resources/5880,115
5883,27,/repositories/27/resources/5883,129
5886,27,/repositories/27/resources/5886,1215
5888,27,/repositories/27/resources/5888,62
5891,27,/repositories/27/resources/5891,5401
5892,27,/repositories/27/resources/5892,779
5895,27,/repositories/27/resources/5895,1098
5897,27,/repositories/27/resources/5897,3498
5900,27,/repositories/27/resources/5900,2851
5902,27,/repositories/27/resources/5902,247
5903,27,/repositories/27/resources/5903,1742
5904,27,/repositories/27/resources/5904,491
5907,27,/repositories/27/resources/5907,506
5910,27,/repositories/27/resources/5910,202
5913,27,/repositories/27/resources/5913,1119
5914,27,/repositories/27/resources/5914,1335
5915,27,/repositories/27/resources/5915,284
5916,27,/repositories/27/resources/5916,1115
5919,27,/repositories/27/resources/5919,2514
5925,27,/repositories/27/resources/5925,2957
5927,27,/repositories/27/resources/5927,60
5930,27,/repositories/27/resources/5930,123
5933,27,/repositories/27/resources/5933,947
5934,27,/repositories/27/resources/5934,18
5937,27,/repositories/27/resources/5937,1185
5939,27,/repositories/27/resources/5939,986
5940,27,/repositories/27/resources/5940,927
5943,27,/repositories/27/resources/5943,657
5949,27,/repositories/27/resources/5949,299
5952,27,/repositories/27/resources/5952,458
5954,27,/repositories/27/resources/5954,45
5955,27,/repositories/27/resources/5955,15977
5958,27,/repositories/27/resources/5958,1147
5960,27,/repositories/27/resources/5960,1065
5963,27,/repositories/27/resources/5963,273
5964,27,/repositories/27/resources/5964,3713
5965,27,/repositories/27/resources/5965,2734
5967,27,/repositories/27/resources/5967,1394
5970,27,/repositories/27/resources/5970,619
5973,27,/repositories/27/resources/5973,1513
5976,27,/repositories/27/resources/5976,1518
5977,27,/repositories/27/resources/5977,710
5978,27,/repositories/27/resources/5978,259
5980,27,/repositories/27/resources/5980,279
5982,27,/repositories/27/resources/5982,1483
5985,27,/repositories/27/resources/5985,432
5988,27,/repositories/27/resources/5988,1231
5990,27,/repositories/27/resources/5990,256
5991,27,/repositories/27/resources/5991,28
5993,27,/repositories/27/resources/5993,3584
5994,27,/repositories/27/resources/5994,822
5997,27,/repositories/27/resources/5997,1258
6000,27,/repositories/27/resources/6000,997
6003,27,/repositories/27/resources/6003,1278
6006,27,/repositories/27/resources/6006,1409
6009,27,/repositories/27/resources/6009,1228
6012,27,/repositories/27/resources/6012,759
6015,27,/repositories/27/resources/6015,186
6017,27,/repositories/27/resources/6017,507
6018,27,/repositories/27/resources/6018,862
6024,27,/repositories/27/resources/6024,2586
6026,27,/repositories/27/resources/6026,807
6027,27,/repositories/27/resources/6027,231
6030,27,/repositories/27/resources/6030,3618
6033,27,/repositories/27/resources/6033,126
6039,27,/repositories/27/resources/6039,12
6044,27,/repositories/27/resources/6044,20125
6045,27,/repositories/27/resources/6045,47
6048,27,/repositories/27/resources/6048,1364
6051,27,/repositories/27/resources/6051,118
6053,27,/repositories/27/resources/6053,80
6054,27,/repositories/27/resources/6054,531
6057,27,/repositories/27/resources/6057,968
6060,27,/repositories/27/resources/6060,395
6063,27,/repositories/27/resources/6063,141
6065,27,/repositories/27/resources/6065,1034
6067,27,/repositories/27/resources/6067,2273
6069,27,/repositories/27/resources/6069,946
6071,27,/repositories/27/resources/6071,98
6072,27,/repositories/27/resources/6072,174
6075,27,/repositories/27/resources/6075,394
6076,27,/repositories/27/resources/6076,520
6078,27,/repositories/27/resources/6078,561
6080,27,/repositories/27/resources/6080,547
6083,27,/repositories/27/resources/6083,515
6090,27,/repositories/27/resources/6090,47
6093,27,/repositories/27/resources/6093,651
6105,27,/repositories/27/resources/6105,535
6124,27,/repositories/27/resources/6124,684
6147,27,/repositories/27/resources/6147,580
6156,27,/repositories/27/resources/6156,561
6159,27,/repositories/27/resources/6159,530
6161,27,/repositories/27/resources/6161,564
6162,27,/repositories/27/resources/6162,668
6165,27,/repositories/27/resources/6165,560
6170,27,/repositories/27/resources/6170,250
6171,27,/repositories/27/resources/6171,701
6176,27,/repositories/27/resources/6176,564
6177,27,/repositories/27/resources/6177,545
6180,27,/repositories/27/resources/6180,669
6186,27,/repositories/27/resources/6186,677
6198,27,/repositories/27/resources/6198,528
6215,27,/repositories/27/resources/6215,920
6258,27,/repositories/27/resources/6258,526
6271,27,/repositories/27/resources/6271,514
6273,27,/repositories/27/resources/6273,562
6289,27,/repositories/27/resources/6289,529
6292,27,/repositories/27/resources/6292,523
6316,27,/repositories/27/resources/6316,722
6317,27,/repositories/27/resources/6317,878
6322,27,/repositories/27/resources/6322,580
6323,27,/repositories/27/resources/6323,554
6324,27,/repositories/27/resources/6324,538
6333,27,/repositories/27/resources/6333,737
6341,27,/repositories/27/resources/6341,1698
6348,27,/repositories/27/resources/6348,772
6351,27,/repositories/27/resources/6351,536
6356,27,/repositories/27/resources/6356,548
6357,27,/repositories/27/resources/6357,516
6360,27,/repositories/27/resources/6360,900
6363,27,/repositories/27/resources/6363,1049
6369,27,/repositories/27/resources/6369,517
6372,27,/repositories/27/resources/6372,565
6375,27,/repositories/27/resources/6375,572
6384,27,/repositories/27/resources/6384,1387
6402,27,/repositories/27/resources/6402,756
6403,27,/repositories/27/resources/6403,517
6405,27,/repositories/27/resources/6405,925
6408,27,/repositories/27/resources/6408,518
6417,27,/repositories/27/resources/6417,10591
6419,27,/repositories/27/resources/6419,1440
6422,27,/repositories/27/resources/6422,670
6440,27,/repositories/27/resources/6440,613
6444,27,/repositories/27/resources/6444,584
6449,27,/repositories/27/resources/6449,686
6501,27,/repositories/27/resources/6501,540
6504,27,/repositories/27/resources/6504,516
6507,27,/repositories/27/resources/6507,935
6539,27,/repositories/27/resources/6539,513
6555,27,/repositories/27/resources/6555,1019
6585,27,/repositories/27/resources/6585,512
6615,27,/repositories/27/resources/6615,611
6639,27,/repositories/27/resources/6639,992
6661,27,/repositories/27/resources/6661,813
6684,27,/repositories/27/resources/6684,513
6708,27,/repositories/27/resources/6708,850
6717,27,/repositories/27/resources/6717,843
6730,27,/repositories/27/resources/6730,517
6732,27,/repositories/27/resources/6732,513
6753,27,/repositories/27/resources/6753,915
6756,27,/repositories/27/resources/6756,1765
6837,27,/repositories/27/resources/6837,524
6858,27,/repositories/27/resources/6858,665
6884,27,/repositories/27/resources/6884,516
6914,27,/repositories/27/resources/6914,515
7020,27,/repositories/27/resources/7020,517
7022,27,/repositories/27/resources/7022,523
7028,27,/repositories/27/resources/7028,587
7060,27,/repositories/27/resources/7060,1028
7124,27,/repositories/27/resources/7124,1114
7134,27,/repositories/27/resources/7134,2104
7206,27,/repositories/27/resources/7206,518
7239,27,/repositories/27/resources/7239,519
7317,27,/repositories/27/resources/7317,575
7323,27,/repositories/27/resources/7323,563
7365,27,/repositories/27/resources/7365,530
7384,27,/repositories/27/resources/7384,623
7536,27,/repositories/27/resources/7536,3062
7538,27,/repositories/27/resources/7538,1829
7539,27,/repositories/27/resources/7539,698
7541,27,/repositories/27/resources/7541,69
7542,27,/repositories/27/resources/7542,5850
7544,27,/repositories/27/resources/7544,2142
7546,27,/repositories/27/resources/7546,1345
7547,27,/repositories/27/resources/7547,49
7548,27,/repositories/27/resources/7548,17269
7553,27,/repositories/27/resources/7553,311
7554,27,/repositories/27/resources/7554,521
7555,27,/repositories/27/resources/7555,580
7557,27,/repositories/27/resources/7557,1450
7560,27,/repositories/27/resources/7560,106
7563,27,/repositories/27/resources/7563,123
12218,27,/repositories/27/resources/12218,694
12390,27,/repositories/27/resources/12390,2467
12402,27,/repositories/27/resources/12402,164
12430,27,/repositories/27/resources/12430,104
12447,27,/repositories/27/resources/12447,111
12449,27,/repositories/27/resources/12449,2122
12529,27,/repositories/27/resources/12529,34
12537,27,/repositories/27/resources/12537,150
12546,27,/repositories/27/resources/12546,167
12563,27,/repositories/27/resources/12563,571
12677,27,/repositories/27/resources/12677,41
12695,27,/repositories/27/resources/12695,206
12697,27,/repositories/27/resources/12697,7
12707,27,/repositories/27/resources/12707,163
12730,27,/repositories/27/resources/12730,7
12740,27,/repositories/27/resources/12740,83
12768,27,/repositories/27/resources/12768,304
12779,27,/repositories/27/resources/12779,47
12782,27,/repositories/27/resources/12782,5
12784,27,/repositories/27/resources/12784,138
12822,27,/repositories/27/resources/12822,2
12846,27,/repositories/27/resources/12846,52
12857,27,/repositories/27/resources/12857,837
12859,27,/repositories/27/resources/12859,92
12880,27,/repositories/27/resources/12880,4267
12887,27,/repositories/27/resources/12887,134
12890,27,/repositories/27/resources/12890,83
12895,27,/repositories/27/resources/12895,1256
12901,27,/repositories/27/resources/12901,282
12932,27,/repositories/27/resources/12932,14
12941,27,/repositories/27/resources/12941,97
12950,27,/repositories/27/resources/12950,21
12953,27,/repositories/27/resources/12953,81
12956,27,/repositories/27/resources/12956,1513
13018,27,/repositories/27/resources/13018,11
13048,27,/repositories/27/resources/13048,243
13052,27,/repositories/27/resources/13052,47
13061,27,/repositories/27/resources/13061,77
13067,27,/repositories/27/resources/13067,11
13081,27,/repositories/27/resources/13081,231
13090,27,/repositories/27/resources/13090,2115
13582,27,/repositories/27/resources/13582,875
13585,27,/repositories/27/resources/13585,144
13650,27,/repositories/27/resources/13650,16613
13721,27,/repositories/27/resources/13721,481
13766,27,/repositories/27/resources/13766,29
13843,27,/repositories/27/resources/13843,608
13886,27,/repositories/27/resources/13886,84
13894,27,/repositories/27/resources/13894,15
13907,27,/repositories/27/resources/13907,29
13908,27,/repositories/27/resources/13908,12
13918,27,/repositories/27/resources/13918,7
13921,27,/repositories/27/resources/13921,307
13933,27,/repositories/27/resources/13933,42
13961,27,/repositories/27/resources/13961,28
13963,27,/repositories/27/resources/13963,13
14002,27,/repositories/27/resources/14002,25
14073,27,/repositories/27/resources/14073,4
14080,27,/repositories/27/resources/14080,18
14197,27,/repositories/27/resources/14197,2
14199,27,/repositories/27/resources/14199,46
14240,27,/repositories/27/resources/14240,13
14411,27,/repositories/27/resources/14411,11
14438,27,/repositories/27/resources/14438,3
14663,27,/repositories/27/resources/14663,20
14666,27,/repositories/27/resources/14666,35
14690,27,/repositories/27/resources/14690,4
14704,27,/repositories/27/resources/14704,100
14758,27,/repositories/27/resources/14758,10
14816,27,/repositories/27/resources/14816,16
14858,27,/repositories/27/resources/14858,3
14960,27,/repositories/27/resources/14960,2
14969,27,/repositories/27/resources/14969,2
15076,27,/repositories/27/resources/15076,448
15104,27,/repositories/27/resources/15104,5
15145,27,/repositories/27/resources/15145,18
15186,27,/repositories/27/resources/15186,35
15203,27,/repositories/27/resources/15203,3
15230,27,/repositories/27/resources/15230,3
15272,27,/repositories/27/resources/15272,9
15278,27,/repositories/27/resources/15278,7
15305,27,/repositories/27/resources/15305,4
15470,27,/repositories/27/resources/15470,10
15566,27,/repositories/27/resources/15566,2
15629,27,/repositories/27/resources/15629,35
15775,27,/repositories/27/resources/15775,3
15830,27,/repositories/27/resources/15830,64
15836,27,/repositories/27/resources/15836,9
15980,27,/repositories/27/resources/15980,11
15996,27,/repositories/27/resources/15996,59
16036,27,/repositories/27/resources/16036,199
16042,27,/repositories/27/resources/16042,8
16057,27,/repositories/27/resources/16057,24
16151,27,/repositories/27/resources/16151,3
16222,27,/repositories/27/resources/16222,28
16223,27,/repositories/27/resources/16223,42
16312,27,/repositories/27/resources/16312,340
16580,27,/repositories/27/resources/16580,3
16630,27,/repositories/27/resources/16630,14
16666,27,/repositories/27/resources/16666,33
16688,27,/repositories/27/resources/16688,5
16694,27,/repositories/27/resources/16694,4
16724,27,/repositories/27/resources/16724,4
16727,27,/repositories/27/resources/16727,31
16878,27,/repositories/27/resources/16878,392
16880,27,/repositories/27/resources/16880,105
16882,27,/repositories/27/resources/16882,28
16889,27,/repositories/27/resources/16889,82
16892,27,/repositories/27/resources/16892,15
16907,27,/repositories/27/resources/16907,87
16910,27,/repositories/27/resources/16910,5
16915,27,/repositories/27/resources/16915,3
17257,27,/repositories/27/resources/17257,2
17925,27,/repositories/27/resources/17925,23
17926,27,/repositories/27/resources/17926,24
17999,27,/repositories/27/resources/17999,2
18110,27,/repositories/27/resources/18110,5
18176,27,/repositories/27/resources/18176,24
18185,27,/repositories/27/resources/18185,6
18209,27,/repositories/27/resources/18209,44
18213,27,/repositories/27/resources/18213,58
18215,27,/repositories/27/resources/18215,54
18226,27,/repositories/27/resources/18226,25
18232,27,/repositories/27/resources/18232,178
18235,27,/repositories/27/resources/18235,51
18239,27,/repositories/27/resources/18239,40
18242,27,/repositories/27/resources/18242,21
18250,27,/repositories/27/resources/18250,70
18251,27,/repositories/27/resources/18251,7
18257,27,/repositories/27/resources/18257,3
18261,27,/repositories/27/resources/18261,17
18266,27,/repositories/27/resources/18266,12
18269,27,/repositories/27/resources/18269,8
18275,27,/repositories/27/resources/18275,3
18293,27,/repositories/27/resources/18293,6
18296,27,/repositories/27/resources/18296,4
18299,27,/repositories/27/resources/18299,6
18302,27,/repositories/27/resources/18302,23
18305,27,/repositories/27/resources/18305,20
18308,27,/repositories/27/resources/18308,3
18311,27,/repositories/27/resources/18311,7
18314,27,/repositories/27/resources/18314,21
18317,27,/repositories/27/resources/18317,30
18320,27,/repositories/27/resources/18320,14
18323,27,/repositories/27/resources/18323,15
18326,27,/repositories/27/resources/18326,45
18329,27,/repositories/27/resources/18329,20
18330,27,/repositories/27/resources/18330,125
18331,27,/repositories/27/resources/18331,10
18332,27,/repositories/27/resources/18332,8
18341,27,/repositories/27/resources/18341,30
18343,27,/repositories/27/resources/18343,2
18346,27,/repositories/27/resources/18346,21
18349,27,/repositories/27/resources/18349,28
18352,27,/repositories/27/resources/18352,147
18359,27,/repositories/27/resources/18359,184
18361,27,/repositories/27/resources/18361,3
18362,27,/repositories/27/resources/18362,86
18365,27,/repositories/27/resources/18365,15
18368,27,/repositories/27/resources/18368,13
18449,27,/repositories/27/resources/18449,3
18614,27,/repositories/27/resources/18614,2
19544,27,/repositories/27/resources/19544,6
19668,27,/repositories/27/resources/19668,12
20504,27,/repositories/27/resources/20504,12
21098,27,/repositories/27/resources/21098,3
21554,27,/repositories/27/resources/21554,2
21704,27,/repositories/27/resources/21704,4
21719,27,/repositories/27/resources/21719,4
22025,27,/repositories/27/resources/22025,2
22622,27,/repositories/27/resources/22622,3
22967,27,/repositories/27/resources/22967,58
23000,27,/repositories/27/resources/23000,189
23234,27,/repositories/27/resources/23234,115
23235,27,/repositories/27/resources/23235,8
23348,27,/repositories/27/resources/23348,21
23647,27,/repositories/27/resources/23647,5
23759,27,/repositories/27/resources/23759,85
24256,27,/repositories/27/resources/24256,5
24379,27,/repositories/27/resources/24379,2
24613,27,/repositories/27/resources/24613,3
24851,27,/repositories/27/resources/24851,55
24995,27,/repositories/27/resources/24995,27
25129,27,/repositories/27/resources/25129,10
25184,27,/repositories/27/resources/25184,4
25186,27,/repositories/27/resources/25186,14
25199,27,/repositories/27/resources/25199,17
25202,27,/repositories/27/resources/25202,9
25216,27,/repositories/27/resources/25216,6
25292,27,/repositories/27/resources/25292,4
25331,27,/repositories/27/resources/25331,26
25364,27,/repositories/27/resources/25364,11
25477,27,/repositories/27/resources/25477,7
25607,27,/repositories/27/resources/25607,4
25635,27,/repositories/27/resources/25635,4
25675,27,/repositories/27/resources/25675,85
26414,27,/repositories/27/resources/26414,4
26465,27,/repositories/27/resources/26465,6
26506,27,/repositories/27/resources/26506,3
26524,27,/repositories/27/resources/26524,4
26662,27,/repositories/27/resources/26662,2
26848,27,/repositories/27/resources/26848,50
26855,27,/repositories/27/resources/26855,5
26863,27,/repositories/27/resources/26863,24
26867,27,/repositories/27/resources/26867,31
26868,27,/repositories/27/resources/26868,73
26871,27,/repositories/27/resources/26871,10
26875,27,/repositories/27/resources/26875,26
26878,27,/repositories/27/resources/26878,32
26879,27,/repositories/27/resources/26879,42
26883,27,/repositories/27/resources/26883,10
26902,27,/repositories/27/resources/26902,4
26934,27,/repositories/27/resources/26934,10
26938,27,/repositories/27/resources/26938,30
26994,27,/repositories/27/resources/26994,44
27015,27,/repositories/27/resources/27015,2
27018,27,/repositories/27/resources/27018,40
27956,27,/repositories/27/resources/27956,7
51720,27,/repositories/27/resources/51720,13990
52124,27,/repositories/27/resources/52124,179
52136,27,/repositories/27/resources/52136,23177
52145,27,/repositories/27/resources/52145,10943
52148,27,/repositories/27/resources/52148,15478
52374,27,/repositories/27/resources/52374,81
52649,27,/repositories/27/resources/52649,56
52655,27,/repositories/27/resources/52655,3
52658,27,/repositories/27/resources/52658,10
52685,27,/repositories/27/resources/52685,3
52691,27,/repositories/27/resources/52691,4
52697,27,/repositories/27/resources/52697,50
52700,27,/repositories/27/resources/52700,8
52703,27,/repositories/27/resources/52703,46
52724,27,/repositories/27/resources/52724,8
52730,27,/repositories/27/resources/52730,163
52733,27,/repositories/27/resources/52733,3
52826,27,/repositories/27/resources/52826,31
52850,27,/repositories/27/resources/52850,35
52868,27,/repositories/27/resources/52868,3
52916,27,/repositories/27/resources/52916,3
52919,27,/repositories/27/resources/52919,3
53245,27,/repositories/27/resources/53245,2902
53705,27,/repositories/27/resources/53705,40
53732,27,/repositories/27/resources/53732,102
53937,27,/repositories/27/resources/53937,85
54010,27,/repositories/27/resources/54010,49
54289,27,/repositories/27/resources/54289,2
54329,27,/repositories/27/resources/54329,12
54333,27,/repositories/27/resources/54333,87
54338,27,/repositories/27/resources/54338,6
54437,27,/repositories/27/resources/54437,41
54442,27,/repositories/27/resources/54442,18
54451,27,/repositories/27/resources/54451,4
54508,27,/repositories/27/resources/54508,86
54553,27,/repositories/27/resources/54553,93
54575,27,/repositories/27/resources/54575,35
54578,27,/repositories/27/resources/54578,57
54605,27,/repositories/27/resources/54605,22
54618,27,/repositories/27/resources/54618,12
54624,27,/repositories/27/resources/54624,5
54631,27,/repositories/27/resources/54631,2082
54643,27,/repositories/27/resources/54643,32
54693,27,/repositories/27/resources/54693,609
54729,27,/repositories/27/resources/54729,4
54814,27,/repositories/27/resources/54814,270
54825,27,/repositories/27/resources/54825,1944
54923,27,/repositories/27/resources/54923,1542
54990,27,/repositories/27/resources/54990,203
55012,27,/repositories/27/resources/55012,7
55015,27,/repositories/27/resources/55015,800
7565,30,/repositories/30/resources/7565,603
7568,30,/repositories/30/resources/7568,728
7570,30,/repositories/30/resources/7570,1887
7572,30,/repositories/30/resources/7572,622
7575,30,/repositories/30/resources/7575,263
7577,30,/repositories/30/resources/7577,78
7578,30,/repositories/30/resources/7578,64
7581,30,/repositories/30/resources/7581,763
7584,30,/repositories/30/resources/7584,585
7586,30,/repositories/30/resources/7586,583
7589,30,/repositories/30/resources/7589,541
7590,30,/repositories/30/resources/7590,86
7593,30,/repositories/30/resources/7593,533
7596,30,/repositories/30/resources/7596,641
7599,30,/repositories/30/resources/7599,1005
7602,30,/repositories/30/resources/7602,550
7605,30,/repositories/30/resources/7605,23
7608,30,/repositories/30/resources/7608,580
7611,30,/repositories/30/resources/7611,600
7614,30,/repositories/30/resources/7614,616
7616,30,/repositories/30/resources/7616,2376
7617,30,/repositories/30/resources/7617,1425
7620,30,/repositories/30/resources/7620,646
7622,30,/repositories/30/resources/7622,2257
7623,30,/repositories/30/resources/7623,550
7626,30,/repositories/30/resources/7626,637
7627,30,/repositories/30/resources/7627,11091
7628,30,/repositories/30/resources/7628,1321
7629,30,/repositories/30/resources/7629,736
7631,30,/repositories/30/resources/7631,598
7633,30,/repositories/30/resources/7633,1614
7635,30,/repositories/30/resources/7635,1463
7637,30,/repositories/30/resources/7637,2063
7639,30,/repositories/30/resources/7639,4899
7641,30,/repositories/30/resources/7641,61
7643,30,/repositories/30/resources/7643,168
7646,30,/repositories/30/resources/7646,97
7647,30,/repositories/30/resources/7647,797
7650,30,/repositories/30/resources/7650,910
7652,30,/repositories/30/resources/7652,2158
7653,30,/repositories/30/resources/7653,585
7656,30,/repositories/30/resources/7656,1122
7659,30,/repositories/30/resources/7659,856
7661,30,/repositories/30/resources/7661,587
7662,30,/repositories/30/resources/7662,2253
7665,30,/repositories/30/resources/7665,2504
7668,30,/repositories/30/resources/7668,554
7671,30,/repositories/30/resources/7671,656
7673,30,/repositories/30/resources/7673,748
7676,30,/repositories/30/resources/7676,684
7677,30,/repositories/30/resources/7677,746
7680,30,/repositories/30/resources/7680,693
7683,30,/repositories/30/resources/7683,101
7686,30,/repositories/30/resources/7686,62
7688,30,/repositories/30/resources/7688,36
7691,30,/repositories/30/resources/7691,974
7694,30,/repositories/30/resources/7694,1219
7695,30,/repositories/30/resources/7695,631
7697,30,/repositories/30/resources/7697,28
7698,30,/repositories/30/resources/7698,646
7704,30,/repositories/30/resources/7704,779
7705,30,/repositories/30/resources/7705,58
7707,30,/repositories/30/resources/7707,879
7710,30,/repositories/30/resources/7710,18
7712,30,/repositories/30/resources/7712,652
7713,30,/repositories/30/resources/7713,1066
7716,30,/repositories/30/resources/7716,319
7719,30,/repositories/30/resources/7719,617
7720,30,/repositories/30/resources/7720,771
7722,30,/repositories/30/resources/7722,714
7725,30,/repositories/30/resources/7725,612
7728,30,/repositories/30/resources/7728,473
7730,30,/repositories/30/resources/7730,91
7731,30,/repositories/30/resources/7731,897
7733,30,/repositories/30/resources/7733,115
7736,30,/repositories/30/resources/7736,604
7739,30,/repositories/30/resources/7739,627
7741,30,/repositories/30/resources/7741,518
7744,30,/repositories/30/resources/7744,123
7746,30,/repositories/30/resources/7746,717
7749,30,/repositories/30/resources/7749,763
7751,30,/repositories/30/resources/7751,62
7752,30,/repositories/30/resources/7752,436
7755,30,/repositories/30/resources/7755,551
7758,30,/repositories/30/resources/7758,800
7761,30,/repositories/30/resources/7761,83
7764,30,/repositories/30/resources/7764,654
7766,30,/repositories/30/resources/7766,652
7768,30,/repositories/30/resources/7768,693
7771,30,/repositories/30/resources/7771,1750
7773,30,/repositories/30/resources/7773,19
7776,30,/repositories/30/resources/7776,845
7779,30,/repositories/30/resources/7779,906
7780,30,/repositories/30/resources/7780,831
7782,30,/repositories/30/resources/7782,732
7785,30,/repositories/30/resources/7785,554
7788,30,/repositories/30/resources/7788,181
7790,30,/repositories/30/resources/7790,15
7793,30,/repositories/30/resources/7793,1119
7794,30,/repositories/30/resources/7794,177
7797,30,/repositories/30/resources/7797,521
7800,30,/repositories/30/resources/7800,1192
7803,30,/repositories/30/resources/7803,967
7806,30,/repositories/30/resources/7806,789
7809,30,/repositories/30/resources/7809,533
7812,30,/repositories/30/resources/7812,972
7815,30,/repositories/30/resources/7815,1061
7818,30,/repositories/30/resources/7818,557
7820,30,/repositories/30/resources/7820,1978
7821,30,/repositories/30/resources/7821,1120
7824,30,/repositories/30/resources/7824,3045
7826,30,/repositories/30/resources/7826,3840
7827,30,/repositories/30/resources/7827,50
7830,30,/repositories/30/resources/7830,90
7833,30,/repositories/30/resources/7833,1146
7836,30,/repositories/30/resources/7836,904
7837,30,/repositories/30/resources/7837,98
7839,30,/repositories/30/resources/7839,49
7842,30,/repositories/30/resources/7842,699
7845,30,/repositories/30/resources/7845,1041
7846,30,/repositories/30/resources/7846,898
7848,30,/repositories/30/resources/7848,662
7851,30,/repositories/30/resources/7851,59
7854,30,/repositories/30/resources/7854,1264
7857,30,/repositories/30/resources/7857,587
7858,30,/repositories/30/resources/7858,1185
7861,30,/repositories/30/resources/7861,94
7862,30,/repositories/30/resources/7862,1008
7863,30,/repositories/30/resources/7863,112
7866,30,/repositories/30/resources/7866,3901
7869,30,/repositories/30/resources/7869,956
7872,30,/repositories/30/resources/7872,668
7873,30,/repositories/30/resources/7873,534
7875,30,/repositories/30/resources/7875,926
7876,30,/repositories/30/resources/7876,392
7879,30,/repositories/30/resources/7879,25
7881,30,/repositories/30/resources/7881,674
7883,30,/repositories/30/resources/7883,137
7885,30,/repositories/30/resources/7885,1413
7887,30,/repositories/30/resources/7887,1057
7890,30,/repositories/30/resources/7890,523
7891,30,/repositories/30/resources/7891,562
7893,30,/repositories/30/resources/7893,1837
7895,30,/repositories/30/resources/7895,750
7896,30,/repositories/30/resources/7896,110
7898,30,/repositories/30/resources/7898,613
7899,30,/repositories/30/resources/7899,55
7902,30,/repositories/30/resources/7902,788
7905,30,/repositories/30/resources/7905,23
7908,30,/repositories/30/resources/7908,569
7911,30,/repositories/30/resources/7911,745
7912,30,/repositories/30/resources/7912,644
7914,30,/repositories/30/resources/7914,1169
7917,30,/repositories/30/resources/7917,11268
7920,30,/repositories/30/resources/7920,658
7923,30,/repositories/30/resources/7923,52
7926,30,/repositories/30/resources/7926,35
7929,30,/repositories/30/resources/7929,543
7930,30,/repositories/30/resources/7930,1501
7932,30,/repositories/30/resources/7932,635
7935,30,/repositories/30/resources/7935,1357
7938,30,/repositories/30/resources/7938,675
7941,30,/repositories/30/resources/7941,2946
7942,30,/repositories/30/resources/7942,1287
7943,30,/repositories/30/resources/7943,552
7946,30,/repositories/30/resources/7946,765
7949,30,/repositories/30/resources/7949,1227
7950,30,/repositories/30/resources/7950,681
7953,30,/repositories/30/resources/7953,823
7956,30,/repositories/30/resources/7956,657
7958,30,/repositories/30/resources/7958,559
7959,30,/repositories/30/resources/7959,754
7962,30,/repositories/30/resources/7962,45
7963,30,/repositories/30/resources/7963,611
7965,30,/repositories/30/resources/7965,18
7966,30,/repositories/30/resources/7966,547
7969,30,/repositories/30/resources/7969,198
7972,30,/repositories/30/resources/7972,678
7973,30,/repositories/30/resources/7973,530
7975,30,/repositories/30/resources/7975,546
7976,30,/repositories/30/resources/7976,617
7977,30,/repositories/30/resources/7977,595
7979,30,/repositories/30/resources/7979,79
7980,30,/repositories/30/resources/7980,649
7983,30,/repositories/30/resources/7983,144
7985,30,/repositories/30/resources/7985,43
7988,30,/repositories/30/resources/7988,570
7989,30,/repositories/30/resources/7989,620
7992,30,/repositories/30/resources/7992,729
7995,30,/repositories/30/resources/7995,661
7997,30,/repositories/30/resources/7997,1857
7998,30,/repositories/30/resources/7998,2283
7999,30,/repositories/30/resources/7999,628
8001,30,/repositories/30/resources/8001,576
8003,30,/repositories/30/resources/8003,202
8004,30,/repositories/30/resources/8004,1021
8007,30,/repositories/30/resources/8007,1019
8009,30,/repositories/30/resources/8009,552
8010,30,/repositories/30/resources/8010,536
8013,30,/repositories/30/resources/8013,1025
8014,30,/repositories/30/resources/8014,547
8016,30,/repositories/30/resources/8016,567
8019,30,/repositories/30/resources/8019,654
8021,30,/repositories/30/resources/8021,444
8022,30,/repositories/30/resources/8022,758
8025,30,/repositories/30/resources/8025,709
8027,30,/repositories/30/resources/8027,697
8028,30,/repositories/30/resources/8028,24
8031,30,/repositories/30/resources/8031,1304
8034,30,/repositories/30/resources/8034,750
8036,30,/repositories/30/resources/8036,576
8038,30,/repositories/30/resources/8038,1633
8041,30,/repositories/30/resources/8041,774
8043,30,/repositories/30/resources/8043,892
8046,30,/repositories/30/resources/8046,636
8049,30,/repositories/30/resources/8049,1404
8052,30,/repositories/30/resources/8052,602
8055,30,/repositories/30/resources/8055,784
8056,30,/repositories/30/resources/8056,824
8057,30,/repositories/30/resources/8057,2173
8058,30,/repositories/30/resources/8058,653
8060,30,/repositories/30/resources/8060,726
8063,30,/repositories/30/resources/8063,757
8064,30,/repositories/30/resources/8064,831
8065,30,/repositories/30/resources/8065,1594
8067,30,/repositories/30/resources/8067,580
8070,30,/repositories/30/resources/8070,1467
8073,30,/repositories/30/resources/8073,146
8074,30,/repositories/30/resources/8074,180
8075,30,/repositories/30/resources/8075,863
8078,30,/repositories/30/resources/8078,149
8081,30,/repositories/30/resources/8081,522
8082,30,/repositories/30/resources/8082,81
8084,30,/repositories/30/resources/8084,550
8085,30,/repositories/30/resources/8085,660
8088,30,/repositories/30/resources/8088,597
8090,30,/repositories/30/resources/8090,567
8091,30,/repositories/30/resources/8091,19
8094,30,/repositories/30/resources/8094,548
8097,30,/repositories/30/resources/8097,96
8100,30,/repositories/30/resources/8100,630
8102,30,/repositories/30/resources/8102,678
8103,30,/repositories/30/resources/8103,764
8106,30,/repositories/30/resources/8106,531
8109,30,/repositories/30/resources/8109,2332
8111,30,/repositories/30/resources/8111,1174
8114,30,/repositories/30/resources/8114,540
8115,30,/repositories/30/resources/8115,1260
8118,30,/repositories/30/resources/8118,902
8121,30,/repositories/30/resources/8121,722
8123,30,/repositories/30/resources/8123,644
8126,30,/repositories/30/resources/8126,3617
8127,30,/repositories/30/resources/8127,53
8129,30,/repositories/30/resources/8129,534
8130,30,/repositories/30/resources/8130,64
8131,30,/repositories/30/resources/8131,704
8133,30,/repositories/30/resources/8133,874
8136,30,/repositories/30/resources/8136,539
8139,30,/repositories/30/resources/8139,664
8142,30,/repositories/30/resources/8142,113
8144,30,/repositories/30/resources/8144,724
8146,30,/repositories/30/resources/8146,605
8148,30,/repositories/30/resources/8148,155
8150,30,/repositories/30/resources/8150,919
8151,30,/repositories/30/resources/8151,524
8154,30,/repositories/30/resources/8154,608
8155,30,/repositories/30/resources/8155,143
8157,30,/repositories/30/resources/8157,127
8158,30,/repositories/30/resources/8158,29
8159,30,/repositories/30/resources/8159,151
8162,30,/repositories/30/resources/8162,556
8163,30,/repositories/30/resources/8163,622
8164,30,/repositories/30/resources/8164,1440
8165,30,/repositories/30/resources/8165,988
8166,30,/repositories/30/resources/8166,660
8169,30,/repositories/30/resources/8169,875
8171,30,/repositories/30/resources/8171,72
8172,30,/repositories/30/resources/8172,418
8175,30,/repositories/30/resources/8175,90
8176,30,/repositories/30/resources/8176,365
8177,30,/repositories/30/resources/8177,2238
8178,30,/repositories/30/resources/8178,596
8181,30,/repositories/30/resources/8181,26
8184,30,/repositories/30/resources/8184,796
8185,30,/repositories/30/resources/8185,3168
8188,30,/repositories/30/resources/8188,221
8190,30,/repositories/30/resources/8190,1651
8193,30,/repositories/30/resources/8193,2234
8196,30,/repositories/30/resources/8196,876
8199,30,/repositories/30/resources/8199,1129
8202,30,/repositories/30/resources/8202,30
8205,30,/repositories/30/resources/8205,2024
8208,30,/repositories/30/resources/8208,932
8211,30,/repositories/30/resources/8211,985
8213,30,/repositories/30/resources/8213,2316
8214,30,/repositories/30/resources/8214,851
8216,30,/repositories/30/resources/8216,532
8219,30,/repositories/30/resources/8219,132
8220,30,/repositories/30/resources/8220,904
8223,30,/repositories/30/resources/8223,1137
8226,30,/repositories/30/resources/8226,610
8229,30,/repositories/30/resources/8229,946
8232,30,/repositories/30/resources/8232,540
8235,30,/repositories/30/resources/8235,452
8238,30,/repositories/30/resources/8238,207
8241,30,/repositories/30/resources/8241,32
8244,30,/repositories/30/resources/8244,732
8246,30,/repositories/30/resources/8246,31
8247,30,/repositories/30/resources/8247,1354
8250,30,/repositories/30/resources/8250,205
8253,30,/repositories/30/resources/8253,585
8256,30,/repositories/30/resources/8256,1632
8257,30,/repositories/30/resources/8257,849
8258,30,/repositories/30/resources/8258,201
8259,30,/repositories/30/resources/8259,1457
8262,30,/repositories/30/resources/8262,818
8265,30,/repositories/30/resources/8265,284
8268,30,/repositories/30/resources/8268,21
8271,30,/repositories/30/resources/8271,524
8273,30,/repositories/30/resources/8273,1429
8275,30,/repositories/30/resources/8275,86
8277,30,/repositories/30/resources/8277,664
8279,30,/repositories/30/resources/8279,678
8282,30,/repositories/30/resources/8282,552
8283,30,/repositories/30/resources/8283,946
8285,30,/repositories/30/resources/8285,533
8286,30,/repositories/30/resources/8286,667
8289,30,/repositories/30/resources/8289,761
8291,30,/repositories/30/resources/8291,803
8292,30,/repositories/30/resources/8292,587
8295,30,/repositories/30/resources/8295,573
8298,30,/repositories/30/resources/8298,672
8301,30,/repositories/30/resources/8301,50
8304,30,/repositories/30/resources/8304,589
8306,30,/repositories/30/resources/8306,633
8309,30,/repositories/30/resources/8309,537
8310,30,/repositories/30/resources/8310,654
8313,30,/repositories/30/resources/8313,227
8316,30,/repositories/30/resources/8316,995
8318,30,/repositories/30/resources/8318,671
8321,30,/repositories/30/resources/8321,1582
8322,30,/repositories/30/resources/8322,145
8324,30,/repositories/30/resources/8324,678
8325,30,/repositories/30/resources/8325,711
8328,30,/repositories/30/resources/8328,874
8331,30,/repositories/30/resources/8331,1046
8332,30,/repositories/30/resources/8332,548
8334,30,/repositories/30/resources/8334,1147
8337,30,/repositories/30/resources/8337,255
8340,30,/repositories/30/resources/8340,1133
8343,30,/repositories/30/resources/8343,552
8345,30,/repositories/30/resources/8345,627
8346,30,/repositories/30/resources/8346,646
8349,30,/repositories/30/resources/8349,712
8352,30,/repositories/30/resources/8352,1109
8355,30,/repositories/30/resources/8355,571
8358,30,/repositories/30/resources/8358,684
8361,30,/repositories/30/resources/8361,171
8364,30,/repositories/30/resources/8364,596
8367,30,/repositories/30/resources/8367,598
8370,30,/repositories/30/resources/8370,869
8373,30,/repositories/30/resources/8373,340
8376,30,/repositories/30/resources/8376,134
8377,30,/repositories/30/resources/8377,1945
8379,30,/repositories/30/resources/8379,992
8382,30,/repositories/30/resources/8382,337
8385,30,/repositories/30/resources/8385,621
8388,30,/repositories/30/resources/8388,627
8391,30,/repositories/30/resources/8391,899
8394,30,/repositories/30/resources/8394,791
8395,30,/repositories/30/resources/8395,779
8397,30,/repositories/30/resources/8397,1109
8400,30,/repositories/30/resources/8400,69
8402,30,/repositories/30/resources/8402,646
8403,30,/repositories/30/resources/8403,532
8406,30,/repositories/30/resources/8406,1193
8408,30,/repositories/30/resources/8408,1778
8411,30,/repositories/30/resources/8411,1533
8414,30,/repositories/30/resources/8414,360
8416,30,/repositories/30/resources/8416,718
8418,30,/repositories/30/resources/8418,100
8420,30,/repositories/30/resources/8420,841
8421,30,/repositories/30/resources/8421,571
8424,30,/repositories/30/resources/8424,666
8427,30,/repositories/30/resources/8427,812
8430,30,/repositories/30/resources/8430,616
8433,30,/repositories/30/resources/8433,34
8436,30,/repositories/30/resources/8436,866
8439,30,/repositories/30/resources/8439,1945
8440,30,/repositories/30/resources/8440,118
8441,30,/repositories/30/resources/8441,35
8442,30,/repositories/30/resources/8442,2055
8445,30,/repositories/30/resources/8445,2596
8448,30,/repositories/30/resources/8448,226
8450,30,/repositories/30/resources/8450,541
8451,30,/repositories/30/resources/8451,606
8454,30,/repositories/30/resources/8454,548
8455,30,/repositories/30/resources/8455,591
8457,30,/repositories/30/resources/8457,106
8460,30,/repositories/30/resources/8460,327
8461,30,/repositories/30/resources/8461,821
8463,30,/repositories/30/resources/8463,1161
8465,30,/repositories/30/resources/8465,344
8466,30,/repositories/30/resources/8466,584
8469,30,/repositories/30/resources/8469,39
8472,30,/repositories/30/resources/8472,200
8475,30,/repositories/30/resources/8475,567
8478,30,/repositories/30/resources/8478,781
8481,30,/repositories/30/resources/8481,1322
8483,30,/repositories/30/resources/8483,1004
8484,30,/repositories/30/resources/8484,900
8486,30,/repositories/30/resources/8486,712
8487,30,/repositories/30/resources/8487,555
8488,30,/repositories/30/resources/8488,1378
8490,30,/repositories/30/resources/8490,1262
8493,30,/repositories/30/resources/8493,1150
8495,30,/repositories/30/resources/8495,17902
8498,30,/repositories/30/resources/8498,772
8500,30,/repositories/30/resources/8500,2900
8502,30,/repositories/30/resources/8502,1151
8503,30,/repositories/30/resources/8503,83
8505,30,/repositories/30/resources/8505,585
8508,30,/repositories/30/resources/8508,40
8510,30,/repositories/30/resources/8510,69
8513,30,/repositories/30/resources/8513,545
8516,30,/repositories/30/resources/8516,1869
8519,30,/repositories/30/resources/8519,610
8521,30,/repositories/30/resources/8521,82
8523,30,/repositories/30/resources/8523,870
8525,30,/repositories/30/resources/8525,849
8526,30,/repositories/30/resources/8526,1780
8528,30,/repositories/30/resources/8528,691
8529,30,/repositories/30/resources/8529,114
8531,30,/repositories/30/resources/8531,925
8532,30,/repositories/30/resources/8532,587
8535,30,/repositories/30/resources/8535,560
8538,30,/repositories/30/resources/8538,581
8541,30,/repositories/30/resources/8541,5540
8544,30,/repositories/30/resources/8544,643
8545,30,/repositories/30/resources/8545,533
8546,30,/repositories/30/resources/8546,1917
8547,30,/repositories/30/resources/8547,930
8549,30,/repositories/30/resources/8549,622
8550,30,/repositories/30/resources/8550,64
8553,30,/repositories/30/resources/8553,994
8554,30,/repositories/30/resources/8554,71
8556,30,/repositories/30/resources/8556,154
8559,30,/repositories/30/resources/8559,1213
8561,30,/repositories/30/resources/8561,104
8562,30,/repositories/30/resources/8562,46
8565,30,/repositories/30/resources/8565,810
8568,30,/repositories/30/resources/8568,175
8570,30,/repositories/30/resources/8570,169
8571,30,/repositories/30/resources/8571,88
8574,30,/repositories/30/resources/8574,869
8577,30,/repositories/30/resources/8577,5396
8578,30,/repositories/30/resources/8578,1056
8580,30,/repositories/30/resources/8580,631
8581,30,/repositories/30/resources/8581,1220
8583,30,/repositories/30/resources/8583,1867
8586,30,/repositories/30/resources/8586,1372
8589,30,/repositories/30/resources/8589,2450
8591,30,/repositories/30/resources/8591,867
8594,30,/repositories/30/resources/8594,414
8597,30,/repositories/30/resources/8597,566
8599,30,/repositories/30/resources/8599,870
8600,30,/repositories/30/resources/8600,715
8601,30,/repositories/30/resources/8601,53
8604,30,/repositories/30/resources/8604,896
8607,30,/repositories/30/resources/8607,1697
8608,30,/repositories/30/resources/8608,609
8610,30,/repositories/30/resources/8610,137
8613,30,/repositories/30/resources/8613,1369
8616,30,/repositories/30/resources/8616,534
8618,30,/repositories/30/resources/8618,842
8619,30,/repositories/30/resources/8619,759
8621,30,/repositories/30/resources/8621,819
8624,30,/repositories/30/resources/8624,572
8626,30,/repositories/30/resources/8626,693
8628,30,/repositories/30/resources/8628,35
8631,30,/repositories/30/resources/8631,923
8634,30,/repositories/30/resources/8634,1182
8636,30,/repositories/30/resources/8636,966
8637,30,/repositories/30/resources/8637,527
8640,30,/repositories/30/resources/8640,15686
8643,30,/repositories/30/resources/8643,793
8646,30,/repositories/30/resources/8646,799
8647,30,/repositories/30/resources/8647,1514
8649,30,/repositories/30/resources/8649,1533
8652,30,/repositories/30/resources/8652,828
8655,30,/repositories/30/resources/8655,654
8657,30,/repositories/30/resources/8657,1911
8658,30,/repositories/30/resources/8658,1899
8661,30,/repositories/30/resources/8661,4335
8664,30,/repositories/30/resources/8664,190
8667,30,/repositories/30/resources/8667,1449
8669,30,/repositories/30/resources/8669,693
8670,30,/repositories/30/resources/8670,565
8673,30,/repositories/30/resources/8673,728
8676,30,/repositories/30/resources/8676,145
8677,30,/repositories/30/resources/8677,1647
8678,30,/repositories/30/resources/8678,52
8681,30,/repositories/30/resources/8681,958
8684,30,/repositories/30/resources/8684,19
8685,30,/repositories/30/resources/8685,303
8687,30,/repositories/30/resources/8687,831
8688,30,/repositories/30/resources/8688,45
8691,30,/repositories/30/resources/8691,661
8694,30,/repositories/30/resources/8694,14532
8699,30,/repositories/30/resources/8699,711
8700,30,/repositories/30/resources/8700,945
8702,30,/repositories/30/resources/8702,895
8705,30,/repositories/30/resources/8705,660
8706,30,/repositories/30/resources/8706,735
8707,30,/repositories/30/resources/8707,910
8709,30,/repositories/30/resources/8709,147
8712,30,/repositories/30/resources/8712,913
8713,30,/repositories/30/resources/8713,1040
8716,30,/repositories/30/resources/8716,885
8719,30,/repositories/30/resources/8719,593
8721,30,/repositories/30/resources/8721,638
8724,30,/repositories/30/resources/8724,2796
8726,30,/repositories/30/resources/8726,715
8729,30,/repositories/30/resources/8729,2759
8732,30,/repositories/30/resources/8732,204
8733,30,/repositories/30/resources/8733,845
8734,30,/repositories/30/resources/8734,638
8736,30,/repositories/30/resources/8736,648
8738,30,/repositories/30/resources/8738,663
8739,30,/repositories/30/resources/8739,848
8742,30,/repositories/30/resources/8742,21
8745,30,/repositories/30/resources/8745,578
8748,30,/repositories/30/resources/8748,1509
8751,30,/repositories/30/resources/8751,726
8754,30,/repositories/30/resources/8754,54
8757,30,/repositories/30/resources/8757,918
8760,30,/repositories/30/resources/8760,194
8762,30,/repositories/30/resources/8762,550
8763,30,/repositories/30/resources/8763,6250
8766,30,/repositories/30/resources/8766,1088
8769,30,/repositories/30/resources/8769,41
8771,30,/repositories/30/resources/8771,1757
8772,30,/repositories/30/resources/8772,537
8775,30,/repositories/30/resources/8775,24
8776,30,/repositories/30/resources/8776,731
8778,30,/repositories/30/resources/8778,184
8781,30,/repositories/30/resources/8781,1004
8784,30,/repositories/30/resources/8784,24
8787,30,/repositories/30/resources/8787,670
8789,30,/repositories/30/resources/8789,112
8790,30,/repositories/30/resources/8790,213
8793,30,/repositories/30/resources/8793,620
8796,30,/repositories/30/resources/8796,629
8799,30,/repositories/30/resources/8799,702
8802,30,/repositories/30/resources/8802,787
8805,30,/repositories/30/resources/8805,556
8808,30,/repositories/30/resources/8808,620
8811,30,/repositories/30/resources/8811,964
8814,30,/repositories/30/resources/8814,589
8816,30,/repositories/30/resources/8816,1559
8817,30,/repositories/30/resources/8817,576
8820,30,/repositories/30/resources/8820,911
8821,30,/repositories/30/resources/8821,586
8822,30,/repositories/30/resources/8822,886
8824,30,/repositories/30/resources/8824,376
8826,30,/repositories/30/resources/8826,42
8829,30,/repositories/30/resources/8829,1038
8832,30,/repositories/30/resources/8832,132
8833,30,/repositories/30/resources/8833,404
8836,30,/repositories/30/resources/8836,726
8837,30,/repositories/30/resources/8837,1195
8840,30,/repositories/30/resources/8840,77
8841,30,/repositories/30/resources/8841,743
8842,30,/repositories/30/resources/8842,570
8845,30,/repositories/30/resources/8845,2493
8847,30,/repositories/30/resources/8847,996
8848,30,/repositories/30/resources/8848,1210
8850,30,/repositories/30/resources/8850,644
8853,30,/repositories/30/resources/8853,1350
8856,30,/repositories/30/resources/8856,605
8859,30,/repositories/30/resources/8859,157
8862,30,/repositories/30/resources/8862,3191
8865,30,/repositories/30/resources/8865,737
8868,30,/repositories/30/resources/8868,586
8871,30,/repositories/30/resources/8871,1029
8874,30,/repositories/30/resources/8874,1387
8877,30,/repositories/30/resources/8877,1582
8880,30,/repositories/30/resources/8880,2393
8883,30,/repositories/30/resources/8883,627
8886,30,/repositories/30/resources/8886,6
8889,30,/repositories/30/resources/8889,24
8892,30,/repositories/30/resources/8892,636
8894,30,/repositories/30/resources/8894,480
8896,30,/repositories/30/resources/8896,349
8899,30,/repositories/30/resources/8899,863
8901,30,/repositories/30/resources/8901,1360
8904,30,/repositories/30/resources/8904,1203
8907,30,/repositories/30/resources/8907,35
8910,30,/repositories/30/resources/8910,1132
8911,30,/repositories/30/resources/8911,559
8913,30,/repositories/30/resources/8913,1810
8916,30,/repositories/30/resources/8916,442
8919,30,/repositories/30/resources/8919,1901
8922,30,/repositories/30/resources/8922,117
8925,30,/repositories/30/resources/8925,3471
8927,30,/repositories/30/resources/8927,610
8930,30,/repositories/30/resources/8930,548
8931,30,/repositories/30/resources/8931,699
8934,30,/repositories/30/resources/8934,572
8937,30,/repositories/30/resources/8937,599
8939,30,/repositories/30/resources/8939,1234
8941,30,/repositories/30/resources/8941,1337
8944,30,/repositories/30/resources/8944,4162
8945,30,/repositories/30/resources/8945,626
8947,30,/repositories/30/resources/8947,533
8949,30,/repositories/30/resources/8949,98
8952,30,/repositories/30/resources/8952,185
8953,30,/repositories/30/resources/8953,640
8954,30,/repositories/30/resources/8954,1121
8955,30,/repositories/30/resources/8955,1548
8958,30,/repositories/30/resources/8958,1279
8961,30,/repositories/30/resources/8961,1091
8964,30,/repositories/30/resources/8964,1504
8967,30,/repositories/30/resources/8967,67
8970,30,/repositories/30/resources/8970,49
8972,30,/repositories/30/resources/8972,817
8975,30,/repositories/30/resources/8975,90
8978,30,/repositories/30/resources/8978,16
8979,30,/repositories/30/resources/8979,761
8982,30,/repositories/30/resources/8982,532
8985,30,/repositories/30/resources/8985,73
8987,30,/repositories/30/resources/8987,524
8988,30,/repositories/30/resources/8988,36
8991,30,/repositories/30/resources/8991,937
8994,30,/repositories/30/resources/8994,1493
8997,30,/repositories/30/resources/8997,1328
9000,30,/repositories/30/resources/9000,96
9003,30,/repositories/30/resources/9003,27
9006,30,/repositories/30/resources/9006,558
9009,30,/repositories/30/resources/9009,773
9010,30,/repositories/30/resources/9010,167
9012,30,/repositories/30/resources/9012,20
9015,30,/repositories/30/resources/9015,1812
9017,30,/repositories/30/resources/9017,927
9018,30,/repositories/30/resources/9018,650
9019,30,/repositories/30/resources/9019,7849
9021,30,/repositories/30/resources/9021,790
9022,30,/repositories/30/resources/9022,213
9024,30,/repositories/30/resources/9024,1140
9027,30,/repositories/30/resources/9027,843
9030,30,/repositories/30/resources/9030,1534
9033,30,/repositories/30/resources/9033,784
9036,30,/repositories/30/resources/9036,21
9038,30,/repositories/30/resources/9038,139
9041,30,/repositories/30/resources/9041,869
9044,30,/repositories/30/resources/9044,943
9045,30,/repositories/30/resources/9045,702
9048,30,/repositories/30/resources/9048,564
9051,30,/repositories/30/resources/9051,1841
9054,30,/repositories/30/resources/9054,813
9055,30,/repositories/30/resources/9055,888
9057,30,/repositories/30/resources/9057,1295
9060,30,/repositories/30/resources/9060,761
9062,30,/repositories/30/resources/9062,552
9065,30,/repositories/30/resources/9065,31
9068,30,/repositories/30/resources/9068,890
9069,30,/repositories/30/resources/9069,684
9072,30,/repositories/30/resources/9072,688
9074,30,/repositories/30/resources/9074,165
9075,30,/repositories/30/resources/9075,1248
9078,30,/repositories/30/resources/9078,1128
9081,30,/repositories/30/resources/9081,555
9084,30,/repositories/30/resources/9084,50
9087,30,/repositories/30/resources/9087,871
9090,30,/repositories/30/resources/9090,618
9093,30,/repositories/30/resources/9093,670
9096,30,/repositories/30/resources/9096,217
9097,30,/repositories/30/resources/9097,1641
9098,30,/repositories/30/resources/9098,541
9100,30,/repositories/30/resources/9100,548
9101,30,/repositories/30/resources/9101,88
9104,30,/repositories/30/resources/9104,126
9105,30,/repositories/30/resources/9105,709
9107,30,/repositories/30/resources/9107,108
9110,30,/repositories/30/resources/9110,980
9113,30,/repositories/30/resources/9113,601
9114,30,/repositories/30/resources/9114,244
9117,30,/repositories/30/resources/9117,552
9119,30,/repositories/30/resources/9119,653
9122,30,/repositories/30/resources/9122,528
9123,30,/repositories/30/resources/9123,580
9126,30,/repositories/30/resources/9126,529
9128,30,/repositories/30/resources/9128,977
9129,30,/repositories/30/resources/9129,592
9132,30,/repositories/30/resources/9132,105
9135,30,/repositories/30/resources/9135,80
9138,30,/repositories/30/resources/9138,1170
9141,30,/repositories/30/resources/9141,92
9142,30,/repositories/30/resources/9142,1538
9144,30,/repositories/30/resources/9144,620
9147,30,/repositories/30/resources/9147,143
9150,30,/repositories/30/resources/9150,2342
9153,30,/repositories/30/resources/9153,626
9155,30,/repositories/30/resources/9155,841
9156,30,/repositories/30/resources/9156,1311
9159,30,/repositories/30/resources/9159,802
9161,30,/repositories/30/resources/9161,1623
9162,30,/repositories/30/resources/9162,586
9165,30,/repositories/30/resources/9165,607
9167,30,/repositories/30/resources/9167,803
9170,30,/repositories/30/resources/9170,542
9173,30,/repositories/30/resources/9173,219
9176,30,/repositories/30/resources/9176,1009
9179,30,/repositories/30/resources/9179,671
9180,30,/repositories/30/resources/9180,489
9182,30,/repositories/30/resources/9182,632
9183,30,/repositories/30/resources/9183,811
9186,30,/repositories/30/resources/9186,837
9189,30,/repositories/30/resources/9189,1020
9192,30,/repositories/30/resources/9192,581
9195,30,/repositories/30/resources/9195,1094
9197,30,/repositories/30/resources/9197,816
9199,30,/repositories/30/resources/9199,1410
9201,30,/repositories/30/resources/9201,36
9204,30,/repositories/30/resources/9204,35
9207,30,/repositories/30/resources/9207,1259
9209,30,/repositories/30/resources/9209,609
9210,30,/repositories/30/resources/9210,776
9213,30,/repositories/30/resources/9213,816
9216,30,/repositories/30/resources/9216,1815
9219,30,/repositories/30/resources/9219,1656
9222,30,/repositories/30/resources/9222,1084
9225,30,/repositories/30/resources/9225,799
9227,30,/repositories/30/resources/9227,713
9229,30,/repositories/30/resources/9229,256
9231,30,/repositories/30/resources/9231,660
9234,30,/repositories/30/resources/9234,1363
9237,30,/repositories/30/resources/9237,911
9239,30,/repositories/30/resources/9239,134
9240,30,/repositories/30/resources/9240,1118
9242,30,/repositories/30/resources/9242,856
9245,30,/repositories/30/resources/9245,658
9246,30,/repositories/30/resources/9246,622
9249,30,/repositories/30/resources/9249,937
9252,30,/repositories/30/resources/9252,20
9254,30,/repositories/30/resources/9254,526
9255,30,/repositories/30/resources/9255,1152
9258,30,/repositories/30/resources/9258,1561
9261,30,/repositories/30/resources/9261,1036
9263,30,/repositories/30/resources/9263,117
9265,30,/repositories/30/resources/9265,33
9267,30,/repositories/30/resources/9267,903
9270,30,/repositories/30/resources/9270,1546
9273,30,/repositories/30/resources/9273,871
9276,30,/repositories/30/resources/9276,933
9279,30,/repositories/30/resources/9279,642
9282,30,/repositories/30/resources/9282,670
9285,30,/repositories/30/resources/9285,654
9288,30,/repositories/30/resources/9288,691
9291,30,/repositories/30/resources/9291,94
9292,30,/repositories/30/resources/9292,2409
9295,30,/repositories/30/resources/9295,832
9296,30,/repositories/30/resources/9296,755
9297,30,/repositories/30/resources/9297,1282
9300,30,/repositories/30/resources/9300,256
9302,30,/repositories/30/resources/9302,153
9303,30,/repositories/30/resources/9303,990
9306,30,/repositories/30/resources/9306,1406
9308,30,/repositories/30/resources/9308,45
9309,30,/repositories/30/resources/9309,984
9312,30,/repositories/30/resources/9312,169
9315,30,/repositories/30/resources/9315,808
9318,30,/repositories/30/resources/9318,1411
9320,30,/repositories/30/resources/9320,1227
9321,30,/repositories/30/resources/9321,90
9324,30,/repositories/30/resources/9324,24
9327,30,/repositories/30/resources/9327,607
9330,30,/repositories/30/resources/9330,700
9331,30,/repositories/30/resources/9331,125
9333,30,/repositories/30/resources/9333,25
9336,30,/repositories/30/resources/9336,52
9339,30,/repositories/30/resources/9339,1008
9342,30,/repositories/30/resources/9342,830
9345,30,/repositories/30/resources/9345,101
9348,30,/repositories/30/resources/9348,94
9351,30,/repositories/30/resources/9351,180
9354,30,/repositories/30/resources/9354,953
9356,30,/repositories/30/resources/9356,39
9359,30,/repositories/30/resources/9359,1300
9360,30,/repositories/30/resources/9360,646
9363,30,/repositories/30/resources/9363,965
9366,30,/repositories/30/resources/9366,696
9369,30,/repositories/30/resources/9369,784
9372,30,/repositories/30/resources/9372,645
9373,30,/repositories/30/resources/9373,936
9374,30,/repositories/30/resources/9374,1282
9377,30,/repositories/30/resources/9377,110
9378,30,/repositories/30/resources/9378,642
9381,30,/repositories/30/resources/9381,1135
9384,30,/repositories/30/resources/9384,1152
9387,30,/repositories/30/resources/9387,640
9390,30,/repositories/30/resources/9390,1244
9392,30,/repositories/30/resources/9392,698
9393,30,/repositories/30/resources/9393,758
9395,30,/repositories/30/resources/9395,851
9396,30,/repositories/30/resources/9396,824
9399,30,/repositories/30/resources/9399,21
9402,30,/repositories/30/resources/9402,84
9405,30,/repositories/30/resources/9405,57
9407,30,/repositories/30/resources/9407,64
9408,30,/repositories/30/resources/9408,571
9411,30,/repositories/30/resources/9411,655
9414,30,/repositories/30/resources/9414,652
9417,30,/repositories/30/resources/9417,89
9420,30,/repositories/30/resources/9420,1494
9422,30,/repositories/30/resources/9422,846
9425,30,/repositories/30/resources/9425,555
9428,30,/repositories/30/resources/9428,543
9429,30,/repositories/30/resources/9429,954
9432,30,/repositories/30/resources/9432,620
9434,30,/repositories/30/resources/9434,36
9435,30,/repositories/30/resources/9435,606
9437,30,/repositories/30/resources/9437,1068
9438,30,/repositories/30/resources/9438,586
9440,30,/repositories/30/resources/9440,1440
9441,30,/repositories/30/resources/9441,150
9444,30,/repositories/30/resources/9444,533
9447,30,/repositories/30/resources/9447,1386
9449,30,/repositories/30/resources/9449,566
9450,30,/repositories/30/resources/9450,460
9452,30,/repositories/30/resources/9452,1965
9454,30,/repositories/30/resources/9454,66
9455,30,/repositories/30/resources/9455,885
9456,30,/repositories/30/resources/9456,612
9459,30,/repositories/30/resources/9459,762
9462,30,/repositories/30/resources/9462,49
9465,30,/repositories/30/resources/9465,1163
9466,30,/repositories/30/resources/9466,836
9468,30,/repositories/30/resources/9468,700
9471,30,/repositories/30/resources/9471,717
9474,30,/repositories/30/resources/9474,547
9477,30,/repositories/30/resources/9477,892
9479,30,/repositories/30/resources/9479,45
9480,30,/repositories/30/resources/9480,157
9482,30,/repositories/30/resources/9482,218
9485,30,/repositories/30/resources/9485,2158
9486,30,/repositories/30/resources/9486,2106
9489,30,/repositories/30/resources/9489,530
9492,30,/repositories/30/resources/9492,851
9494,30,/repositories/30/resources/9494,219
9496,30,/repositories/30/resources/9496,563
9499,30,/repositories/30/resources/9499,112
9501,30,/repositories/30/resources/9501,1006
9503,30,/repositories/30/resources/9503,30
9504,30,/repositories/30/resources/9504,687
9507,30,/repositories/30/resources/9507,2881
9510,30,/repositories/30/resources/9510,437
9513,30,/repositories/30/resources/9513,579
9516,30,/repositories/30/resources/9516,82
9519,30,/repositories/30/resources/9519,550
9522,30,/repositories/30/resources/9522,706
12207,30,/repositories/30/resources/12207,362
12224,30,/repositories/30/resources/12224,27
12227,30,/repositories/30/resources/12227,19
12240,30,/repositories/30/resources/12240,92
12242,30,/repositories/30/resources/12242,127
12254,30,/repositories/30/resources/12254,43
12258,30,/repositories/30/resources/12258,1022
12275,30,/repositories/30/resources/12275,92
12278,30,/repositories/30/resources/12278,681
12280,30,/repositories/30/resources/12280,125
12294,30,/repositories/30/resources/12294,11
12299,30,/repositories/30/resources/12299,124
12309,30,/repositories/30/resources/12309,168
12312,30,/repositories/30/resources/12312,66
12338,30,/repositories/30/resources/12338,586
12344,30,/repositories/30/resources/12344,97
12348,30,/repositories/30/resources/12348,739
12353,30,/repositories/30/resources/12353,310
12379,30,/repositories/30/resources/12379,138
12385,30,/repositories/30/resources/12385,495
12393,30,/repositories/30/resources/12393,192
12394,30,/repositories/30/resources/12394,334
12395,30,/repositories/30/resources/12395,159
12401,30,/repositories/30/resources/12401,71
12405,30,/repositories/30/resources/12405,380
12411,30,/repositories/30/resources/12411,60
12434,30,/repositories/30/resources/12434,188
12437,30,/repositories/30/resources/12437,381
12439,30,/repositories/30/resources/12439,966
12440,30,/repositories/30/resources/12440,72
12443,30,/repositories/30/resources/12443,31
12450,30,/repositories/30/resources/12450,156
12521,30,/repositories/30/resources/12521,50
12541,30,/repositories/30/resources/12541,518
12547,30,/repositories/30/resources/12547,101
12548,30,/repositories/30/resources/12548,3
12549,30,/repositories/30/resources/12549,3
12556,30,/repositories/30/resources/12556,464
12557,30,/repositories/30/resources/12557,122
12559,30,/repositories/30/resources/12559,491
12562,30,/repositories/30/resources/12562,7
12564,30,/repositories/30/resources/12564,10
12565,30,/repositories/30/resources/12565,14
12567,30,/repositories/30/resources/12567,15
12568,30,/repositories/30/resources/12568,3
12569,30,/repositories/30/resources/12569,20
12570,30,/repositories/30/resources/12570,586
12571,30,/repositories/30/resources/12571,277
12576,30,/repositories/30/resources/12576,16
12577,30,/repositories/30/resources/12577,26
12578,30,/repositories/30/resources/12578,15
12579,30,/repositories/30/resources/12579,407
12580,30,/repositories/30/resources/12580,14
12585,30,/repositories/30/resources/12585,9
12590,30,/repositories/30/resources/12590,236
12594,30,/repositories/30/resources/12594,3
12604,30,/repositories/30/resources/12604,156
12634,30,/repositories/30/resources/12634,274
12655,30,/repositories/30/resources/12655,405
12666,30,/repositories/30/resources/12666,55
12683,30,/repositories/30/resources/12683,313
12755,30,/repositories/30/resources/12755,11
12773,30,/repositories/30/resources/12773,11
12776,30,/repositories/30/resources/12776,29
12829,30,/repositories/30/resources/12829,31
12832,30,/repositories/30/resources/12832,111
12838,30,/repositories/30/resources/12838,255
12839,30,/repositories/30/resources/12839,166
12849,30,/repositories/30/resources/12849,3
12866,30,/repositories/30/resources/12866,59
12902,30,/repositories/30/resources/12902,27
12909,30,/repositories/30/resources/12909,15
12972,30,/repositories/30/resources/12972,129
12986,30,/repositories/30/resources/12986,20
13011,30,/repositories/30/resources/13011,104
13083,30,/repositories/30/resources/13083,28
13091,30,/repositories/30/resources/13091,60
13092,30,/repositories/30/resources/13092,219
13607,30,/repositories/30/resources/13607,4
13624,30,/repositories/30/resources/13624,37
13637,30,/repositories/30/resources/13637,105
13653,30,/repositories/30/resources/13653,377
13657,30,/repositories/30/resources/13657,42
13662,30,/repositories/30/resources/13662,21
13667,30,/repositories/30/resources/13667,12
13672,30,/repositories/30/resources/13672,13
13677,30,/repositories/30/resources/13677,37
13682,30,/repositories/30/resources/13682,8
13691,30,/repositories/30/resources/13691,102
13696,30,/repositories/30/resources/13696,62
13700,30,/repositories/30/resources/13700,1369
13714,30,/repositories/30/resources/13714,76
13748,30,/repositories/30/resources/13748,72
13770,30,/repositories/30/resources/13770,22
13773,30,/repositories/30/resources/13773,315
13790,30,/repositories/30/resources/13790,175
13796,30,/repositories/30/resources/13796,12
13799,30,/repositories/30/resources/13799,55
13804,30,/repositories/30/resources/13804,1672
13813,30,/repositories/30/resources/13813,68
13816,30,/repositories/30/resources/13816,59
13829,30,/repositories/30/resources/13829,42
13847,30,/repositories/30/resources/13847,263
13849,30,/repositories/30/resources/13849,14
13941,30,/repositories/30/resources/13941,335
13960,30,/repositories/30/resources/13960,174
14011,30,/repositories/30/resources/14011,174
14020,30,/repositories/30/resources/14020,25
14050,30,/repositories/30/resources/14050,7
14058,30,/repositories/30/resources/14058,73
14062,30,/repositories/30/resources/14062,265
14064,30,/repositories/30/resources/14064,199
14083,30,/repositories/30/resources/14083,419
14089,30,/repositories/30/resources/14089,42
14097,30,/repositories/30/resources/14097,8
14105,30,/repositories/30/resources/14105,142
14108,30,/repositories/30/resources/14108,48
25383,30,/repositories/30/resources/25383,168
25385,30,/repositories/30/resources/25385,10
25391,30,/repositories/30/resources/25391,102
25393,30,/repositories/30/resources/25393,45
25402,30,/repositories/30/resources/25402,24
25410,30,/repositories/30/resources/25410,52
25417,30,/repositories/30/resources/25417,16
25432,30,/repositories/30/resources/25432,39
25436,30,/repositories/30/resources/25436,248
25450,30,/repositories/30/resources/25450,37
25460,30,/repositories/30/resources/25460,116
25488,30,/repositories/30/resources/25488,29
25495,30,/repositories/30/resources/25495,99
25510,30,/repositories/30/resources/25510,75
25513,30,/repositories/30/resources/25513,123
25539,30,/repositories/30/resources/25539,17
25544,30,/repositories/30/resources/25544,47
25548,30,/repositories/30/resources/25548,54
25553,30,/repositories/30/resources/25553,111
25559,30,/repositories/30/resources/25559,421
25567,30,/repositories/30/resources/25567,13
25568,30,/repositories/30/resources/25568,6
25586,30,/repositories/30/resources/25586,95
25601,30,/repositories/30/resources/25601,22
25610,30,/repositories/30/resources/25610,11
25621,30,/repositories/30/resources/25621,33
25624,30,/repositories/30/resources/25624,84
25630,30,/repositories/30/resources/25630,262
25651,30,/repositories/30/resources/25651,15
25653,30,/repositories/30/resources/25653,34
25659,30,/repositories/30/resources/25659,27
25664,30,/repositories/30/resources/25664,59
25669,30,/repositories/30/resources/25669,4
25671,30,/repositories/30/resources/25671,32
25680,30,/repositories/30/resources/25680,19
25684,30,/repositories/30/resources/25684,4
25695,30,/repositories/30/resources/25695,121
25699,30,/repositories/30/resources/25699,44
25705,30,/repositories/30/resources/25705,83
25710,30,/repositories/30/resources/25710,42
25716,30,/repositories/30/resources/25716,1665
25717,30,/repositories/30/resources/25717,21
25723,30,/repositories/30/resources/25723,12
25726,30,/repositories/30/resources/25726,12
25729,30,/repositories/30/resources/25729,252
25737,30,/repositories/30/resources/25737,118
25740,30,/repositories/30/resources/25740,128
25759,30,/repositories/30/resources/25759,14
25762,30,/repositories/30/resources/25762,18
25766,30,/repositories/30/resources/25766,10
25767,30,/repositories/30/resources/25767,56
25774,30,/repositories/30/resources/25774,284
25777,30,/repositories/30/resources/25777,19
25783,30,/repositories/30/resources/25783,11
25787,30,/repositories/30/resources/25787,10
25790,30,/repositories/30/resources/25790,19
25798,30,/repositories/30/resources/25798,32
25819,30,/repositories/30/resources/25819,279
25825,30,/repositories/30/resources/25825,162
25836,30,/repositories/30/resources/25836,30
25837,30,/repositories/30/resources/25837,214
25841,30,/repositories/30/resources/25841,7
25846,30,/repositories/30/resources/25846,23
25851,30,/repositories/30/resources/25851,73
25857,30,/repositories/30/resources/25857,76
25861,30,/repositories/30/resources/25861,1240
25864,30,/repositories/30/resources/25864,3
25870,30,/repositories/30/resources/25870,10
25872,30,/repositories/30/resources/25872,224
25876,30,/repositories/30/resources/25876,293
25882,30,/repositories/30/resources/25882,308
25919,30,/repositories/30/resources/25919,328
25920,30,/repositories/30/resources/25920,72
26050,30,/repositories/30/resources/26050,132
26058,30,/repositories/30/resources/26058,143
26061,30,/repositories/30/resources/26061,20
26064,30,/repositories/30/resources/26064,23
26067,30,/repositories/30/resources/26067,17
26070,30,/repositories/30/resources/26070,10
26073,30,/repositories/30/resources/26073,19
26077,30,/repositories/30/resources/26077,851
26084,30,/repositories/30/resources/26084,94
26101,30,/repositories/30/resources/26101,467
26173,30,/repositories/30/resources/26173,128
26196,30,/repositories/30/resources/26196,88
26223,30,/repositories/30/resources/26223,29
26267,30,/repositories/30/resources/26267,1018
26294,30,/repositories/30/resources/26294,7
26323,30,/repositories/30/resources/26323,257
26352,30,/repositories/30/resources/26352,11
26368,30,/repositories/30/resources/26368,583
26375,30,/repositories/30/resources/26375,50
26381,30,/repositories/30/resources/26381,134
26384,30,/repositories/30/resources/26384,9
26387,30,/repositories/30/resources/26387,23
26394,30,/repositories/30/resources/26394,112
26401,30,/repositories/30/resources/26401,69
26403,30,/repositories/30/resources/26403,16
26407,30,/repositories/30/resources/26407,317
26413,30,/repositories/30/resources/26413,144
26417,30,/repositories/30/resources/26417,95
26422,30,/repositories/30/resources/26422,34
26426,30,/repositories/30/resources/26426,53
26432,30,/repositories/30/resources/26432,235
26436,30,/repositories/30/resources/26436,37
26439,30,/repositories/30/resources/26439,436
26447,30,/repositories/30/resources/26447,105
26450,30,/repositories/30/resources/26450,12
26454,30,/repositories/30/resources/26454,24
26462,30,/repositories/30/resources/26462,39
26468,30,/repositories/30/resources/26468,27
26472,30,/repositories/30/resources/26472,16
26480,30,/repositories/30/resources/26480,13
26486,30,/repositories/30/resources/26486,66
26490,30,/repositories/30/resources/26490,30
26495,30,/repositories/30/resources/26495,32
26504,30,/repositories/30/resources/26504,229
26522,30,/repositories/30/resources/26522,34
26527,30,/repositories/30/resources/26527,17
26531,30,/repositories/30/resources/26531,258
26543,30,/repositories/30/resources/26543,1172
26549,30,/repositories/30/resources/26549,181
26551,30,/repositories/30/resources/26551,305
26560,30,/repositories/30/resources/26560,190
26562,30,/repositories/30/resources/26562,104
26564,30,/repositories/30/resources/26564,73
26565,30,/repositories/30/resources/26565,568
26567,30,/repositories/30/resources/26567,117
26576,30,/repositories/30/resources/26576,230
26584,30,/repositories/30/resources/26584,92
26593,30,/repositories/30/resources/26593,86
26631,30,/repositories/30/resources/26631,276
26663,30,/repositories/30/resources/26663,254
26687,30,/repositories/30/resources/26687,50
26758,30,/repositories/30/resources/26758,299
26761,30,/repositories/30/resources/26761,101
26776,30,/repositories/30/resources/26776,1413
26779,30,/repositories/30/resources/26779,28
26783,30,/repositories/30/resources/26783,31
26786,30,/repositories/30/resources/26786,63
26790,30,/repositories/30/resources/26790,61
26794,30,/repositories/30/resources/26794,20
26806,30,/repositories/30/resources/26806,64
26808,30,/repositories/30/resources/26808,11
26809,30,/repositories/30/resources/26809,14
26815,30,/repositories/30/resources/26815,91
26827,30,/repositories/30/resources/26827,253
26830,30,/repositories/30/resources/26830,227
26835,30,/repositories/30/resources/26835,42
26845,30,/repositories/30/resources/26845,559
26846,30,/repositories/30/resources/26846,168
26849,30,/repositories/30/resources/26849,33
26860,30,/repositories/30/resources/26860,29
26864,30,/repositories/30/resources/26864,260
26881,30,/repositories/30/resources/26881,659
26893,30,/repositories/30/resources/26893,401
26899,30,/repositories/30/resources/26899,552
26903,30,/repositories/30/resources/26903,8
26906,30,/repositories/30/resources/26906,69
26908,30,/repositories/30/resources/26908,384
26914,30,/repositories/30/resources/26914,208
26918,30,/repositories/30/resources/26918,134
26921,30,/repositories/30/resources/26921,127
26926,30,/repositories/30/resources/26926,59
26929,30,/repositories/30/resources/26929,101
26936,30,/repositories/30/resources/26936,18
26939,30,/repositories/30/resources/26939,33
26942,30,/repositories/30/resources/26942,117
26943,30,/repositories/30/resources/26943,16
26945,30,/repositories/30/resources/26945,99
26948,30,/repositories/30/resources/26948,105
26951,30,/repositories/30/resources/26951,123
26957,30,/repositories/30/resources/26957,449
26960,30,/repositories/30/resources/26960,10
26963,30,/repositories/30/resources/26963,197
26965,30,/repositories/30/resources/26965,105
26970,30,/repositories/30/resources/26970,136
26973,30,/repositories/30/resources/26973,166
26975,30,/repositories/30/resources/26975,128
26976,30,/repositories/30/resources/26976,36
26980,30,/repositories/30/resources/26980,64
26986,30,/repositories/30/resources/26986,545
27000,30,/repositories/30/resources/27000,256
27003,30,/repositories/30/resources/27003,53
27039,30,/repositories/30/resources/27039,6
27042,30,/repositories/30/resources/27042,295
27047,30,/repositories/30/resources/27047,38
27050,30,/repositories/30/resources/27050,8
27056,30,/repositories/30/resources/27056,208
27061,30,/repositories/30/resources/27061,473
27073,30,/repositories/30/resources/27073,279
27081,30,/repositories/30/resources/27081,97
27087,30,/repositories/30/resources/27087,70
27090,30,/repositories/30/resources/27090,321
27111,30,/repositories/30/resources/27111,75
27125,30,/repositories/30/resources/27125,965
27144,30,/repositories/30/resources/27144,42
27147,30,/repositories/30/resources/27147,155
27153,30,/repositories/30/resources/27153,511
27154,30,/repositories/30/resources/27154,413
27163,30,/repositories/30/resources/27163,305
27166,30,/repositories/30/resources/27166,96
27178,30,/repositories/30/resources/27178,673
27199,30,/repositories/30/resources/27199,598
27736,30,/repositories/30/resources/27736,241
27739,30,/repositories/30/resources/27739,113
28094,30,/repositories/30/resources/28094,1323
28105,30,/repositories/30/resources/28105,10
28108,30,/repositories/30/resources/28108,88
28114,30,/repositories/30/resources/28114,23
28117,30,/repositories/30/resources/28117,12
28120,30,/repositories/30/resources/28120,5
28123,30,/repositories/30/resources/28123,4
28126,30,/repositories/30/resources/28126,7
28129,30,/repositories/30/resources/28129,5
28132,30,/repositories/30/resources/28132,4
28135,30,/repositories/30/resources/28135,4
28138,30,/repositories/30/resources/28138,4
28141,30,/repositories/30/resources/28141,4
28144,30,/repositories/30/resources/28144,5
28147,30,/repositories/30/resources/28147,5
28150,30,/repositories/30/resources/28150,6
28153,30,/repositories/30/resources/28153,5
28156,30,/repositories/30/resources/28156,59
28159,30,/repositories/30/resources/28159,5
28162,30,/repositories/30/resources/28162,6
28165,30,/repositories/30/resources/28165,3
28168,30,/repositories/30/resources/28168,6
28171,30,/repositories/30/resources/28171,6
28174,30,/repositories/30/resources/28174,15
28177,30,/repositories/30/resources/28177,5
28180,30,/repositories/30/resources/28180,8
28183,30,/repositories/30/resources/28183,4
28186,30,/repositories/30/resources/28186,11
28189,30,/repositories/30/resources/28189,5
28192,30,/repositories/30/resources/28192,3
28195,30,/repositories/30/resources/28195,9
28198,30,/repositories/30/resources/28198,5
28201,30,/repositories/30/resources/28201,9
28204,30,/repositories/30/resources/28204,10
28207,30,/repositories/30/resources/28207,12
28210,30,/repositories/30/resources/28210,51
28213,30,/repositories/30/resources/28213,3
28216,30,/repositories/30/resources/28216,3
28219,30,/repositories/30/resources/28219,3
28222,30,/repositories/30/resources/28222,10
28225,30,/repositories/30/resources/28225,18
28228,30,/repositories/30/resources/28228,4
28231,30,/repositories/30/resources/28231,4
28234,30,/repositories/30/resources/28234,4
28237,30,/repositories/30/resources/28237,4
28240,30,/repositories/30/resources/28240,4
28243,30,/repositories/30/resources/28243,4
28246,30,/repositories/30/resources/28246,4
28249,30,/repositories/30/resources/28249,4
28252,30,/repositories/30/resources/28252,4
28255,30,/repositories/30/resources/28255,4
28258,30,/repositories/30/resources/28258,4
28261,30,/repositories/30/resources/28261,7
28264,30,/repositories/30/resources/28264,4
28267,30,/repositories/30/resources/28267,22
28270,30,/repositories/30/resources/28270,6
28273,30,/repositories/30/resources/28273,34
28276,30,/repositories/30/resources/28276,6
28279,30,/repositories/30/resources/28279,7
28282,30,/repositories/30/resources/28282,6
28285,30,/repositories/30/resources/28285,3
28288,30,/repositories/30/resources/28288,3
28291,30,/repositories/30/resources/28291,3
28294,30,/repositories/30/resources/28294,244
28297,30,/repositories/30/resources/28297,68
28300,30,/repositories/30/resources/28300,6
28303,30,/repositories/30/resources/28303,6
28306,30,/repositories/30/resources/28306,6
28309,30,/repositories/30/resources/28309,6
28312,30,/repositories/30/resources/28312,6
28315,30,/repositories/30/resources/28315,6
28318,30,/repositories/30/resources/28318,6
28321,30,/repositories/30/resources/28321,15
28324,30,/repositories/30/resources/28324,5
28327,30,/repositories/30/resources/28327,15
28330,30,/repositories/30/resources/28330,4
28333,30,/repositories/30/resources/28333,6
28336,30,/repositories/30/resources/28336,4
28339,30,/repositories/30/resources/28339,124
28342,30,/repositories/30/resources/28342,21
28345,30,/repositories/30/resources/28345,3
28348,30,/repositories/30/resources/28348,3
28351,30,/repositories/30/resources/28351,3
28354,30,/repositories/30/resources/28354,5
28357,30,/repositories/30/resources/28357,5
28360,30,/repositories/30/resources/28360,29
28363,30,/repositories/30/resources/28363,4
28366,30,/repositories/30/resources/28366,4
28369,30,/repositories/30/resources/28369,4
28372,30,/repositories/30/resources/28372,4
28375,30,/repositories/30/resources/28375,4
28378,30,/repositories/30/resources/28378,4
28381,30,/repositories/30/resources/28381,3
28384,30,/repositories/30/resources/28384,3
28387,30,/repositories/30/resources/28387,15
28390,30,/repositories/30/resources/28390,4
28393,30,/repositories/30/resources/28393,142
28396,30,/repositories/30/resources/28396,23
28399,30,/repositories/30/resources/28399,9
28402,30,/repositories/30/resources/28402,6
28405,30,/repositories/30/resources/28405,5
28408,30,/repositories/30/resources/28408,13
28411,30,/repositories/30/resources/28411,6
28414,30,/repositories/30/resources/28414,4
28417,30,/repositories/30/resources/28417,6
28420,30,/repositories/30/resources/28420,5
28423,30,/repositories/30/resources/28423,11
28426,30,/repositories/30/resources/28426,4
28429,30,/repositories/30/resources/28429,35
28432,30,/repositories/30/resources/28432,4
28435,30,/repositories/30/resources/28435,24
28438,30,/repositories/30/resources/28438,3
28441,30,/repositories/30/resources/28441,4
28444,30,/repositories/30/resources/28444,177
28447,30,/repositories/30/resources/28447,3
28450,30,/repositories/30/resources/28450,4
28453,30,/repositories/30/resources/28453,11
28456,30,/repositories/30/resources/28456,7
28459,30,/repositories/30/resources/28459,14
28462,30,/repositories/30/resources/28462,3
28465,30,/repositories/30/resources/28465,19
28468,30,/repositories/30/resources/28468,19
28471,30,/repositories/30/resources/28471,4
28474,30,/repositories/30/resources/28474,18
28477,30,/repositories/30/resources/28477,3
28480,30,/repositories/30/resources/28480,13
28483,30,/repositories/30/resources/28483,5
28486,30,/repositories/30/resources/28486,4
28489,30,/repositories/30/resources/28489,4
28492,30,/repositories/30/resources/28492,4
28495,30,/repositories/30/resources/28495,4
28498,30,/repositories/30/resources/28498,4
28501,30,/repositories/30/resources/28501,4
28504,30,/repositories/30/resources/28504,4
28507,30,/repositories/30/resources/28507,5
28510,30,/repositories/30/resources/28510,5
28513,30,/repositories/30/resources/28513,5
28516,30,/repositories/30/resources/28516,3
28519,30,/repositories/30/resources/28519,18
28522,30,/repositories/30/resources/28522,5
28525,30,/repositories/30/resources/28525,5
28528,30,/repositories/30/resources/28528,13
28531,30,/repositories/30/resources/28531,7
28534,30,/repositories/30/resources/28534,5
28537,30,/repositories/30/resources/28537,6
28540,30,/repositories/30/resources/28540,6
28543,30,/repositories/30/resources/28543,6
28546,30,/repositories/30/resources/28546,5
28549,30,/repositories/30/resources/28549,5
28552,30,/repositories/30/resources/28552,5
28555,30,/repositories/30/resources/28555,21
28558,30,/repositories/30/resources/28558,5
28561,30,/repositories/30/resources/28561,6
28564,30,/repositories/30/resources/28564,5
28567,30,/repositories/30/resources/28567,5
28570,30,/repositories/30/resources/28570,7
28573,30,/repositories/30/resources/28573,4
28576,30,/repositories/30/resources/28576,6
28579,30,/repositories/30/resources/28579,164
28582,30,/repositories/30/resources/28582,4
28585,30,/repositories/30/resources/28585,64
28588,30,/repositories/30/resources/28588,11
28591,30,/repositories/30/resources/28591,11
28594,30,/repositories/30/resources/28594,4
28597,30,/repositories/30/resources/28597,20
28600,30,/repositories/30/resources/28600,5
28603,30,/repositories/30/resources/28603,4
28606,30,/repositories/30/resources/28606,4
28609,30,/repositories/30/resources/28609,4
28612,30,/repositories/30/resources/28612,12
28615,30,/repositories/30/resources/28615,21
28618,30,/repositories/30/resources/28618,8
28621,30,/repositories/30/resources/28621,4
28624,30,/repositories/30/resources/28624,40
28627,30,/repositories/30/resources/28627,3
28630,30,/repositories/30/resources/28630,4
28633,30,/repositories/30/resources/28633,22
28636,30,/repositories/30/resources/28636,6
28639,30,/repositories/30/resources/28639,4
28642,30,/repositories/30/resources/28642,11
28645,30,/repositories/30/resources/28645,25
28648,30,/repositories/30/resources/28648,5
28651,30,/repositories/30/resources/28651,45
28654,30,/repositories/30/resources/28654,3
28657,30,/repositories/30/resources/28657,5
28660,30,/repositories/30/resources/28660,3
28663,30,/repositories/30/resources/28663,5
28666,30,/repositories/30/resources/28666,7
28669,30,/repositories/30/resources/28669,8
28672,30,/repositories/30/resources/28672,6
28675,30,/repositories/30/resources/28675,4
28678,30,/repositories/30/resources/28678,7
28681,30,/repositories/30/resources/28681,4
28684,30,/repositories/30/resources/28684,5
28687,30,/repositories/30/resources/28687,3
28690,30,/repositories/30/resources/28690,24
28693,30,/repositories/30/resources/28693,14
28696,30,/repositories/30/resources/28696,94
28699,30,/repositories/30/resources/28699,3
28702,30,/repositories/30/resources/28702,4
28705,30,/repositories/30/resources/28705,4
28708,30,/repositories/30/resources/28708,6
28711,30,/repositories/30/resources/28711,13
28714,30,/repositories/30/resources/28714,4
28717,30,/repositories/30/resources/28717,4
28720,30,/repositories/30/resources/28720,15
28723,30,/repositories/30/resources/28723,13
28726,30,/repositories/30/resources/28726,4
28729,30,/repositories/30/resources/28729,14
28732,30,/repositories/30/resources/28732,4
28735,30,/repositories/30/resources/28735,40
28738,30,/repositories/30/resources/28738,4
28741,30,/repositories/30/resources/28741,71
28744,30,/repositories/30/resources/28744,3
28747,30,/repositories/30/resources/28747,3
28750,30,/repositories/30/resources/28750,7
28753,30,/repositories/30/resources/28753,4
28756,30,/repositories/30/resources/28756,11
28759,30,/repositories/30/resources/28759,3
28762,30,/repositories/30/resources/28762,4
28765,30,/repositories/30/resources/28765,11
28768,30,/repositories/30/resources/28768,4
28771,30,/repositories/30/resources/28771,4
28774,30,/repositories/30/resources/28774,4
28777,30,/repositories/30/resources/28777,14
28780,30,/repositories/30/resources/28780,25
28783,30,/repositories/30/resources/28783,3
28786,30,/repositories/30/resources/28786,21
28789,30,/repositories/30/resources/28789,4
28792,30,/repositories/30/resources/28792,3
28795,30,/repositories/30/resources/28795,4
28798,30,/repositories/30/resources/28798,4
28801,30,/repositories/30/resources/28801,20
28804,30,/repositories/30/resources/28804,3
28807,30,/repositories/30/resources/28807,4
28810,30,/repositories/30/resources/28810,3
28813,30,/repositories/30/resources/28813,3
28816,30,/repositories/30/resources/28816,3
28819,30,/repositories/30/resources/28819,3
28822,30,/repositories/30/resources/28822,9
28825,30,/repositories/30/resources/28825,4
28828,30,/repositories/30/resources/28828,4
28831,30,/repositories/30/resources/28831,3
28834,30,/repositories/30/resources/28834,4
28837,30,/repositories/30/resources/28837,35
28840,30,/repositories/30/resources/28840,5
28843,30,/repositories/30/resources/28843,16
28846,30,/repositories/30/resources/28846,16
28849,30,/repositories/30/resources/28849,4
28852,30,/repositories/30/resources/28852,10
28855,30,/repositories/30/resources/28855,4
28858,30,/repositories/30/resources/28858,3
28861,30,/repositories/30/resources/28861,6
28864,30,/repositories/30/resources/28864,4
28867,30,/repositories/30/resources/28867,143
28870,30,/repositories/30/resources/28870,3
28873,30,/repositories/30/resources/28873,4
28876,30,/repositories/30/resources/28876,8
28879,30,/repositories/30/resources/28879,11
28882,30,/repositories/30/resources/28882,3
28885,30,/repositories/30/resources/28885,6
28888,30,/repositories/30/resources/28888,4
28891,30,/repositories/30/resources/28891,72
28894,30,/repositories/30/resources/28894,6
28897,30,/repositories/30/resources/28897,4
28900,30,/repositories/30/resources/28900,4
28903,30,/repositories/30/resources/28903,4
28906,30,/repositories/30/resources/28906,3
28909,30,/repositories/30/resources/28909,8
28912,30,/repositories/30/resources/28912,3
28915,30,/repositories/30/resources/28915,14
28918,30,/repositories/30/resources/28918,5
28921,30,/repositories/30/resources/28921,4
28924,30,/repositories/30/resources/28924,4
28927,30,/repositories/30/resources/28927,4
28930,30,/repositories/30/resources/28930,4
28933,30,/repositories/30/resources/28933,4
28936,30,/repositories/30/resources/28936,4
28939,30,/repositories/30/resources/28939,4
28942,30,/repositories/30/resources/28942,6
28945,30,/repositories/30/resources/28945,7
28948,30,/repositories/30/resources/28948,4
28951,30,/repositories/30/resources/28951,5
28954,30,/repositories/30/resources/28954,4
28957,30,/repositories/30/resources/28957,47
28960,30,/repositories/30/resources/28960,5
28963,30,/repositories/30/resources/28963,5
28966,30,/repositories/30/resources/28966,5
28969,30,/repositories/30/resources/28969,5
28972,30,/repositories/30/resources/28972,6
28975,30,/repositories/30/resources/28975,7
28978,30,/repositories/30/resources/28978,4
28981,30,/repositories/30/resources/28981,4
28984,30,/repositories/30/resources/28984,8
28987,30,/repositories/30/resources/28987,27
28990,30,/repositories/30/resources/28990,3
28993,30,/repositories/30/resources/28993,5
28996,30,/repositories/30/resources/28996,4
28999,30,/repositories/30/resources/28999,9
29002,30,/repositories/30/resources/29002,4
29005,30,/repositories/30/resources/29005,4
29008,30,/repositories/30/resources/29008,11
29011,30,/repositories/30/resources/29011,3
29014,30,/repositories/30/resources/29014,5
29017,30,/repositories/30/resources/29017,3
29020,30,/repositories/30/resources/29020,5
29023,30,/repositories/30/resources/29023,5
29026,30,/repositories/30/resources/29026,6
29029,30,/repositories/30/resources/29029,4
29032,30,/repositories/30/resources/29032,3
29035,30,/repositories/30/resources/29035,4
29038,30,/repositories/30/resources/29038,4
29041,30,/repositories/30/resources/29041,5
29044,30,/repositories/30/resources/29044,9
29047,30,/repositories/30/resources/29047,215
29050,30,/repositories/30/resources/29050,4
29053,30,/repositories/30/resources/29053,3
29056,30,/repositories/30/resources/29056,5
29059,30,/repositories/30/resources/29059,10
29062,30,/repositories/30/resources/29062,7
29065,30,/repositories/30/resources/29065,4
29068,30,/repositories/30/resources/29068,7
29071,30,/repositories/30/resources/29071,12
29074,30,/repositories/30/resources/29074,4
29077,30,/repositories/30/resources/29077,6
29080,30,/repositories/30/resources/29080,3
29083,30,/repositories/30/resources/29083,18
29086,30,/repositories/30/resources/29086,7
29089,30,/repositories/30/resources/29089,5
29092,30,/repositories/30/resources/29092,5
29095,30,/repositories/30/resources/29095,5
29098,30,/repositories/30/resources/29098,6
29101,30,/repositories/30/resources/29101,5
29104,30,/repositories/30/resources/29104,5
29107,30,/repositories/30/resources/29107,5
29110,30,/repositories/30/resources/29110,5
29113,30,/repositories/30/resources/29113,12
29116,30,/repositories/30/resources/29116,5
29119,30,/repositories/30/resources/29119,29
29122,30,/repositories/30/resources/29122,4
29125,30,/repositories/30/resources/29125,30
29128,30,/repositories/30/resources/29128,11
29131,30,/repositories/30/resources/29131,7
29134,30,/repositories/30/resources/29134,10
29137,30,/repositories/30/resources/29137,10
29140,30,/repositories/30/resources/29140,4
29143,30,/repositories/30/resources/29143,4
29146,30,/repositories/30/resources/29146,5
29149,30,/repositories/30/resources/29149,4
29152,30,/repositories/30/resources/29152,5
29155,30,/repositories/30/resources/29155,4
29158,30,/repositories/30/resources/29158,6
29161,30,/repositories/30/resources/29161,3
29164,30,/repositories/30/resources/29164,3
29167,30,/repositories/30/resources/29167,19
29170,30,/repositories/30/resources/29170,28
29173,30,/repositories/30/resources/29173,4
29176,30,/repositories/30/resources/29176,365
29179,30,/repositories/30/resources/29179,4
29182,30,/repositories/30/resources/29182,4
29185,30,/repositories/30/resources/29185,4
29188,30,/repositories/30/resources/29188,79
29191,30,/repositories/30/resources/29191,7
29194,30,/repositories/30/resources/29194,6
29197,30,/repositories/30/resources/29197,7
29200,30,/repositories/30/resources/29200,3
29203,30,/repositories/30/resources/29203,10
29206,30,/repositories/30/resources/29206,5
29209,30,/repositories/30/resources/29209,14
29212,30,/repositories/30/resources/29212,4
29215,30,/repositories/30/resources/29215,3
29218,30,/repositories/30/resources/29218,3
29221,30,/repositories/30/resources/29221,3
29224,30,/repositories/30/resources/29224,3
29227,30,/repositories/30/resources/29227,58
29230,30,/repositories/30/resources/29230,13
29233,30,/repositories/30/resources/29233,5
29236,30,/repositories/30/resources/29236,3
29239,30,/repositories/30/resources/29239,4
29242,30,/repositories/30/resources/29242,4
29245,30,/repositories/30/resources/29245,3
29248,30,/repositories/30/resources/29248,3
29251,30,/repositories/30/resources/29251,13
29254,30,/repositories/30/resources/29254,5
29257,30,/repositories/30/resources/29257,4
29260,30,/repositories/30/resources/29260,3
29263,30,/repositories/30/resources/29263,3
29266,30,/repositories/30/resources/29266,5
29269,30,/repositories/30/resources/29269,24
29272,30,/repositories/30/resources/29272,4
29275,30,/repositories/30/resources/29275,19
29278,30,/repositories/30/resources/29278,4
29281,30,/repositories/30/resources/29281,5
29284,30,/repositories/30/resources/29284,5
29287,30,/repositories/30/resources/29287,3
29290,30,/repositories/30/resources/29290,12
29293,30,/repositories/30/resources/29293,14
29296,30,/repositories/30/resources/29296,5
29299,30,/repositories/30/resources/29299,7
29302,30,/repositories/30/resources/29302,5
29305,30,/repositories/30/resources/29305,31
29308,30,/repositories/30/resources/29308,3
29311,30,/repositories/30/resources/29311,5
29314,30,/repositories/30/resources/29314,3
29317,30,/repositories/30/resources/29317,17
29320,30,/repositories/30/resources/29320,4
29323,30,/repositories/30/resources/29323,8
29326,30,/repositories/30/resources/29326,7
29329,30,/repositories/30/resources/29329,26
29332,30,/repositories/30/resources/29332,3
29335,30,/repositories/30/resources/29335,11
29338,30,/repositories/30/resources/29338,5
29341,30,/repositories/30/resources/29341,4
29344,30,/repositories/30/resources/29344,5
29347,30,/repositories/30/resources/29347,7
29350,30,/repositories/30/resources/29350,5
29353,30,/repositories/30/resources/29353,4
29356,30,/repositories/30/resources/29356,5
29359,30,/repositories/30/resources/29359,4
29362,30,/repositories/30/resources/29362,6
29365,30,/repositories/30/resources/29365,4
29368,30,/repositories/30/resources/29368,3
29371,30,/repositories/30/resources/29371,3
29374,30,/repositories/30/resources/29374,3
29377,30,/repositories/30/resources/29377,3
29380,30,/repositories/30/resources/29380,3
29383,30,/repositories/30/resources/29383,4
29386,30,/repositories/30/resources/29386,4
29389,30,/repositories/30/resources/29389,3
29392,30,/repositories/30/resources/29392,4
29395,30,/repositories/30/resources/29395,11
29398,30,/repositories/30/resources/29398,4
29401,30,/repositories/30/resources/29401,5
29404,30,/repositories/30/resources/29404,3
29407,30,/repositories/30/resources/29407,170
29410,30,/repositories/30/resources/29410,11
29413,30,/repositories/30/resources/29413,5
29416,30,/repositories/30/resources/29416,11
29419,30,/repositories/30/resources/29419,3
29422,30,/repositories/30/resources/29422,4
29425,30,/repositories/30/resources/29425,11
29428,30,/repositories/30/resources/29428,4
29431,30,/repositories/30/resources/29431,5
29434,30,/repositories/30/resources/29434,3
29437,30,/repositories/30/resources/29437,6
29440,30,/repositories/30/resources/29440,5
29443,30,/repositories/30/resources/29443,61
29446,30,/repositories/30/resources/29446,94
29449,30,/repositories/30/resources/29449,5
29452,30,/repositories/30/resources/29452,13
29455,30,/repositories/30/resources/29455,5
29458,30,/repositories/30/resources/29458,81
29461,30,/repositories/30/resources/29461,4
29464,30,/repositories/30/resources/29464,3
29467,30,/repositories/30/resources/29467,8
29470,30,/repositories/30/resources/29470,5
29473,30,/repositories/30/resources/29473,3
29476,30,/repositories/30/resources/29476,4
29479,30,/repositories/30/resources/29479,4
29482,30,/repositories/30/resources/29482,5
29485,30,/repositories/30/resources/29485,9
29488,30,/repositories/30/resources/29488,3
29491,30,/repositories/30/resources/29491,4
29494,30,/repositories/30/resources/29494,13
29497,30,/repositories/30/resources/29497,3
29500,30,/repositories/30/resources/29500,4
29503,30,/repositories/30/resources/29503,19
29506,30,/repositories/30/resources/29506,16
29509,30,/repositories/30/resources/29509,9
29512,30,/repositories/30/resources/29512,3
29515,30,/repositories/30/resources/29515,5
29518,30,/repositories/30/resources/29518,107
29521,30,/repositories/30/resources/29521,51
29524,30,/repositories/30/resources/29524,172
29527,30,/repositories/30/resources/29527,14
29530,30,/repositories/30/resources/29530,4
29533,30,/repositories/30/resources/29533,3
29536,30,/repositories/30/resources/29536,5
29539,30,/repositories/30/resources/29539,5
29542,30,/repositories/30/resources/29542,5
29545,30,/repositories/30/resources/29545,7
29548,30,/repositories/30/resources/29548,5
29551,30,/repositories/30/resources/29551,7
29554,30,/repositories/30/resources/29554,4
29557,30,/repositories/30/resources/29557,30
29560,30,/repositories/30/resources/29560,3
29563,30,/repositories/30/resources/29563,3
29566,30,/repositories/30/resources/29566,4
29569,30,/repositories/30/resources/29569,3
29572,30,/repositories/30/resources/29572,3
29575,30,/repositories/30/resources/29575,5
29578,30,/repositories/30/resources/29578,5
29581,30,/repositories/30/resources/29581,3
29584,30,/repositories/30/resources/29584,21
29587,30,/repositories/30/resources/29587,5
29590,30,/repositories/30/resources/29590,3
29593,30,/repositories/30/resources/29593,3
29596,30,/repositories/30/resources/29596,4
29599,30,/repositories/30/resources/29599,4
29602,30,/repositories/30/resources/29602,4
29605,30,/repositories/30/resources/29605,12
29608,30,/repositories/30/resources/29608,3
29611,30,/repositories/30/resources/29611,96
29614,30,/repositories/30/resources/29614,3
29617,30,/repositories/30/resources/29617,3
29620,30,/repositories/30/resources/29620,3
29623,30,/repositories/30/resources/29623,3
29626,30,/repositories/30/resources/29626,4
29629,30,/repositories/30/resources/29629,4
29632,30,/repositories/30/resources/29632,8
29635,30,/repositories/30/resources/29635,11
29638,30,/repositories/30/resources/29638,5
29641,30,/repositories/30/resources/29641,4
29644,30,/repositories/30/resources/29644,11
29647,30,/repositories/30/resources/29647,3
29650,30,/repositories/30/resources/29650,4
29653,30,/repositories/30/resources/29653,19
29656,30,/repositories/30/resources/29656,3
29659,30,/repositories/30/resources/29659,4
29662,30,/repositories/30/resources/29662,3
29665,30,/repositories/30/resources/29665,4
29668,30,/repositories/30/resources/29668,4
29671,30,/repositories/30/resources/29671,9
29674,30,/repositories/30/resources/29674,5
29677,30,/repositories/30/resources/29677,13
29680,30,/repositories/30/resources/29680,4
29683,30,/repositories/30/resources/29683,8
29686,30,/repositories/30/resources/29686,17
29689,30,/repositories/30/resources/29689,9
29692,30,/repositories/30/resources/29692,5
29695,30,/repositories/30/resources/29695,6
29698,30,/repositories/30/resources/29698,5
29701,30,/repositories/30/resources/29701,6
29704,30,/repositories/30/resources/29704,4
29707,30,/repositories/30/resources/29707,198
29710,30,/repositories/30/resources/29710,3
29713,30,/repositories/30/resources/29713,32
29716,30,/repositories/30/resources/29716,3
29719,30,/repositories/30/resources/29719,3
29722,30,/repositories/30/resources/29722,7
29725,30,/repositories/30/resources/29725,4
29728,30,/repositories/30/resources/29728,5
29731,30,/repositories/30/resources/29731,5
29734,30,/repositories/30/resources/29734,4
29737,30,/repositories/30/resources/29737,57
29740,30,/repositories/30/resources/29740,5
29743,30,/repositories/30/resources/29743,3
29746,30,/repositories/30/resources/29746,5
29749,30,/repositories/30/resources/29749,8
29752,30,/repositories/30/resources/29752,4
29755,30,/repositories/30/resources/29755,3
29758,30,/repositories/30/resources/29758,4
29761,30,/repositories/30/resources/29761,3
29764,30,/repositories/30/resources/29764,5
29767,30,/repositories/30/resources/29767,36
29770,30,/repositories/30/resources/29770,27
29773,30,/repositories/30/resources/29773,3
29776,30,/repositories/30/resources/29776,4
29779,30,/repositories/30/resources/29779,4
29782,30,/repositories/30/resources/29782,7
29785,30,/repositories/30/resources/29785,4
29788,30,/repositories/30/resources/29788,4
29791,30,/repositories/30/resources/29791,421
29794,30,/repositories/30/resources/29794,7
29797,30,/repositories/30/resources/29797,11
29800,30,/repositories/30/resources/29800,9
29803,30,/repositories/30/resources/29803,6
29806,30,/repositories/30/resources/29806,19
29809,30,/repositories/30/resources/29809,410
29812,30,/repositories/30/resources/29812,7
29815,30,/repositories/30/resources/29815,3
29818,30,/repositories/30/resources/29818,7
29821,30,/repositories/30/resources/29821,5
29824,30,/repositories/30/resources/29824,5
29827,30,/repositories/30/resources/29827,6
29830,30,/repositories/30/resources/29830,8
29833,30,/repositories/30/resources/29833,4
29836,30,/repositories/30/resources/29836,4
29839,30,/repositories/30/resources/29839,3
29842,30,/repositories/30/resources/29842,4
29845,30,/repositories/30/resources/29845,11
29848,30,/repositories/30/resources/29848,24
29851,30,/repositories/30/resources/29851,16
29854,30,/repositories/30/resources/29854,3
29857,30,/repositories/30/resources/29857,21
29860,30,/repositories/30/resources/29860,14
29863,30,/repositories/30/resources/29863,36
29866,30,/repositories/30/resources/29866,24
29869,30,/repositories/30/resources/29869,5
29872,30,/repositories/30/resources/29872,22
29875,30,/repositories/30/resources/29875,4
29878,30,/repositories/30/resources/29878,11
29881,30,/repositories/30/resources/29881,12
29884,30,/repositories/30/resources/29884,3
29887,30,/repositories/30/resources/29887,5
29890,30,/repositories/30/resources/29890,77
29893,30,/repositories/30/resources/29893,5
29896,30,/repositories/30/resources/29896,8
29899,30,/repositories/30/resources/29899,19
29902,30,/repositories/30/resources/29902,10
29905,30,/repositories/30/resources/29905,7
29908,30,/repositories/30/resources/29908,6
29911,30,/repositories/30/resources/29911,4
29914,30,/repositories/30/resources/29914,9
29917,30,/repositories/30/resources/29917,3
29920,30,/repositories/30/resources/29920,3
29923,30,/repositories/30/resources/29923,8
29926,30,/repositories/30/resources/29926,6
29929,30,/repositories/30/resources/29929,3
29932,30,/repositories/30/resources/29932,4
29935,30,/repositories/30/resources/29935,8
29938,30,/repositories/30/resources/29938,18
29941,30,/repositories/30/resources/29941,4
29944,30,/repositories/30/resources/29944,5
29947,30,/repositories/30/resources/29947,3
29950,30,/repositories/30/resources/29950,3
29953,30,/repositories/30/resources/29953,3
29956,30,/repositories/30/resources/29956,3
29959,30,/repositories/30/resources/29959,18
29962,30,/repositories/30/resources/29962,14
29965,30,/repositories/30/resources/29965,15
29968,30,/repositories/30/resources/29968,4
29971,30,/repositories/30/resources/29971,6
29974,30,/repositories/30/resources/29974,3
29977,30,/repositories/30/resources/29977,9
29980,30,/repositories/30/resources/29980,18
29983,30,/repositories/30/resources/29983,4
29986,30,/repositories/30/resources/29986,3
29989,30,/repositories/30/resources/29989,15
29992,30,/repositories/30/resources/29992,3
29995,30,/repositories/30/resources/29995,16
29998,30,/repositories/30/resources/29998,5
30001,30,/repositories/30/resources/30001,7
30004,30,/repositories/30/resources/30004,5
30007,30,/repositories/30/resources/30007,4
30010,30,/repositories/30/resources/30010,4
30013,30,/repositories/30/resources/30013,13
30016,30,/repositories/30/resources/30016,7
30019,30,/repositories/30/resources/30019,5
30022,30,/repositories/30/resources/30022,71
30025,30,/repositories/30/resources/30025,4
30028,30,/repositories/30/resources/30028,4
30031,30,/repositories/30/resources/30031,4
30034,30,/repositories/30/resources/30034,5
30037,30,/repositories/30/resources/30037,3
30040,30,/repositories/30/resources/30040,3
30043,30,/repositories/30/resources/30043,4
30046,30,/repositories/30/resources/30046,17
30049,30,/repositories/30/resources/30049,3
30052,30,/repositories/30/resources/30052,4
30055,30,/repositories/30/resources/30055,12
30058,30,/repositories/30/resources/30058,4
30061,30,/repositories/30/resources/30061,4
30064,30,/repositories/30/resources/30064,10
30067,30,/repositories/30/resources/30067,5
30070,30,/repositories/30/resources/30070,4
30073,30,/repositories/30/resources/30073,13
30076,30,/repositories/30/resources/30076,3
30079,30,/repositories/30/resources/30079,26
30082,30,/repositories/30/resources/30082,6
30085,30,/repositories/30/resources/30085,1322
30088,30,/repositories/30/resources/30088,4
30091,30,/repositories/30/resources/30091,4
30094,30,/repositories/30/resources/30094,20
30097,30,/repositories/30/resources/30097,4
30100,30,/repositories/30/resources/30100,11
30103,30,/repositories/30/resources/30103,7
30106,30,/repositories/30/resources/30106,4
30109,30,/repositories/30/resources/30109,29
30112,30,/repositories/30/resources/30112,9
30115,30,/repositories/30/resources/30115,111
30118,30,/repositories/30/resources/30118,17
30121,30,/repositories/30/resources/30121,10
30124,30,/repositories/30/resources/30124,4
30127,30,/repositories/30/resources/30127,23
30130,30,/repositories/30/resources/30130,6
30133,30,/repositories/30/resources/30133,4
30136,30,/repositories/30/resources/30136,21
30139,30,/repositories/30/resources/30139,5
30142,30,/repositories/30/resources/30142,4
30145,30,/repositories/30/resources/30145,8
30148,30,/repositories/30/resources/30148,4
30151,30,/repositories/30/resources/30151,4
30154,30,/repositories/30/resources/30154,5
30157,30,/repositories/30/resources/30157,6
30160,30,/repositories/30/resources/30160,100
30163,30,/repositories/30/resources/30163,21
30166,30,/repositories/30/resources/30166,786
30169,30,/repositories/30/resources/30169,14
30172,30,/repositories/30/resources/30172,16
30175,30,/repositories/30/resources/30175,4
30178,30,/repositories/30/resources/30178,5
30181,30,/repositories/30/resources/30181,6
30184,30,/repositories/30/resources/30184,4
30187,30,/repositories/30/resources/30187,4
30190,30,/repositories/30/resources/30190,3
30193,30,/repositories/30/resources/30193,22
30196,30,/repositories/30/resources/30196,18
30199,30,/repositories/30/resources/30199,4
30202,30,/repositories/30/resources/30202,4
30205,30,/repositories/30/resources/30205,16
30208,30,/repositories/30/resources/30208,3
30211,30,/repositories/30/resources/30211,4
30214,30,/repositories/30/resources/30214,23
30217,30,/repositories/30/resources/30217,240
30220,30,/repositories/30/resources/30220,37
30223,30,/repositories/30/resources/30223,10
30226,30,/repositories/30/resources/30226,3
30229,30,/repositories/30/resources/30229,3
30232,30,/repositories/30/resources/30232,3
30235,30,/repositories/30/resources/30235,40
30238,30,/repositories/30/resources/30238,17
30241,30,/repositories/30/resources/30241,3
30244,30,/repositories/30/resources/30244,3
30247,30,/repositories/30/resources/30247,45
30250,30,/repositories/30/resources/30250,3
30253,30,/repositories/30/resources/30253,4
30256,30,/repositories/30/resources/30256,3
30259,30,/repositories/30/resources/30259,7
30262,30,/repositories/30/resources/30262,3
30265,30,/repositories/30/resources/30265,5
30268,30,/repositories/30/resources/30268,8
30271,30,/repositories/30/resources/30271,7
30274,30,/repositories/30/resources/30274,3
30277,30,/repositories/30/resources/30277,7
30280,30,/repositories/30/resources/30280,9
30283,30,/repositories/30/resources/30283,19
30286,30,/repositories/30/resources/30286,6
30289,30,/repositories/30/resources/30289,9
30292,30,/repositories/30/resources/30292,4
30295,30,/repositories/30/resources/30295,8
30298,30,/repositories/30/resources/30298,6
30301,30,/repositories/30/resources/30301,198
30304,30,/repositories/30/resources/30304,4
30307,30,/repositories/30/resources/30307,5
30310,30,/repositories/30/resources/30310,63
30313,30,/repositories/30/resources/30313,11
30316,30,/repositories/30/resources/30316,13
30319,30,/repositories/30/resources/30319,20
30322,30,/repositories/30/resources/30322,78
30325,30,/repositories/30/resources/30325,4
30328,30,/repositories/30/resources/30328,6
30331,30,/repositories/30/resources/30331,16
30334,30,/repositories/30/resources/30334,19
30337,30,/repositories/30/resources/30337,4
30340,30,/repositories/30/resources/30340,5
30343,30,/repositories/30/resources/30343,43
30346,30,/repositories/30/resources/30346,4
30349,30,/repositories/30/resources/30349,7
30352,30,/repositories/30/resources/30352,13
30355,30,/repositories/30/resources/30355,5
30358,30,/repositories/30/resources/30358,6
30361,30,/repositories/30/resources/30361,7
30364,30,/repositories/30/resources/30364,4
30367,30,/repositories/30/resources/30367,3
30370,30,/repositories/30/resources/30370,62
30373,30,/repositories/30/resources/30373,4
30376,30,/repositories/30/resources/30376,92
30379,30,/repositories/30/resources/30379,5
30382,30,/repositories/30/resources/30382,4
30385,30,/repositories/30/resources/30385,4
30388,30,/repositories/30/resources/30388,3
30391,30,/repositories/30/resources/30391,4
30394,30,/repositories/30/resources/30394,3
30397,30,/repositories/30/resources/30397,4
30400,30,/repositories/30/resources/30400,3
30403,30,/repositories/30/resources/30403,4
30406,30,/repositories/30/resources/30406,10
30409,30,/repositories/30/resources/30409,19
30412,30,/repositories/30/resources/30412,5
30415,30,/repositories/30/resources/30415,22
30418,30,/repositories/30/resources/30418,3
30421,30,/repositories/30/resources/30421,4
30424,30,/repositories/30/resources/30424,6
30427,30,/repositories/30/resources/30427,6
30430,30,/repositories/30/resources/30430,14
30433,30,/repositories/30/resources/30433,66
30436,30,/repositories/30/resources/30436,5
30439,30,/repositories/30/resources/30439,4
30442,30,/repositories/30/resources/30442,7
30445,30,/repositories/30/resources/30445,8
30448,30,/repositories/30/resources/30448,3
30451,30,/repositories/30/resources/30451,22
30454,30,/repositories/30/resources/30454,4
30457,30,/repositories/30/resources/30457,11
30460,30,/repositories/30/resources/30460,180
30463,30,/repositories/30/resources/30463,4
30466,30,/repositories/30/resources/30466,4
30469,30,/repositories/30/resources/30469,104
30472,30,/repositories/30/resources/30472,6
30475,30,/repositories/30/resources/30475,33
30478,30,/repositories/30/resources/30478,4
30481,30,/repositories/30/resources/30481,3
30484,30,/repositories/30/resources/30484,20
30487,30,/repositories/30/resources/30487,3
30490,30,/repositories/30/resources/30490,6
30493,30,/repositories/30/resources/30493,4
30496,30,/repositories/30/resources/30496,5
30499,30,/repositories/30/resources/30499,5
30502,30,/repositories/30/resources/30502,9
30505,30,/repositories/30/resources/30505,8
30508,30,/repositories/30/resources/30508,14
30511,30,/repositories/30/resources/30511,4
30514,30,/repositories/30/resources/30514,3
30517,30,/repositories/30/resources/30517,44
30520,30,/repositories/30/resources/30520,7
30523,30,/repositories/30/resources/30523,4
30526,30,/repositories/30/resources/30526,6
30529,30,/repositories/30/resources/30529,11
30532,30,/repositories/30/resources/30532,18
30535,30,/repositories/30/resources/30535,4
30538,30,/repositories/30/resources/30538,468
30541,30,/repositories/30/resources/30541,4
30544,30,/repositories/30/resources/30544,3
30547,30,/repositories/30/resources/30547,3
30550,30,/repositories/30/resources/30550,4
30553,30,/repositories/30/resources/30553,8
30556,30,/repositories/30/resources/30556,249
30559,30,/repositories/30/resources/30559,4
30562,30,/repositories/30/resources/30562,8
30565,30,/repositories/30/resources/30565,201
30568,30,/repositories/30/resources/30568,3
30571,30,/repositories/30/resources/30571,9
30574,30,/repositories/30/resources/30574,34
30577,30,/repositories/30/resources/30577,5
30580,30,/repositories/30/resources/30580,4
30583,30,/repositories/30/resources/30583,5
30586,30,/repositories/30/resources/30586,18
30589,30,/repositories/30/resources/30589,10
30592,30,/repositories/30/resources/30592,13
30595,30,/repositories/30/resources/30595,4
30598,30,/repositories/30/resources/30598,104
30601,30,/repositories/30/resources/30601,4
30604,30,/repositories/30/resources/30604,10
30607,30,/repositories/30/resources/30607,3
30610,30,/repositories/30/resources/30610,7
30613,30,/repositories/30/resources/30613,75
30616,30,/repositories/30/resources/30616,6
30619,30,/repositories/30/resources/30619,4
30622,30,/repositories/30/resources/30622,4
30625,30,/repositories/30/resources/30625,9
30628,30,/repositories/30/resources/30628,13
30631,30,/repositories/30/resources/30631,5
30634,30,/repositories/30/resources/30634,3
30637,30,/repositories/30/resources/30637,4
30640,30,/repositories/30/resources/30640,10
30643,30,/repositories/30/resources/30643,3
30646,30,/repositories/30/resources/30646,3
30649,30,/repositories/30/resources/30649,31
30652,30,/repositories/30/resources/30652,4
30655,30,/repositories/30/resources/30655,5
30658,30,/repositories/30/resources/30658,7
30661,30,/repositories/30/resources/30661,4
30664,30,/repositories/30/resources/30664,7
30667,30,/repositories/30/resources/30667,3
30670,30,/repositories/30/resources/30670,4
30673,30,/repositories/30/resources/30673,3
30676,30,/repositories/30/resources/30676,18
30679,30,/repositories/30/resources/30679,4
30682,30,/repositories/30/resources/30682,32
30685,30,/repositories/30/resources/30685,6
30688,30,/repositories/30/resources/30688,54
30691,30,/repositories/30/resources/30691,4
30694,30,/repositories/30/resources/30694,186
30697,30,/repositories/30/resources/30697,38
30700,30,/repositories/30/resources/30700,9
30703,30,/repositories/30/resources/30703,4
30706,30,/repositories/30/resources/30706,138
30709,30,/repositories/30/resources/30709,3
30712,30,/repositories/30/resources/30712,5
30715,30,/repositories/30/resources/30715,6
30718,30,/repositories/30/resources/30718,7
30721,30,/repositories/30/resources/30721,54
30724,30,/repositories/30/resources/30724,35
30727,30,/repositories/30/resources/30727,4
30730,30,/repositories/30/resources/30730,10
30733,30,/repositories/30/resources/30733,122
30736,30,/repositories/30/resources/30736,5
30739,30,/repositories/30/resources/30739,10
30742,30,/repositories/30/resources/30742,9
30745,30,/repositories/30/resources/30745,6
30748,30,/repositories/30/resources/30748,6
30751,30,/repositories/30/resources/30751,4
30754,30,/repositories/30/resources/30754,8
30757,30,/repositories/30/resources/30757,5
30760,30,/repositories/30/resources/30760,5
30763,30,/repositories/30/resources/30763,8
30766,30,/repositories/30/resources/30766,7
30769,30,/repositories/30/resources/30769,11
30772,30,/repositories/30/resources/30772,22
30775,30,/repositories/30/resources/30775,87
30778,30,/repositories/30/resources/30778,3
30781,30,/repositories/30/resources/30781,5
30784,30,/repositories/30/resources/30784,3
30787,30,/repositories/30/resources/30787,3
30790,30,/repositories/30/resources/30790,6
30793,30,/repositories/30/resources/30793,5
30796,30,/repositories/30/resources/30796,5
30799,30,/repositories/30/resources/30799,4
30802,30,/repositories/30/resources/30802,10
30805,30,/repositories/30/resources/30805,7
30808,30,/repositories/30/resources/30808,4
30811,30,/repositories/30/resources/30811,4
30814,30,/repositories/30/resources/30814,5
30817,30,/repositories/30/resources/30817,4
30820,30,/repositories/30/resources/30820,8
30823,30,/repositories/30/resources/30823,11
30826,30,/repositories/30/resources/30826,5
30829,30,/repositories/30/resources/30829,98
30832,30,/repositories/30/resources/30832,4
30835,30,/repositories/30/resources/30835,10
30838,30,/repositories/30/resources/30838,15
30841,30,/repositories/30/resources/30841,6
30844,30,/repositories/30/resources/30844,48
30847,30,/repositories/30/resources/30847,5
30850,30,/repositories/30/resources/30850,58
30853,30,/repositories/30/resources/30853,16
30856,30,/repositories/30/resources/30856,4
30859,30,/repositories/30/resources/30859,5
30862,30,/repositories/30/resources/30862,3
30865,30,/repositories/30/resources/30865,5
30868,30,/repositories/30/resources/30868,26
30871,30,/repositories/30/resources/30871,7
30874,30,/repositories/30/resources/30874,5
30877,30,/repositories/30/resources/30877,29
30880,30,/repositories/30/resources/30880,27
30883,30,/repositories/30/resources/30883,4
30886,30,/repositories/30/resources/30886,31
30889,30,/repositories/30/resources/30889,7
30892,30,/repositories/30/resources/30892,6
30895,30,/repositories/30/resources/30895,7
30898,30,/repositories/30/resources/30898,4
30901,30,/repositories/30/resources/30901,3
30904,30,/repositories/30/resources/30904,8
30907,30,/repositories/30/resources/30907,3
30910,30,/repositories/30/resources/30910,3
30913,30,/repositories/30/resources/30913,4
30916,30,/repositories/30/resources/30916,9
30919,30,/repositories/30/resources/30919,6
30922,30,/repositories/30/resources/30922,61
30925,30,/repositories/30/resources/30925,4
30928,30,/repositories/30/resources/30928,35
30931,30,/repositories/30/resources/30931,4
30934,30,/repositories/30/resources/30934,5
30937,30,/repositories/30/resources/30937,11
30940,30,/repositories/30/resources/30940,28
30943,30,/repositories/30/resources/30943,16
30946,30,/repositories/30/resources/30946,5
30949,30,/repositories/30/resources/30949,12
30952,30,/repositories/30/resources/30952,3
30955,30,/repositories/30/resources/30955,5
30958,30,/repositories/30/resources/30958,3
30961,30,/repositories/30/resources/30961,4
30964,30,/repositories/30/resources/30964,94
30967,30,/repositories/30/resources/30967,11
30970,30,/repositories/30/resources/30970,20
30973,30,/repositories/30/resources/30973,16
30976,30,/repositories/30/resources/30976,16
30979,30,/repositories/30/resources/30979,109
30982,30,/repositories/30/resources/30982,4
30985,30,/repositories/30/resources/30985,24
30988,30,/repositories/30/resources/30988,4
30991,30,/repositories/30/resources/30991,4
30994,30,/repositories/30/resources/30994,3
30997,30,/repositories/30/resources/30997,3
31000,30,/repositories/30/resources/31000,3
31003,30,/repositories/30/resources/31003,8
31006,30,/repositories/30/resources/31006,8
31009,30,/repositories/30/resources/31009,6
31012,30,/repositories/30/resources/31012,6
31015,30,/repositories/30/resources/31015,28
31018,30,/repositories/30/resources/31018,3
31021,30,/repositories/30/resources/31021,3
31024,30,/repositories/30/resources/31024,4
31027,30,/repositories/30/resources/31027,3
31030,30,/repositories/30/resources/31030,8
31033,30,/repositories/30/resources/31033,5
31036,30,/repositories/30/resources/31036,22
31039,30,/repositories/30/resources/31039,4
31042,30,/repositories/30/resources/31042,51
31045,30,/repositories/30/resources/31045,59
31048,30,/repositories/30/resources/31048,4
31051,30,/repositories/30/resources/31051,5
31054,30,/repositories/30/resources/31054,21
31057,30,/repositories/30/resources/31057,5
31060,30,/repositories/30/resources/31060,14
31063,30,/repositories/30/resources/31063,24
31066,30,/repositories/30/resources/31066,3
31069,30,/repositories/30/resources/31069,3
31072,30,/repositories/30/resources/31072,6
31075,30,/repositories/30/resources/31075,8
31078,30,/repositories/30/resources/31078,13
31081,30,/repositories/30/resources/31081,12
31084,30,/repositories/30/resources/31084,6
31087,30,/repositories/30/resources/31087,3
31090,30,/repositories/30/resources/31090,3
31093,30,/repositories/30/resources/31093,3
31096,30,/repositories/30/resources/31096,5
31099,30,/repositories/30/resources/31099,23
31102,30,/repositories/30/resources/31102,4
31105,30,/repositories/30/resources/31105,31
31108,30,/repositories/30/resources/31108,4
31111,30,/repositories/30/resources/31111,5
31114,30,/repositories/30/resources/31114,3
31117,30,/repositories/30/resources/31117,9
31120,30,/repositories/30/resources/31120,7
31123,30,/repositories/30/resources/31123,6
31126,30,/repositories/30/resources/31126,3
31129,30,/repositories/30/resources/31129,5
31132,30,/repositories/30/resources/31132,4
31135,30,/repositories/30/resources/31135,5
31138,30,/repositories/30/resources/31138,4
31141,30,/repositories/30/resources/31141,6
31144,30,/repositories/30/resources/31144,10
31147,30,/repositories/30/resources/31147,4
31150,30,/repositories/30/resources/31150,3
31153,30,/repositories/30/resources/31153,4
31156,30,/repositories/30/resources/31156,11
31159,30,/repositories/30/resources/31159,23
31162,30,/repositories/30/resources/31162,81
31165,30,/repositories/30/resources/31165,11
31168,30,/repositories/30/resources/31168,4
31171,30,/repositories/30/resources/31171,3
31174,30,/repositories/30/resources/31174,8
31177,30,/repositories/30/resources/31177,3
31180,30,/repositories/30/resources/31180,3
31183,30,/repositories/30/resources/31183,3
31186,30,/repositories/30/resources/31186,12
31189,30,/repositories/30/resources/31189,4
31192,30,/repositories/30/resources/31192,78
31195,30,/repositories/30/resources/31195,11
31198,30,/repositories/30/resources/31198,3
31201,30,/repositories/30/resources/31201,3
31204,30,/repositories/30/resources/31204,3
31207,30,/repositories/30/resources/31207,4
31210,30,/repositories/30/resources/31210,6
31216,30,/repositories/30/resources/31216,4
31219,30,/repositories/30/resources/31219,5
31222,30,/repositories/30/resources/31222,5
31225,30,/repositories/30/resources/31225,7
31228,30,/repositories/30/resources/31228,8
31231,30,/repositories/30/resources/31231,5
31234,30,/repositories/30/resources/31234,26
31237,30,/repositories/30/resources/31237,3
31240,30,/repositories/30/resources/31240,6
31243,30,/repositories/30/resources/31243,3
31246,30,/repositories/30/resources/31246,3
31249,30,/repositories/30/resources/31249,15
31252,30,/repositories/30/resources/31252,40
31255,30,/repositories/30/resources/31255,3
31258,30,/repositories/30/resources/31258,4
31261,30,/repositories/30/resources/31261,4
31264,30,/repositories/30/resources/31264,7
31267,30,/repositories/30/resources/31267,3
31270,30,/repositories/30/resources/31270,5
31273,30,/repositories/30/resources/31273,10
31276,30,/repositories/30/resources/31276,6
31279,30,/repositories/30/resources/31279,3
31282,30,/repositories/30/resources/31282,3
31285,30,/repositories/30/resources/31285,68
31288,30,/repositories/30/resources/31288,4
31291,30,/repositories/30/resources/31291,3
31294,30,/repositories/30/resources/31294,3
31297,30,/repositories/30/resources/31297,13
31300,30,/repositories/30/resources/31300,5
31303,30,/repositories/30/resources/31303,6
31306,30,/repositories/30/resources/31306,4
31309,30,/repositories/30/resources/31309,5
31312,30,/repositories/30/resources/31312,5
31315,30,/repositories/30/resources/31315,17
31318,30,/repositories/30/resources/31318,3
31321,30,/repositories/30/resources/31321,5
31324,30,/repositories/30/resources/31324,4
31327,30,/repositories/30/resources/31327,8
31330,30,/repositories/30/resources/31330,4
31333,30,/repositories/30/resources/31333,3
31336,30,/repositories/30/resources/31336,4
31339,30,/repositories/30/resources/31339,3
31342,30,/repositories/30/resources/31342,3
31345,30,/repositories/30/resources/31345,15
31348,30,/repositories/30/resources/31348,3
31351,30,/repositories/30/resources/31351,8
31354,30,/repositories/30/resources/31354,4
31357,30,/repositories/30/resources/31357,5
31360,30,/repositories/30/resources/31360,4
31363,30,/repositories/30/resources/31363,5
31366,30,/repositories/30/resources/31366,12
31369,30,/repositories/30/resources/31369,13
31372,30,/repositories/30/resources/31372,10
31375,30,/repositories/30/resources/31375,3
31378,30,/repositories/30/resources/31378,3
31381,30,/repositories/30/resources/31381,95
31384,30,/repositories/30/resources/31384,6
31387,30,/repositories/30/resources/31387,3
31390,30,/repositories/30/resources/31390,4
31393,30,/repositories/30/resources/31393,6
31396,30,/repositories/30/resources/31396,5
31399,30,/repositories/30/resources/31399,5
31402,30,/repositories/30/resources/31402,4
31405,30,/repositories/30/resources/31405,5
31408,30,/repositories/30/resources/31408,5
31411,30,/repositories/30/resources/31411,3
31414,30,/repositories/30/resources/31414,3
31417,30,/repositories/30/resources/31417,15
31420,30,/repositories/30/resources/31420,11
31423,30,/repositories/30/resources/31423,4
31426,30,/repositories/30/resources/31426,4
31429,30,/repositories/30/resources/31429,10
31432,30,/repositories/30/resources/31432,5
31435,30,/repositories/30/resources/31435,4
31438,30,/repositories/30/resources/31438,11
31441,30,/repositories/30/resources/31441,10
31444,30,/repositories/30/resources/31444,5
31447,30,/repositories/30/resources/31447,11
31450,30,/repositories/30/resources/31450,5
31453,30,/repositories/30/resources/31453,4
31456,30,/repositories/30/resources/31456,3
31459,30,/repositories/30/resources/31459,4
31462,30,/repositories/30/resources/31462,4
31465,30,/repositories/30/resources/31465,3
31468,30,/repositories/30/resources/31468,68
31471,30,/repositories/30/resources/31471,3
31474,30,/repositories/30/resources/31474,5
31477,30,/repositories/30/resources/31477,4
31480,30,/repositories/30/resources/31480,3
31483,30,/repositories/30/resources/31483,4
31486,30,/repositories/30/resources/31486,3
31489,30,/repositories/30/resources/31489,5
31492,30,/repositories/30/resources/31492,8
31495,30,/repositories/30/resources/31495,10
31498,30,/repositories/30/resources/31498,28
31501,30,/repositories/30/resources/31501,5
31504,30,/repositories/30/resources/31504,4
31507,30,/repositories/30/resources/31507,6
31510,30,/repositories/30/resources/31510,3
31513,30,/repositories/30/resources/31513,4
31516,30,/repositories/30/resources/31516,14
31519,30,/repositories/30/resources/31519,8
31522,30,/repositories/30/resources/31522,5
31525,30,/repositories/30/resources/31525,3
31528,30,/repositories/30/resources/31528,6
31531,30,/repositories/30/resources/31531,5
31534,30,/repositories/30/resources/31534,4
31537,30,/repositories/30/resources/31537,12
31540,30,/repositories/30/resources/31540,20
31543,30,/repositories/30/resources/31543,3
31546,30,/repositories/30/resources/31546,6
31549,30,/repositories/30/resources/31549,4
31552,30,/repositories/30/resources/31552,71
31555,30,/repositories/30/resources/31555,4
31558,30,/repositories/30/resources/31558,3
31561,30,/repositories/30/resources/31561,3
31564,30,/repositories/30/resources/31564,7
31567,30,/repositories/30/resources/31567,3
31570,30,/repositories/30/resources/31570,3
31573,30,/repositories/30/resources/31573,5
31576,30,/repositories/30/resources/31576,3
31579,30,/repositories/30/resources/31579,4
31582,30,/repositories/30/resources/31582,10
31585,30,/repositories/30/resources/31585,3
31588,30,/repositories/30/resources/31588,4
31591,30,/repositories/30/resources/31591,4
31594,30,/repositories/30/resources/31594,5
31597,30,/repositories/30/resources/31597,7
31600,30,/repositories/30/resources/31600,8
31603,30,/repositories/30/resources/31603,3
31606,30,/repositories/30/resources/31606,37
31609,30,/repositories/30/resources/31609,6
31612,30,/repositories/30/resources/31612,16
31615,30,/repositories/30/resources/31615,4
31618,30,/repositories/30/resources/31618,5
31621,30,/repositories/30/resources/31621,4
31624,30,/repositories/30/resources/31624,4
31627,30,/repositories/30/resources/31627,10
31630,30,/repositories/30/resources/31630,4
31633,30,/repositories/30/resources/31633,76
31636,30,/repositories/30/resources/31636,7
31639,30,/repositories/30/resources/31639,3
31642,30,/repositories/30/resources/31642,12
31645,30,/repositories/30/resources/31645,8
31648,30,/repositories/30/resources/31648,3
31651,30,/repositories/30/resources/31651,4
31654,30,/repositories/30/resources/31654,3
31657,30,/repositories/30/resources/31657,13
31660,30,/repositories/30/resources/31660,4
31663,30,/repositories/30/resources/31663,8
31666,30,/repositories/30/resources/31666,4
31669,30,/repositories/30/resources/31669,4
31672,30,/repositories/30/resources/31672,5
31675,30,/repositories/30/resources/31675,5
31678,30,/repositories/30/resources/31678,17
31681,30,/repositories/30/resources/31681,8
31684,30,/repositories/30/resources/31684,4
31687,30,/repositories/30/resources/31687,13
31690,30,/repositories/30/resources/31690,6
31693,30,/repositories/30/resources/31693,5
31696,30,/repositories/30/resources/31696,4
31699,30,/repositories/30/resources/31699,3
31702,30,/repositories/30/resources/31702,11
31705,30,/repositories/30/resources/31705,28
31708,30,/repositories/30/resources/31708,21
31711,30,/repositories/30/resources/31711,5
31714,30,/repositories/30/resources/31714,5
31717,30,/repositories/30/resources/31717,6
31720,30,/repositories/30/resources/31720,4
31723,30,/repositories/30/resources/31723,3
31726,30,/repositories/30/resources/31726,3
31729,30,/repositories/30/resources/31729,29
31732,30,/repositories/30/resources/31732,5
31735,30,/repositories/30/resources/31735,6
31738,30,/repositories/30/resources/31738,5
31741,30,/repositories/30/resources/31741,5
31744,30,/repositories/30/resources/31744,11
31747,30,/repositories/30/resources/31747,4
31750,30,/repositories/30/resources/31750,4
31753,30,/repositories/30/resources/31753,4
31756,30,/repositories/30/resources/31756,4
31759,30,/repositories/30/resources/31759,13
31762,30,/repositories/30/resources/31762,10
31765,30,/repositories/30/resources/31765,10
31768,30,/repositories/30/resources/31768,5
31771,30,/repositories/30/resources/31771,8
31774,30,/repositories/30/resources/31774,3
31777,30,/repositories/30/resources/31777,14
31780,30,/repositories/30/resources/31780,5
31783,30,/repositories/30/resources/31783,38
31786,30,/repositories/30/resources/31786,5
31789,30,/repositories/30/resources/31789,5
31792,30,/repositories/30/resources/31792,3
31795,30,/repositories/30/resources/31795,3
31798,30,/repositories/30/resources/31798,3
31801,30,/repositories/30/resources/31801,4
31804,30,/repositories/30/resources/31804,10
31807,30,/repositories/30/resources/31807,4
31810,30,/repositories/30/resources/31810,5
31813,30,/repositories/30/resources/31813,11
31816,30,/repositories/30/resources/31816,5
31819,30,/repositories/30/resources/31819,3
31822,30,/repositories/30/resources/31822,11
31825,30,/repositories/30/resources/31825,15
31828,30,/repositories/30/resources/31828,5
31831,30,/repositories/30/resources/31831,6
31834,30,/repositories/30/resources/31834,5
31837,30,/repositories/30/resources/31837,5
31840,30,/repositories/30/resources/31840,3
31843,30,/repositories/30/resources/31843,12
31846,30,/repositories/30/resources/31846,4
31849,30,/repositories/30/resources/31849,12
31852,30,/repositories/30/resources/31852,3
31855,30,/repositories/30/resources/31855,9
31858,30,/repositories/30/resources/31858,7
31861,30,/repositories/30/resources/31861,11
31864,30,/repositories/30/resources/31864,8
31867,30,/repositories/30/resources/31867,4
31870,30,/repositories/30/resources/31870,4
31873,30,/repositories/30/resources/31873,4
31876,30,/repositories/30/resources/31876,303
31879,30,/repositories/30/resources/31879,8
31882,30,/repositories/30/resources/31882,4
31885,30,/repositories/30/resources/31885,6
31888,30,/repositories/30/resources/31888,4
31891,30,/repositories/30/resources/31891,17
31894,30,/repositories/30/resources/31894,5
31897,30,/repositories/30/resources/31897,3
31900,30,/repositories/30/resources/31900,5
31903,30,/repositories/30/resources/31903,36
31906,30,/repositories/30/resources/31906,4
31909,30,/repositories/30/resources/31909,5
31912,30,/repositories/30/resources/31912,3
31915,30,/repositories/30/resources/31915,3
31918,30,/repositories/30/resources/31918,3
31921,30,/repositories/30/resources/31921,13
31924,30,/repositories/30/resources/31924,4
31927,30,/repositories/30/resources/31927,8
31930,30,/repositories/30/resources/31930,3
31933,30,/repositories/30/resources/31933,3
31936,30,/repositories/30/resources/31936,4
31939,30,/repositories/30/resources/31939,5
31942,30,/repositories/30/resources/31942,5
31945,30,/repositories/30/resources/31945,4
31948,30,/repositories/30/resources/31948,187
31951,30,/repositories/30/resources/31951,5
31954,30,/repositories/30/resources/31954,8
31957,30,/repositories/30/resources/31957,7
31960,30,/repositories/30/resources/31960,3
31963,30,/repositories/30/resources/31963,8
31966,30,/repositories/30/resources/31966,9
31969,30,/repositories/30/resources/31969,5
31972,30,/repositories/30/resources/31972,4
31975,30,/repositories/30/resources/31975,4
31978,30,/repositories/30/resources/31978,7
31981,30,/repositories/30/resources/31981,4
31984,30,/repositories/30/resources/31984,6
31987,30,/repositories/30/resources/31987,3
31990,30,/repositories/30/resources/31990,5
31993,30,/repositories/30/resources/31993,3
31996,30,/repositories/30/resources/31996,3
31999,30,/repositories/30/resources/31999,13
32002,30,/repositories/30/resources/32002,50
32005,30,/repositories/30/resources/32005,4
32008,30,/repositories/30/resources/32008,4
32011,30,/repositories/30/resources/32011,16
32014,30,/repositories/30/resources/32014,4
32017,30,/repositories/30/resources/32017,5
32020,30,/repositories/30/resources/32020,11
32023,30,/repositories/30/resources/32023,3
32026,30,/repositories/30/resources/32026,6
32029,30,/repositories/30/resources/32029,6
32032,30,/repositories/30/resources/32032,7
32035,30,/repositories/30/resources/32035,19
32038,30,/repositories/30/resources/32038,3
32041,30,/repositories/30/resources/32041,308
32044,30,/repositories/30/resources/32044,5
32047,30,/repositories/30/resources/32047,50
32050,30,/repositories/30/resources/32050,4
32053,30,/repositories/30/resources/32053,11
32056,30,/repositories/30/resources/32056,4
32059,30,/repositories/30/resources/32059,3
32062,30,/repositories/30/resources/32062,170
32065,30,/repositories/30/resources/32065,4
32068,30,/repositories/30/resources/32068,10
32071,30,/repositories/30/resources/32071,3
32074,30,/repositories/30/resources/32074,5
32077,30,/repositories/30/resources/32077,46
32080,30,/repositories/30/resources/32080,4
32083,30,/repositories/30/resources/32083,27
32086,30,/repositories/30/resources/32086,12
32089,30,/repositories/30/resources/32089,27
32092,30,/repositories/30/resources/32092,3
32095,30,/repositories/30/resources/32095,4
32098,30,/repositories/30/resources/32098,7
32101,30,/repositories/30/resources/32101,7
32104,30,/repositories/30/resources/32104,8
32107,30,/repositories/30/resources/32107,4
32110,30,/repositories/30/resources/32110,7
32113,30,/repositories/30/resources/32113,4
32116,30,/repositories/30/resources/32116,12
32119,30,/repositories/30/resources/32119,4
32122,30,/repositories/30/resources/32122,4
32125,30,/repositories/30/resources/32125,5
32128,30,/repositories/30/resources/32128,17
32131,30,/repositories/30/resources/32131,205
32134,30,/repositories/30/resources/32134,3
32137,30,/repositories/30/resources/32137,5
32140,30,/repositories/30/resources/32140,6
32143,30,/repositories/30/resources/32143,4
32146,30,/repositories/30/resources/32146,4
32149,30,/repositories/30/resources/32149,4
32152,30,/repositories/30/resources/32152,18
32155,30,/repositories/30/resources/32155,3
32158,30,/repositories/30/resources/32158,4
32161,30,/repositories/30/resources/32161,8
32164,30,/repositories/30/resources/32164,5
32167,30,/repositories/30/resources/32167,7
32170,30,/repositories/30/resources/32170,4
32173,30,/repositories/30/resources/32173,4
32176,30,/repositories/30/resources/32176,6
32179,30,/repositories/30/resources/32179,4
32182,30,/repositories/30/resources/32182,7
32185,30,/repositories/30/resources/32185,3
32188,30,/repositories/30/resources/32188,3
32191,30,/repositories/30/resources/32191,5
32194,30,/repositories/30/resources/32194,11
32197,30,/repositories/30/resources/32197,5
32200,30,/repositories/30/resources/32200,4
32203,30,/repositories/30/resources/32203,4
32206,30,/repositories/30/resources/32206,4
32209,30,/repositories/30/resources/32209,8
32212,30,/repositories/30/resources/32212,5
32215,30,/repositories/30/resources/32215,17
32218,30,/repositories/30/resources/32218,97
32221,30,/repositories/30/resources/32221,8
32224,30,/repositories/30/resources/32224,7
32227,30,/repositories/30/resources/32227,18
32230,30,/repositories/30/resources/32230,4
32233,30,/repositories/30/resources/32233,10
32236,30,/repositories/30/resources/32236,4
32239,30,/repositories/30/resources/32239,12
32242,30,/repositories/30/resources/32242,4
32245,30,/repositories/30/resources/32245,4
32248,30,/repositories/30/resources/32248,8
32251,30,/repositories/30/resources/32251,20
32254,30,/repositories/30/resources/32254,23
32257,30,/repositories/30/resources/32257,8
32260,30,/repositories/30/resources/32260,18
32263,30,/repositories/30/resources/32263,4
32266,30,/repositories/30/resources/32266,7
32269,30,/repositories/30/resources/32269,3
32272,30,/repositories/30/resources/32272,3
32275,30,/repositories/30/resources/32275,8
32278,30,/repositories/30/resources/32278,3
32281,30,/repositories/30/resources/32281,4
32284,30,/repositories/30/resources/32284,5
32287,30,/repositories/30/resources/32287,19
32290,30,/repositories/30/resources/32290,4
32293,30,/repositories/30/resources/32293,7
32296,30,/repositories/30/resources/32296,3
32299,30,/repositories/30/resources/32299,20
32302,30,/repositories/30/resources/32302,6
32305,30,/repositories/30/resources/32305,3
32308,30,/repositories/30/resources/32308,5
32311,30,/repositories/30/resources/32311,4
32314,30,/repositories/30/resources/32314,4
32317,30,/repositories/30/resources/32317,4
32320,30,/repositories/30/resources/32320,5
32323,30,/repositories/30/resources/32323,3
32326,30,/repositories/30/resources/32326,4
32329,30,/repositories/30/resources/32329,12
32332,30,/repositories/30/resources/32332,3
32335,30,/repositories/30/resources/32335,5
32338,30,/repositories/30/resources/32338,4
32341,30,/repositories/30/resources/32341,5
32344,30,/repositories/30/resources/32344,10
32347,30,/repositories/30/resources/32347,103
32350,30,/repositories/30/resources/32350,24
32353,30,/repositories/30/resources/32353,5
32356,30,/repositories/30/resources/32356,3
32359,30,/repositories/30/resources/32359,85
32362,30,/repositories/30/resources/32362,4
32365,30,/repositories/30/resources/32365,6
32368,30,/repositories/30/resources/32368,4
32371,30,/repositories/30/resources/32371,4
32374,30,/repositories/30/resources/32374,3
32377,30,/repositories/30/resources/32377,3
32380,30,/repositories/30/resources/32380,4
32383,30,/repositories/30/resources/32383,9
32386,30,/repositories/30/resources/32386,3
32389,30,/repositories/30/resources/32389,38
32392,30,/repositories/30/resources/32392,6
32395,30,/repositories/30/resources/32395,4
32398,30,/repositories/30/resources/32398,7
32401,30,/repositories/30/resources/32401,4
32404,30,/repositories/30/resources/32404,5
32407,30,/repositories/30/resources/32407,8
32410,30,/repositories/30/resources/32410,6
32413,30,/repositories/30/resources/32413,4
32416,30,/repositories/30/resources/32416,4
32419,30,/repositories/30/resources/32419,4
32422,30,/repositories/30/resources/32422,4
32425,30,/repositories/30/resources/32425,10
32428,30,/repositories/30/resources/32428,3
32431,30,/repositories/30/resources/32431,3
32434,30,/repositories/30/resources/32434,4
32437,30,/repositories/30/resources/32437,5
32440,30,/repositories/30/resources/32440,4
32443,30,/repositories/30/resources/32443,432
32446,30,/repositories/30/resources/32446,3
32449,30,/repositories/30/resources/32449,5
32452,30,/repositories/30/resources/32452,6
32455,30,/repositories/30/resources/32455,3
32458,30,/repositories/30/resources/32458,3
32461,30,/repositories/30/resources/32461,4
32464,30,/repositories/30/resources/32464,4
32467,30,/repositories/30/resources/32467,4
32470,30,/repositories/30/resources/32470,4
32473,30,/repositories/30/resources/32473,4
32476,30,/repositories/30/resources/32476,6
32479,30,/repositories/30/resources/32479,9
32482,30,/repositories/30/resources/32482,4
32485,30,/repositories/30/resources/32485,7
32488,30,/repositories/30/resources/32488,4
32491,30,/repositories/30/resources/32491,5
32494,30,/repositories/30/resources/32494,4
32497,30,/repositories/30/resources/32497,6
32500,30,/repositories/30/resources/32500,19
32503,30,/repositories/30/resources/32503,15
32506,30,/repositories/30/resources/32506,3
32509,30,/repositories/30/resources/32509,17
32512,30,/repositories/30/resources/32512,4
32515,30,/repositories/30/resources/32515,6
32518,30,/repositories/30/resources/32518,4
32521,30,/repositories/30/resources/32521,4
32524,30,/repositories/30/resources/32524,16
32527,30,/repositories/30/resources/32527,3
32530,30,/repositories/30/resources/32530,8
32533,30,/repositories/30/resources/32533,4
32536,30,/repositories/30/resources/32536,5
32539,30,/repositories/30/resources/32539,5
32542,30,/repositories/30/resources/32542,4
32545,30,/repositories/30/resources/32545,4
32551,30,/repositories/30/resources/32551,7
32554,30,/repositories/30/resources/32554,4
32557,30,/repositories/30/resources/32557,13
32560,30,/repositories/30/resources/32560,18
32563,30,/repositories/30/resources/32563,87
32566,30,/repositories/30/resources/32566,4
32569,30,/repositories/30/resources/32569,4
32572,30,/repositories/30/resources/32572,3
32575,30,/repositories/30/resources/32575,291
32578,30,/repositories/30/resources/32578,17
32581,30,/repositories/30/resources/32581,4
32584,30,/repositories/30/resources/32584,6
32587,30,/repositories/30/resources/32587,4
32590,30,/repositories/30/resources/32590,25
32593,30,/repositories/30/resources/32593,4
32596,30,/repositories/30/resources/32596,8
32599,30,/repositories/30/resources/32599,5
32602,30,/repositories/30/resources/32602,4
32605,30,/repositories/30/resources/32605,4
32608,30,/repositories/30/resources/32608,80
32611,30,/repositories/30/resources/32611,4
32614,30,/repositories/30/resources/32614,19
32617,30,/repositories/30/resources/32617,3
32620,30,/repositories/30/resources/32620,3
32623,30,/repositories/30/resources/32623,8
32626,30,/repositories/30/resources/32626,3
32629,30,/repositories/30/resources/32629,52
32632,30,/repositories/30/resources/32632,4
32635,30,/repositories/30/resources/32635,6
32638,30,/repositories/30/resources/32638,8
32641,30,/repositories/30/resources/32641,19
32644,30,/repositories/30/resources/32644,3
32647,30,/repositories/30/resources/32647,6
32650,30,/repositories/30/resources/32650,3
32653,30,/repositories/30/resources/32653,4
32656,30,/repositories/30/resources/32656,3
32659,30,/repositories/30/resources/32659,4
32662,30,/repositories/30/resources/32662,4
32665,30,/repositories/30/resources/32665,4
32668,30,/repositories/30/resources/32668,19
32671,30,/repositories/30/resources/32671,60
32674,30,/repositories/30/resources/32674,57
32677,30,/repositories/30/resources/32677,5
32680,30,/repositories/30/resources/32680,9
32683,30,/repositories/30/resources/32683,4
32686,30,/repositories/30/resources/32686,5
32689,30,/repositories/30/resources/32689,4
32692,30,/repositories/30/resources/32692,3
32695,30,/repositories/30/resources/32695,3
32698,30,/repositories/30/resources/32698,4
32701,30,/repositories/30/resources/32701,3
32704,30,/repositories/30/resources/32704,8
32707,30,/repositories/30/resources/32707,118
32710,30,/repositories/30/resources/32710,11
32713,30,/repositories/30/resources/32713,4
32716,30,/repositories/30/resources/32716,4
32719,30,/repositories/30/resources/32719,3
32722,30,/repositories/30/resources/32722,17
32725,30,/repositories/30/resources/32725,7
32728,30,/repositories/30/resources/32728,15
32731,30,/repositories/30/resources/32731,4
32734,30,/repositories/30/resources/32734,13
32737,30,/repositories/30/resources/32737,29
32740,30,/repositories/30/resources/32740,3
32743,30,/repositories/30/resources/32743,3
32746,30,/repositories/30/resources/32746,10
32749,30,/repositories/30/resources/32749,3
32752,30,/repositories/30/resources/32752,4
32755,30,/repositories/30/resources/32755,4
32758,30,/repositories/30/resources/32758,65
32761,30,/repositories/30/resources/32761,3
32764,30,/repositories/30/resources/32764,6
32767,30,/repositories/30/resources/32767,3
32770,30,/repositories/30/resources/32770,4
32773,30,/repositories/30/resources/32773,391
32776,30,/repositories/30/resources/32776,4
32779,30,/repositories/30/resources/32779,3
32782,30,/repositories/30/resources/32782,4
32785,30,/repositories/30/resources/32785,5
32788,30,/repositories/30/resources/32788,138
32791,30,/repositories/30/resources/32791,7
32794,30,/repositories/30/resources/32794,4
32797,30,/repositories/30/resources/32797,5
32800,30,/repositories/30/resources/32800,14
32803,30,/repositories/30/resources/32803,4
32806,30,/repositories/30/resources/32806,4
32809,30,/repositories/30/resources/32809,3
32812,30,/repositories/30/resources/32812,4
32815,30,/repositories/30/resources/32815,3
32818,30,/repositories/30/resources/32818,6
32821,30,/repositories/30/resources/32821,3
32824,30,/repositories/30/resources/32824,12
32827,30,/repositories/30/resources/32827,4
32830,30,/repositories/30/resources/32830,76
32833,30,/repositories/30/resources/32833,5
32836,30,/repositories/30/resources/32836,74
32839,30,/repositories/30/resources/32839,7
32842,30,/repositories/30/resources/32842,4
32845,30,/repositories/30/resources/32845,91
32848,30,/repositories/30/resources/32848,3
32851,30,/repositories/30/resources/32851,4
32854,30,/repositories/30/resources/32854,3
32857,30,/repositories/30/resources/32857,4
32860,30,/repositories/30/resources/32860,4
32863,30,/repositories/30/resources/32863,4
32866,30,/repositories/30/resources/32866,47
32869,30,/repositories/30/resources/32869,4
32872,30,/repositories/30/resources/32872,4
32875,30,/repositories/30/resources/32875,4
32878,30,/repositories/30/resources/32878,4
32881,30,/repositories/30/resources/32881,4
32884,30,/repositories/30/resources/32884,3
32887,30,/repositories/30/resources/32887,11
32890,30,/repositories/30/resources/32890,3
32893,30,/repositories/30/resources/32893,3
32896,30,/repositories/30/resources/32896,3
32899,30,/repositories/30/resources/32899,24
32902,30,/repositories/30/resources/32902,4
32905,30,/repositories/30/resources/32905,3
32908,30,/repositories/30/resources/32908,3
32911,30,/repositories/30/resources/32911,5
32914,30,/repositories/30/resources/32914,6
32917,30,/repositories/30/resources/32917,3
32920,30,/repositories/30/resources/32920,3
32923,30,/repositories/30/resources/32923,4
32926,30,/repositories/30/resources/32926,10
32929,30,/repositories/30/resources/32929,4
32932,30,/repositories/30/resources/32932,4
32935,30,/repositories/30/resources/32935,3
32938,30,/repositories/30/resources/32938,5
32941,30,/repositories/30/resources/32941,3
32944,30,/repositories/30/resources/32944,4
32947,30,/repositories/30/resources/32947,5
32950,30,/repositories/30/resources/32950,3
32953,30,/repositories/30/resources/32953,107
32956,30,/repositories/30/resources/32956,9
32959,30,/repositories/30/resources/32959,12
32962,30,/repositories/30/resources/32962,3
32965,30,/repositories/30/resources/32965,14
32968,30,/repositories/30/resources/32968,4
32971,30,/repositories/30/resources/32971,4
32974,30,/repositories/30/resources/32974,9
32977,30,/repositories/30/resources/32977,7
32980,30,/repositories/30/resources/32980,3
32983,30,/repositories/30/resources/32983,10
32986,30,/repositories/30/resources/32986,5
32989,30,/repositories/30/resources/32989,5
32992,30,/repositories/30/resources/32992,14
32995,30,/repositories/30/resources/32995,19
32998,30,/repositories/30/resources/32998,13
33001,30,/repositories/30/resources/33001,8
33004,30,/repositories/30/resources/33004,4
33007,30,/repositories/30/resources/33007,9
33010,30,/repositories/30/resources/33010,3
33013,30,/repositories/30/resources/33013,5
33016,30,/repositories/30/resources/33016,3
33019,30,/repositories/30/resources/33019,5
33022,30,/repositories/30/resources/33022,4
33025,30,/repositories/30/resources/33025,17
33028,30,/repositories/30/resources/33028,5
33031,30,/repositories/30/resources/33031,16
33034,30,/repositories/30/resources/33034,116
33037,30,/repositories/30/resources/33037,5
33040,30,/repositories/30/resources/33040,3
33043,30,/repositories/30/resources/33043,5
33046,30,/repositories/30/resources/33046,5
33049,30,/repositories/30/resources/33049,4
33052,30,/repositories/30/resources/33052,4
33055,30,/repositories/30/resources/33055,4
33058,30,/repositories/30/resources/33058,4
33061,30,/repositories/30/resources/33061,4
33064,30,/repositories/30/resources/33064,158
33067,30,/repositories/30/resources/33067,7
33070,30,/repositories/30/resources/33070,4
33073,30,/repositories/30/resources/33073,6
33076,30,/repositories/30/resources/33076,4
33079,30,/repositories/30/resources/33079,11
33082,30,/repositories/30/resources/33082,3
33085,30,/repositories/30/resources/33085,6
33088,30,/repositories/30/resources/33088,16
33091,30,/repositories/30/resources/33091,3
33094,30,/repositories/30/resources/33094,3
33097,30,/repositories/30/resources/33097,5
33100,30,/repositories/30/resources/33100,5
33103,30,/repositories/30/resources/33103,3
33106,30,/repositories/30/resources/33106,4
33109,30,/repositories/30/resources/33109,4
33112,30,/repositories/30/resources/33112,3
33115,30,/repositories/30/resources/33115,4
33118,30,/repositories/30/resources/33118,5
33121,30,/repositories/30/resources/33121,5
33124,30,/repositories/30/resources/33124,14
33127,30,/repositories/30/resources/33127,3
33130,30,/repositories/30/resources/33130,4
33133,30,/repositories/30/resources/33133,4
33136,30,/repositories/30/resources/33136,4
33139,30,/repositories/30/resources/33139,4
33142,30,/repositories/30/resources/33142,11
33145,30,/repositories/30/resources/33145,21
33148,30,/repositories/30/resources/33148,86
33151,30,/repositories/30/resources/33151,5
33154,30,/repositories/30/resources/33154,3
33157,30,/repositories/30/resources/33157,5
33160,30,/repositories/30/resources/33160,4
33163,30,/repositories/30/resources/33163,3
33166,30,/repositories/30/resources/33166,4
33169,30,/repositories/30/resources/33169,21
33172,30,/repositories/30/resources/33172,3
33175,30,/repositories/30/resources/33175,7
33178,30,/repositories/30/resources/33178,78
33181,30,/repositories/30/resources/33181,4
33184,30,/repositories/30/resources/33184,7
33187,30,/repositories/30/resources/33187,7
33190,30,/repositories/30/resources/33190,12
33193,30,/repositories/30/resources/33193,9
33196,30,/repositories/30/resources/33196,4
33199,30,/repositories/30/resources/33199,3
33202,30,/repositories/30/resources/33202,4
33205,30,/repositories/30/resources/33205,3
33208,30,/repositories/30/resources/33208,3
33211,30,/repositories/30/resources/33211,3
33214,30,/repositories/30/resources/33214,3
33217,30,/repositories/30/resources/33217,55
33220,30,/repositories/30/resources/33220,23
33223,30,/repositories/30/resources/33223,4
33226,30,/repositories/30/resources/33226,8
33229,30,/repositories/30/resources/33229,4
33232,30,/repositories/30/resources/33232,3
33235,30,/repositories/30/resources/33235,7
33238,30,/repositories/30/resources/33238,13
33241,30,/repositories/30/resources/33241,26
33244,30,/repositories/30/resources/33244,3
33247,30,/repositories/30/resources/33247,663
33250,30,/repositories/30/resources/33250,3
33253,30,/repositories/30/resources/33253,12
33256,30,/repositories/30/resources/33256,12
33259,30,/repositories/30/resources/33259,63
33262,30,/repositories/30/resources/33262,161
33265,30,/repositories/30/resources/33265,9
33268,30,/repositories/30/resources/33268,13
33271,30,/repositories/30/resources/33271,3
33274,30,/repositories/30/resources/33274,25
33277,30,/repositories/30/resources/33277,9
33280,30,/repositories/30/resources/33280,155
33283,30,/repositories/30/resources/33283,4
33286,30,/repositories/30/resources/33286,14
33289,30,/repositories/30/resources/33289,3
33292,30,/repositories/30/resources/33292,5
33295,30,/repositories/30/resources/33295,4
33298,30,/repositories/30/resources/33298,7
33301,30,/repositories/30/resources/33301,3
33304,30,/repositories/30/resources/33304,3
33307,30,/repositories/30/resources/33307,3
33310,30,/repositories/30/resources/33310,3
33313,30,/repositories/30/resources/33313,4
33316,30,/repositories/30/resources/33316,3
33319,30,/repositories/30/resources/33319,8
33322,30,/repositories/30/resources/33322,3
33325,30,/repositories/30/resources/33325,6
33328,30,/repositories/30/resources/33328,7
33331,30,/repositories/30/resources/33331,3
33334,30,/repositories/30/resources/33334,3
33337,30,/repositories/30/resources/33337,38
33340,30,/repositories/30/resources/33340,6
33343,30,/repositories/30/resources/33343,4
33346,30,/repositories/30/resources/33346,10
33349,30,/repositories/30/resources/33349,4
33352,30,/repositories/30/resources/33352,14
33355,30,/repositories/30/resources/33355,3
33358,30,/repositories/30/resources/33358,33
33361,30,/repositories/30/resources/33361,4
33364,30,/repositories/30/resources/33364,13
33367,30,/repositories/30/resources/33367,4
33370,30,/repositories/30/resources/33370,3
33373,30,/repositories/30/resources/33373,4
33376,30,/repositories/30/resources/33376,4
33379,30,/repositories/30/resources/33379,4
33382,30,/repositories/30/resources/33382,3
33385,30,/repositories/30/resources/33385,5
33388,30,/repositories/30/resources/33388,3
33391,30,/repositories/30/resources/33391,28
33394,30,/repositories/30/resources/33394,11
33397,30,/repositories/30/resources/33397,8
33400,30,/repositories/30/resources/33400,3
33403,30,/repositories/30/resources/33403,4
33406,30,/repositories/30/resources/33406,77
33409,30,/repositories/30/resources/33409,16
33412,30,/repositories/30/resources/33412,5
33415,30,/repositories/30/resources/33415,14
33418,30,/repositories/30/resources/33418,4
33421,30,/repositories/30/resources/33421,4
33424,30,/repositories/30/resources/33424,3
33427,30,/repositories/30/resources/33427,4
33430,30,/repositories/30/resources/33430,3
33433,30,/repositories/30/resources/33433,4
33436,30,/repositories/30/resources/33436,4
33439,30,/repositories/30/resources/33439,48
33442,30,/repositories/30/resources/33442,12
33445,30,/repositories/30/resources/33445,3
33448,30,/repositories/30/resources/33448,4
33451,30,/repositories/30/resources/33451,4
33454,30,/repositories/30/resources/33454,8
33457,30,/repositories/30/resources/33457,6
33460,30,/repositories/30/resources/33460,6
33463,30,/repositories/30/resources/33463,6
33466,30,/repositories/30/resources/33466,24
33469,30,/repositories/30/resources/33469,8
33472,30,/repositories/30/resources/33472,17
33475,30,/repositories/30/resources/33475,3
33478,30,/repositories/30/resources/33478,9
33481,30,/repositories/30/resources/33481,6
33484,30,/repositories/30/resources/33484,3
33487,30,/repositories/30/resources/33487,7
33490,30,/repositories/30/resources/33490,4
33493,30,/repositories/30/resources/33493,4
33496,30,/repositories/30/resources/33496,4
33499,30,/repositories/30/resources/33499,4
33502,30,/repositories/30/resources/33502,6
33505,30,/repositories/30/resources/33505,3
33508,30,/repositories/30/resources/33508,4
33511,30,/repositories/30/resources/33511,4
33514,30,/repositories/30/resources/33514,10
33517,30,/repositories/30/resources/33517,5
33520,30,/repositories/30/resources/33520,5
33523,30,/repositories/30/resources/33523,19
33526,30,/repositories/30/resources/33526,4
33529,30,/repositories/30/resources/33529,3
33532,30,/repositories/30/resources/33532,3
33535,30,/repositories/30/resources/33535,3
33538,30,/repositories/30/resources/33538,7
33541,30,/repositories/30/resources/33541,4
33544,30,/repositories/30/resources/33544,9
33547,30,/repositories/30/resources/33547,17
33550,30,/repositories/30/resources/33550,119
33553,30,/repositories/30/resources/33553,25
33556,30,/repositories/30/resources/33556,22
33559,30,/repositories/30/resources/33559,4
33562,30,/repositories/30/resources/33562,8
33565,30,/repositories/30/resources/33565,3
33568,30,/repositories/30/resources/33568,19
33571,30,/repositories/30/resources/33571,4
33574,30,/repositories/30/resources/33574,5
33577,30,/repositories/30/resources/33577,4
33580,30,/repositories/30/resources/33580,4
33583,30,/repositories/30/resources/33583,4
33586,30,/repositories/30/resources/33586,4
33589,30,/repositories/30/resources/33589,5
33592,30,/repositories/30/resources/33592,5
33595,30,/repositories/30/resources/33595,5
33598,30,/repositories/30/resources/33598,5
33601,30,/repositories/30/resources/33601,19
33604,30,/repositories/30/resources/33604,172
33607,30,/repositories/30/resources/33607,4
33610,30,/repositories/30/resources/33610,3
33613,30,/repositories/30/resources/33613,9
33616,30,/repositories/30/resources/33616,5
33619,30,/repositories/30/resources/33619,53
33622,30,/repositories/30/resources/33622,4
33625,30,/repositories/30/resources/33625,3
33628,30,/repositories/30/resources/33628,3
33631,30,/repositories/30/resources/33631,6
33634,30,/repositories/30/resources/33634,9
33637,30,/repositories/30/resources/33637,6
33640,30,/repositories/30/resources/33640,3
33643,30,/repositories/30/resources/33643,6
33646,30,/repositories/30/resources/33646,5
33649,30,/repositories/30/resources/33649,9
33652,30,/repositories/30/resources/33652,11
33655,30,/repositories/30/resources/33655,6
33658,30,/repositories/30/resources/33658,10
33661,30,/repositories/30/resources/33661,5
33664,30,/repositories/30/resources/33664,64
33667,30,/repositories/30/resources/33667,4
33670,30,/repositories/30/resources/33670,5
33673,30,/repositories/30/resources/33673,25
33676,30,/repositories/30/resources/33676,4
33679,30,/repositories/30/resources/33679,5
33682,30,/repositories/30/resources/33682,15
33685,30,/repositories/30/resources/33685,3
33688,30,/repositories/30/resources/33688,5
33691,30,/repositories/30/resources/33691,4
33694,30,/repositories/30/resources/33694,3
33697,30,/repositories/30/resources/33697,6
33700,30,/repositories/30/resources/33700,12
33703,30,/repositories/30/resources/33703,9
33706,30,/repositories/30/resources/33706,8
33709,30,/repositories/30/resources/33709,3
33712,30,/repositories/30/resources/33712,4
33715,30,/repositories/30/resources/33715,93
33718,30,/repositories/30/resources/33718,8
33721,30,/repositories/30/resources/33721,12
33724,30,/repositories/30/resources/33724,5
33727,30,/repositories/30/resources/33727,12
33730,30,/repositories/30/resources/33730,5
33733,30,/repositories/30/resources/33733,3
33736,30,/repositories/30/resources/33736,3
33739,30,/repositories/30/resources/33739,3
33742,30,/repositories/30/resources/33742,5
33745,30,/repositories/30/resources/33745,3
33748,30,/repositories/30/resources/33748,3
33751,30,/repositories/30/resources/33751,4
33754,30,/repositories/30/resources/33754,9
33757,30,/repositories/30/resources/33757,10
33760,30,/repositories/30/resources/33760,5
33763,30,/repositories/30/resources/33763,7
33766,30,/repositories/30/resources/33766,3
33769,30,/repositories/30/resources/33769,5
33772,30,/repositories/30/resources/33772,5
33775,30,/repositories/30/resources/33775,5
33778,30,/repositories/30/resources/33778,28
33781,30,/repositories/30/resources/33781,4
33784,30,/repositories/30/resources/33784,12
33787,30,/repositories/30/resources/33787,3
33790,30,/repositories/30/resources/33790,9
33793,30,/repositories/30/resources/33793,12
33796,30,/repositories/30/resources/33796,8
33799,30,/repositories/30/resources/33799,15
33802,30,/repositories/30/resources/33802,3
33805,30,/repositories/30/resources/33805,3
33808,30,/repositories/30/resources/33808,19
33811,30,/repositories/30/resources/33811,4
33814,30,/repositories/30/resources/33814,6
33817,30,/repositories/30/resources/33817,10
33820,30,/repositories/30/resources/33820,4
33823,30,/repositories/30/resources/33823,6
33826,30,/repositories/30/resources/33826,6
33829,30,/repositories/30/resources/33829,4
33832,30,/repositories/30/resources/33832,4
33835,30,/repositories/30/resources/33835,3
33838,30,/repositories/30/resources/33838,3
33841,30,/repositories/30/resources/33841,4
33844,30,/repositories/30/resources/33844,3
33847,30,/repositories/30/resources/33847,4
33850,30,/repositories/30/resources/33850,5
33853,30,/repositories/30/resources/33853,10
33856,30,/repositories/30/resources/33856,6
33859,30,/repositories/30/resources/33859,3
33862,30,/repositories/30/resources/33862,5
33865,30,/repositories/30/resources/33865,48
33868,30,/repositories/30/resources/33868,3
33871,30,/repositories/30/resources/33871,3
33874,30,/repositories/30/resources/33874,16
33877,30,/repositories/30/resources/33877,7
33880,30,/repositories/30/resources/33880,4
33883,30,/repositories/30/resources/33883,4
33886,30,/repositories/30/resources/33886,4
33889,30,/repositories/30/resources/33889,6
33892,30,/repositories/30/resources/33892,5
33895,30,/repositories/30/resources/33895,3
33898,30,/repositories/30/resources/33898,9
33901,30,/repositories/30/resources/33901,17
33904,30,/repositories/30/resources/33904,5
33907,30,/repositories/30/resources/33907,3
33910,30,/repositories/30/resources/33910,4
33913,30,/repositories/30/resources/33913,4
33916,30,/repositories/30/resources/33916,9
33919,30,/repositories/30/resources/33919,94
33922,30,/repositories/30/resources/33922,13
33925,30,/repositories/30/resources/33925,10
33928,30,/repositories/30/resources/33928,6
33931,30,/repositories/30/resources/33931,67
33934,30,/repositories/30/resources/33934,3
33937,30,/repositories/30/resources/33937,4
33940,30,/repositories/30/resources/33940,7
33943,30,/repositories/30/resources/33943,8
33946,30,/repositories/30/resources/33946,4
33949,30,/repositories/30/resources/33949,4
33952,30,/repositories/30/resources/33952,32
33955,30,/repositories/30/resources/33955,5
33958,30,/repositories/30/resources/33958,5
33961,30,/repositories/30/resources/33961,7
33964,30,/repositories/30/resources/33964,3
33967,30,/repositories/30/resources/33967,3
33970,30,/repositories/30/resources/33970,5
33973,30,/repositories/30/resources/33973,24
33976,30,/repositories/30/resources/33976,9
33979,30,/repositories/30/resources/33979,3
33982,30,/repositories/30/resources/33982,3
33985,30,/repositories/30/resources/33985,3
33988,30,/repositories/30/resources/33988,7
33991,30,/repositories/30/resources/33991,3
33994,30,/repositories/30/resources/33994,4
33997,30,/repositories/30/resources/33997,11
34000,30,/repositories/30/resources/34000,9
34003,30,/repositories/30/resources/34003,19
34006,30,/repositories/30/resources/34006,9
34009,30,/repositories/30/resources/34009,434
34012,30,/repositories/30/resources/34012,10
34015,30,/repositories/30/resources/34015,52
34018,30,/repositories/30/resources/34018,17
34021,30,/repositories/30/resources/34021,6
34024,30,/repositories/30/resources/34024,10
34027,30,/repositories/30/resources/34027,4
34030,30,/repositories/30/resources/34030,6
34033,30,/repositories/30/resources/34033,3
34036,30,/repositories/30/resources/34036,31
34039,30,/repositories/30/resources/34039,15
34042,30,/repositories/30/resources/34042,6
34045,30,/repositories/30/resources/34045,130
34048,30,/repositories/30/resources/34048,4
34051,30,/repositories/30/resources/34051,11
34054,30,/repositories/30/resources/34054,12
34057,30,/repositories/30/resources/34057,3
34060,30,/repositories/30/resources/34060,4
34063,30,/repositories/30/resources/34063,3
34066,30,/repositories/30/resources/34066,11
34069,30,/repositories/30/resources/34069,7
34072,30,/repositories/30/resources/34072,4
34075,30,/repositories/30/resources/34075,7
34078,30,/repositories/30/resources/34078,4
34081,30,/repositories/30/resources/34081,4
34084,30,/repositories/30/resources/34084,4
34087,30,/repositories/30/resources/34087,3
34090,30,/repositories/30/resources/34090,4
34093,30,/repositories/30/resources/34093,5
34096,30,/repositories/30/resources/34096,3
34099,30,/repositories/30/resources/34099,34
34102,30,/repositories/30/resources/34102,23
34105,30,/repositories/30/resources/34105,4
34108,30,/repositories/30/resources/34108,29
34111,30,/repositories/30/resources/34111,6
34114,30,/repositories/30/resources/34114,5
34117,30,/repositories/30/resources/34117,10
34120,30,/repositories/30/resources/34120,10
34123,30,/repositories/30/resources/34123,6
34126,30,/repositories/30/resources/34126,6
34129,30,/repositories/30/resources/34129,12
34132,30,/repositories/30/resources/34132,8
34135,30,/repositories/30/resources/34135,4
34138,30,/repositories/30/resources/34138,11
34141,30,/repositories/30/resources/34141,20
34144,30,/repositories/30/resources/34144,10
34147,30,/repositories/30/resources/34147,5
34150,30,/repositories/30/resources/34150,5
34153,30,/repositories/30/resources/34153,4
34156,30,/repositories/30/resources/34156,14
34159,30,/repositories/30/resources/34159,4
34162,30,/repositories/30/resources/34162,3
34165,30,/repositories/30/resources/34165,6
34168,30,/repositories/30/resources/34168,9
34171,30,/repositories/30/resources/34171,3
34174,30,/repositories/30/resources/34174,3
34177,30,/repositories/30/resources/34177,4
34180,30,/repositories/30/resources/34180,4
34183,30,/repositories/30/resources/34183,3
34186,30,/repositories/30/resources/34186,4
34189,30,/repositories/30/resources/34189,16
34192,30,/repositories/30/resources/34192,6
34195,30,/repositories/30/resources/34195,3
34198,30,/repositories/30/resources/34198,4
34201,30,/repositories/30/resources/34201,4
34204,30,/repositories/30/resources/34204,11
34207,30,/repositories/30/resources/34207,4
34210,30,/repositories/30/resources/34210,4
34213,30,/repositories/30/resources/34213,4
34216,30,/repositories/30/resources/34216,4
34219,30,/repositories/30/resources/34219,5
34222,30,/repositories/30/resources/34222,4
34225,30,/repositories/30/resources/34225,3
34228,30,/repositories/30/resources/34228,3
34231,30,/repositories/30/resources/34231,4
34234,30,/repositories/30/resources/34234,3
34237,30,/repositories/30/resources/34237,4
34240,30,/repositories/30/resources/34240,26
34243,30,/repositories/30/resources/34243,4
34246,30,/repositories/30/resources/34246,3
34249,30,/repositories/30/resources/34249,4
34252,30,/repositories/30/resources/34252,10
34255,30,/repositories/30/resources/34255,31
34258,30,/repositories/30/resources/34258,4
34261,30,/repositories/30/resources/34261,4
34264,30,/repositories/30/resources/34264,3
34267,30,/repositories/30/resources/34267,66
34270,30,/repositories/30/resources/34270,4
34273,30,/repositories/30/resources/34273,11
34276,30,/repositories/30/resources/34276,3
34279,30,/repositories/30/resources/34279,8
34282,30,/repositories/30/resources/34282,5
34285,30,/repositories/30/resources/34285,7
34288,30,/repositories/30/resources/34288,4
34291,30,/repositories/30/resources/34291,26
34294,30,/repositories/30/resources/34294,5
34297,30,/repositories/30/resources/34297,6
34300,30,/repositories/30/resources/34300,7
34303,30,/repositories/30/resources/34303,3
34306,30,/repositories/30/resources/34306,8
34309,30,/repositories/30/resources/34309,4
34312,30,/repositories/30/resources/34312,3
34315,30,/repositories/30/resources/34315,3
34318,30,/repositories/30/resources/34318,5
34321,30,/repositories/30/resources/34321,3
34324,30,/repositories/30/resources/34324,4
34327,30,/repositories/30/resources/34327,10
34330,30,/repositories/30/resources/34330,5
34333,30,/repositories/30/resources/34333,3
34336,30,/repositories/30/resources/34336,4
34339,30,/repositories/30/resources/34339,291
34342,30,/repositories/30/resources/34342,6
34345,30,/repositories/30/resources/34345,6
34348,30,/repositories/30/resources/34348,3
34351,30,/repositories/30/resources/34351,9
34354,30,/repositories/30/resources/34354,22
34357,30,/repositories/30/resources/34357,3
34360,30,/repositories/30/resources/34360,3
34363,30,/repositories/30/resources/34363,4
34366,30,/repositories/30/resources/34366,9
34369,30,/repositories/30/resources/34369,20
34372,30,/repositories/30/resources/34372,4
34375,30,/repositories/30/resources/34375,5
34378,30,/repositories/30/resources/34378,16
34381,30,/repositories/30/resources/34381,3
34384,30,/repositories/30/resources/34384,3
34387,30,/repositories/30/resources/34387,21
34390,30,/repositories/30/resources/34390,4
34393,30,/repositories/30/resources/34393,6
34396,30,/repositories/30/resources/34396,4
34399,30,/repositories/30/resources/34399,3
34402,30,/repositories/30/resources/34402,4
34405,30,/repositories/30/resources/34405,3
34408,30,/repositories/30/resources/34408,3
34411,30,/repositories/30/resources/34411,4
34414,30,/repositories/30/resources/34414,3
34417,30,/repositories/30/resources/34417,9
34420,30,/repositories/30/resources/34420,5
34423,30,/repositories/30/resources/34423,3
34426,30,/repositories/30/resources/34426,4
34429,30,/repositories/30/resources/34429,13
34432,30,/repositories/30/resources/34432,3
34435,30,/repositories/30/resources/34435,5
34438,30,/repositories/30/resources/34438,5
34441,30,/repositories/30/resources/34441,14
34444,30,/repositories/30/resources/34444,20
34447,30,/repositories/30/resources/34447,15
34450,30,/repositories/30/resources/34450,10
34453,30,/repositories/30/resources/34453,6
34456,30,/repositories/30/resources/34456,4
34459,30,/repositories/30/resources/34459,14
34462,30,/repositories/30/resources/34462,7
34465,30,/repositories/30/resources/34465,6
34468,30,/repositories/30/resources/34468,5
34471,30,/repositories/30/resources/34471,9
34474,30,/repositories/30/resources/34474,7
34477,30,/repositories/30/resources/34477,4
34480,30,/repositories/30/resources/34480,4
34483,30,/repositories/30/resources/34483,6
34486,30,/repositories/30/resources/34486,3
34489,30,/repositories/30/resources/34489,3
34492,30,/repositories/30/resources/34492,3
34495,30,/repositories/30/resources/34495,7
34498,30,/repositories/30/resources/34498,7
34501,30,/repositories/30/resources/34501,30
34504,30,/repositories/30/resources/34504,3
34507,30,/repositories/30/resources/34507,3
34510,30,/repositories/30/resources/34510,29
34513,30,/repositories/30/resources/34513,10
34516,30,/repositories/30/resources/34516,13
34519,30,/repositories/30/resources/34519,4
34522,30,/repositories/30/resources/34522,3
34525,30,/repositories/30/resources/34525,4
34528,30,/repositories/30/resources/34528,5
34531,30,/repositories/30/resources/34531,3
34534,30,/repositories/30/resources/34534,11
34537,30,/repositories/30/resources/34537,136
34540,30,/repositories/30/resources/34540,6
34543,30,/repositories/30/resources/34543,3
34546,30,/repositories/30/resources/34546,5
34549,30,/repositories/30/resources/34549,5
34552,30,/repositories/30/resources/34552,18
34555,30,/repositories/30/resources/34555,4
34558,30,/repositories/30/resources/34558,4
34561,30,/repositories/30/resources/34561,4
34564,30,/repositories/30/resources/34564,6
34567,30,/repositories/30/resources/34567,4
34570,30,/repositories/30/resources/34570,5
34573,30,/repositories/30/resources/34573,5
34576,30,/repositories/30/resources/34576,28
34579,30,/repositories/30/resources/34579,6
34582,30,/repositories/30/resources/34582,3
34585,30,/repositories/30/resources/34585,5
34588,30,/repositories/30/resources/34588,12
34591,30,/repositories/30/resources/34591,5
34594,30,/repositories/30/resources/34594,43
34597,30,/repositories/30/resources/34597,13
34600,30,/repositories/30/resources/34600,9
34603,30,/repositories/30/resources/34603,7
34606,30,/repositories/30/resources/34606,5
34609,30,/repositories/30/resources/34609,4
34612,30,/repositories/30/resources/34612,4
34615,30,/repositories/30/resources/34615,8
34618,30,/repositories/30/resources/34618,3
34621,30,/repositories/30/resources/34621,3
34624,30,/repositories/30/resources/34624,5
34627,30,/repositories/30/resources/34627,3
34630,30,/repositories/30/resources/34630,3
34633,30,/repositories/30/resources/34633,5
34636,30,/repositories/30/resources/34636,29
34639,30,/repositories/30/resources/34639,8
34642,30,/repositories/30/resources/34642,9
34645,30,/repositories/30/resources/34645,22
34648,30,/repositories/30/resources/34648,24
34651,30,/repositories/30/resources/34651,3
34654,30,/repositories/30/resources/34654,5
34657,30,/repositories/30/resources/34657,8
34660,30,/repositories/30/resources/34660,4
34663,30,/repositories/30/resources/34663,73
34666,30,/repositories/30/resources/34666,3
34669,30,/repositories/30/resources/34669,5
34672,30,/repositories/30/resources/34672,4
34675,30,/repositories/30/resources/34675,12
34678,30,/repositories/30/resources/34678,3
34681,30,/repositories/30/resources/34681,102
34684,30,/repositories/30/resources/34684,8
34687,30,/repositories/30/resources/34687,5
34690,30,/repositories/30/resources/34690,3
34693,30,/repositories/30/resources/34693,41
34696,30,/repositories/30/resources/34696,27
34699,30,/repositories/30/resources/34699,6
34702,30,/repositories/30/resources/34702,8
34705,30,/repositories/30/resources/34705,4
34708,30,/repositories/30/resources/34708,9
34711,30,/repositories/30/resources/34711,9
34714,30,/repositories/30/resources/34714,27
34717,30,/repositories/30/resources/34717,7
34720,30,/repositories/30/resources/34720,7
34723,30,/repositories/30/resources/34723,4
34726,30,/repositories/30/resources/34726,14
34729,30,/repositories/30/resources/34729,23
34732,30,/repositories/30/resources/34732,6
34735,30,/repositories/30/resources/34735,11
34738,30,/repositories/30/resources/34738,9
34741,30,/repositories/30/resources/34741,3
34744,30,/repositories/30/resources/34744,8
34747,30,/repositories/30/resources/34747,5
34750,30,/repositories/30/resources/34750,14
34753,30,/repositories/30/resources/34753,8
34756,30,/repositories/30/resources/34756,18
34759,30,/repositories/30/resources/34759,10
34762,30,/repositories/30/resources/34762,17
34765,30,/repositories/30/resources/34765,25
34768,30,/repositories/30/resources/34768,4
34771,30,/repositories/30/resources/34771,84
34774,30,/repositories/30/resources/34774,16
34777,30,/repositories/30/resources/34777,226
34780,30,/repositories/30/resources/34780,6
34783,30,/repositories/30/resources/34783,4
34786,30,/repositories/30/resources/34786,7
34789,30,/repositories/30/resources/34789,4
34792,30,/repositories/30/resources/34792,9
34795,30,/repositories/30/resources/34795,9
34798,30,/repositories/30/resources/34798,77
34801,30,/repositories/30/resources/34801,6
34804,30,/repositories/30/resources/34804,15
34807,30,/repositories/30/resources/34807,16
34810,30,/repositories/30/resources/34810,4
34813,30,/repositories/30/resources/34813,24
34816,30,/repositories/30/resources/34816,35
34819,30,/repositories/30/resources/34819,5
34822,30,/repositories/30/resources/34822,4
34825,30,/repositories/30/resources/34825,10
34828,30,/repositories/30/resources/34828,5
34831,30,/repositories/30/resources/34831,8
34834,30,/repositories/30/resources/34834,18
34837,30,/repositories/30/resources/34837,8
34840,30,/repositories/30/resources/34840,16
34843,30,/repositories/30/resources/34843,8
34846,30,/repositories/30/resources/34846,4
34849,30,/repositories/30/resources/34849,27
34852,30,/repositories/30/resources/34852,4
34855,30,/repositories/30/resources/34855,3
34858,30,/repositories/30/resources/34858,12
34861,30,/repositories/30/resources/34861,3
34864,30,/repositories/30/resources/34864,29
34867,30,/repositories/30/resources/34867,8
34870,30,/repositories/30/resources/34870,7
34873,30,/repositories/30/resources/34873,4
34876,30,/repositories/30/resources/34876,13
34879,30,/repositories/30/resources/34879,24
34882,30,/repositories/30/resources/34882,160
34885,30,/repositories/30/resources/34885,3
34888,30,/repositories/30/resources/34888,6
34891,30,/repositories/30/resources/34891,8
34894,30,/repositories/30/resources/34894,14
34897,30,/repositories/30/resources/34897,24
34900,30,/repositories/30/resources/34900,4
34903,30,/repositories/30/resources/34903,18
34906,30,/repositories/30/resources/34906,12
34909,30,/repositories/30/resources/34909,7
34912,30,/repositories/30/resources/34912,12
34915,30,/repositories/30/resources/34915,6
34918,30,/repositories/30/resources/34918,6
34921,30,/repositories/30/resources/34921,5
34924,30,/repositories/30/resources/34924,10
34927,30,/repositories/30/resources/34927,12
34930,30,/repositories/30/resources/34930,9
34933,30,/repositories/30/resources/34933,4
34936,30,/repositories/30/resources/34936,8
34939,30,/repositories/30/resources/34939,1169
34942,30,/repositories/30/resources/34942,31
34945,30,/repositories/30/resources/34945,5
34948,30,/repositories/30/resources/34948,12
34951,30,/repositories/30/resources/34951,12
34954,30,/repositories/30/resources/34954,13
34957,30,/repositories/30/resources/34957,44
34960,30,/repositories/30/resources/34960,51
34963,30,/repositories/30/resources/34963,11
34966,30,/repositories/30/resources/34966,11
34969,30,/repositories/30/resources/34969,10
34972,30,/repositories/30/resources/34972,12
34975,30,/repositories/30/resources/34975,6
34978,30,/repositories/30/resources/34978,105
34981,30,/repositories/30/resources/34981,4
34984,30,/repositories/30/resources/34984,7
34987,30,/repositories/30/resources/34987,8
34990,30,/repositories/30/resources/34990,11
34993,30,/repositories/30/resources/34993,89
34996,30,/repositories/30/resources/34996,3
34999,30,/repositories/30/resources/34999,5
35002,30,/repositories/30/resources/35002,7
35005,30,/repositories/30/resources/35005,13
35008,30,/repositories/30/resources/35008,5
35011,30,/repositories/30/resources/35011,122
35014,30,/repositories/30/resources/35014,13
35017,30,/repositories/30/resources/35017,4
35020,30,/repositories/30/resources/35020,38
35023,30,/repositories/30/resources/35023,10
35026,30,/repositories/30/resources/35026,3
35029,30,/repositories/30/resources/35029,10
35032,30,/repositories/30/resources/35032,16
35035,30,/repositories/30/resources/35035,9
35038,30,/repositories/30/resources/35038,13
35041,30,/repositories/30/resources/35041,14
35044,30,/repositories/30/resources/35044,5
35047,30,/repositories/30/resources/35047,6
35050,30,/repositories/30/resources/35050,6
35053,30,/repositories/30/resources/35053,4
35056,30,/repositories/30/resources/35056,8
35059,30,/repositories/30/resources/35059,62
35062,30,/repositories/30/resources/35062,4
35065,30,/repositories/30/resources/35065,111
35068,30,/repositories/30/resources/35068,13
35071,30,/repositories/30/resources/35071,10
35074,30,/repositories/30/resources/35074,112
35077,30,/repositories/30/resources/35077,15
35080,30,/repositories/30/resources/35080,31
35083,30,/repositories/30/resources/35083,11
35086,30,/repositories/30/resources/35086,4
35089,30,/repositories/30/resources/35089,109
35092,30,/repositories/30/resources/35092,14
35095,30,/repositories/30/resources/35095,6
35098,30,/repositories/30/resources/35098,9
35101,30,/repositories/30/resources/35101,20
35104,30,/repositories/30/resources/35104,5
35107,30,/repositories/30/resources/35107,17
35110,30,/repositories/30/resources/35110,8
35113,30,/repositories/30/resources/35113,7
35116,30,/repositories/30/resources/35116,14
35119,30,/repositories/30/resources/35119,16
35122,30,/repositories/30/resources/35122,252
35125,30,/repositories/30/resources/35125,5
35128,30,/repositories/30/resources/35128,41
35131,30,/repositories/30/resources/35131,3
35134,30,/repositories/30/resources/35134,28
35137,30,/repositories/30/resources/35137,3
35140,30,/repositories/30/resources/35140,6
35143,30,/repositories/30/resources/35143,12
35146,30,/repositories/30/resources/35146,9
35149,30,/repositories/30/resources/35149,3
35152,30,/repositories/30/resources/35152,16
35155,30,/repositories/30/resources/35155,25
35158,30,/repositories/30/resources/35158,11
35161,30,/repositories/30/resources/35161,120
35164,30,/repositories/30/resources/35164,4
35167,30,/repositories/30/resources/35167,12
35170,30,/repositories/30/resources/35170,32
35173,30,/repositories/30/resources/35173,6
35176,30,/repositories/30/resources/35176,7
35179,30,/repositories/30/resources/35179,3
35182,30,/repositories/30/resources/35182,23
35185,30,/repositories/30/resources/35185,12
35188,30,/repositories/30/resources/35188,12
35191,30,/repositories/30/resources/35191,11
35194,30,/repositories/30/resources/35194,6
35197,30,/repositories/30/resources/35197,5
35200,30,/repositories/30/resources/35200,16
35203,30,/repositories/30/resources/35203,38
35206,30,/repositories/30/resources/35206,8
35209,30,/repositories/30/resources/35209,3
35212,30,/repositories/30/resources/35212,143
35215,30,/repositories/30/resources/35215,6
35218,30,/repositories/30/resources/35218,12
35221,30,/repositories/30/resources/35221,10
35224,30,/repositories/30/resources/35224,5
35227,30,/repositories/30/resources/35227,312
35230,30,/repositories/30/resources/35230,9
35233,30,/repositories/30/resources/35233,10
35236,30,/repositories/30/resources/35236,8
35239,30,/repositories/30/resources/35239,6
35242,30,/repositories/30/resources/35242,4
35245,30,/repositories/30/resources/35245,12
35248,30,/repositories/30/resources/35248,5
35251,30,/repositories/30/resources/35251,6
35254,30,/repositories/30/resources/35254,4
35257,30,/repositories/30/resources/35257,4
35260,30,/repositories/30/resources/35260,79
35263,30,/repositories/30/resources/35263,9
35266,30,/repositories/30/resources/35266,6
35269,30,/repositories/30/resources/35269,6
35272,30,/repositories/30/resources/35272,6
35275,30,/repositories/30/resources/35275,8
35278,30,/repositories/30/resources/35278,11
35281,30,/repositories/30/resources/35281,23
35284,30,/repositories/30/resources/35284,5
35287,30,/repositories/30/resources/35287,5
35290,30,/repositories/30/resources/35290,11
35293,30,/repositories/30/resources/35293,9
35296,30,/repositories/30/resources/35296,11
35299,30,/repositories/30/resources/35299,9
35302,30,/repositories/30/resources/35302,107
35305,30,/repositories/30/resources/35305,8
35308,30,/repositories/30/resources/35308,21
35311,30,/repositories/30/resources/35311,4
35314,30,/repositories/30/resources/35314,6
35317,30,/repositories/30/resources/35317,12
35320,30,/repositories/30/resources/35320,9
35323,30,/repositories/30/resources/35323,4
35326,30,/repositories/30/resources/35326,4
35329,30,/repositories/30/resources/35329,6
35332,30,/repositories/30/resources/35332,7
35335,30,/repositories/30/resources/35335,7
35338,30,/repositories/30/resources/35338,5
35341,30,/repositories/30/resources/35341,8
35344,30,/repositories/30/resources/35344,5
35347,30,/repositories/30/resources/35347,10
35350,30,/repositories/30/resources/35350,4
35353,30,/repositories/30/resources/35353,18
35356,30,/repositories/30/resources/35356,20
35359,30,/repositories/30/resources/35359,4
35362,30,/repositories/30/resources/35362,26
35365,30,/repositories/30/resources/35365,21
35368,30,/repositories/30/resources/35368,4
35371,30,/repositories/30/resources/35371,13
35374,30,/repositories/30/resources/35374,14
35377,30,/repositories/30/resources/35377,18
35380,30,/repositories/30/resources/35380,268
35383,30,/repositories/30/resources/35383,57
35386,30,/repositories/30/resources/35386,30
35389,30,/repositories/30/resources/35389,10
35392,30,/repositories/30/resources/35392,5
35395,30,/repositories/30/resources/35395,5
35398,30,/repositories/30/resources/35398,12
35401,30,/repositories/30/resources/35401,4
35404,30,/repositories/30/resources/35404,16
35407,30,/repositories/30/resources/35407,67
35410,30,/repositories/30/resources/35410,6
35413,30,/repositories/30/resources/35413,9
35416,30,/repositories/30/resources/35416,4
35419,30,/repositories/30/resources/35419,9
35422,30,/repositories/30/resources/35422,5
35425,30,/repositories/30/resources/35425,11
35428,30,/repositories/30/resources/35428,10
35431,30,/repositories/30/resources/35431,5
35434,30,/repositories/30/resources/35434,26
35437,30,/repositories/30/resources/35437,5
35440,30,/repositories/30/resources/35440,23
35443,30,/repositories/30/resources/35443,32
35446,30,/repositories/30/resources/35446,6
35449,30,/repositories/30/resources/35449,5
35452,30,/repositories/30/resources/35452,15
35455,30,/repositories/30/resources/35455,15
35458,30,/repositories/30/resources/35458,6
35461,30,/repositories/30/resources/35461,14
35464,30,/repositories/30/resources/35464,14
35467,30,/repositories/30/resources/35467,11
35470,30,/repositories/30/resources/35470,21
35473,30,/repositories/30/resources/35473,5
35476,30,/repositories/30/resources/35476,13
35479,30,/repositories/30/resources/35479,7
35482,30,/repositories/30/resources/35482,4
35485,30,/repositories/30/resources/35485,72
35488,30,/repositories/30/resources/35488,9
35491,30,/repositories/30/resources/35491,7
35494,30,/repositories/30/resources/35494,6
35497,30,/repositories/30/resources/35497,24
35500,30,/repositories/30/resources/35500,3
35503,30,/repositories/30/resources/35503,14
35506,30,/repositories/30/resources/35506,7
35509,30,/repositories/30/resources/35509,6
35512,30,/repositories/30/resources/35512,8
35515,30,/repositories/30/resources/35515,11
35518,30,/repositories/30/resources/35518,7
35521,30,/repositories/30/resources/35521,16
35524,30,/repositories/30/resources/35524,5
35527,30,/repositories/30/resources/35527,4
35530,30,/repositories/30/resources/35530,6
35533,30,/repositories/30/resources/35533,13
35536,30,/repositories/30/resources/35536,13
35539,30,/repositories/30/resources/35539,8
35542,30,/repositories/30/resources/35542,3
35545,30,/repositories/30/resources/35545,4
35548,30,/repositories/30/resources/35548,10
35551,30,/repositories/30/resources/35551,4
35554,30,/repositories/30/resources/35554,9
35557,30,/repositories/30/resources/35557,8
35560,30,/repositories/30/resources/35560,14
35563,30,/repositories/30/resources/35563,4
35566,30,/repositories/30/resources/35566,5
35569,30,/repositories/30/resources/35569,9
35572,30,/repositories/30/resources/35572,5
35575,30,/repositories/30/resources/35575,5
35578,30,/repositories/30/resources/35578,3
35581,30,/repositories/30/resources/35581,26
35584,30,/repositories/30/resources/35584,5
35587,30,/repositories/30/resources/35587,14
35590,30,/repositories/30/resources/35590,5
35593,30,/repositories/30/resources/35593,18
35596,30,/repositories/30/resources/35596,11
35599,30,/repositories/30/resources/35599,13
35602,30,/repositories/30/resources/35602,4
35605,30,/repositories/30/resources/35605,12
35608,30,/repositories/30/resources/35608,23
35611,30,/repositories/30/resources/35611,6
35614,30,/repositories/30/resources/35614,7
35617,30,/repositories/30/resources/35617,103
35620,30,/repositories/30/resources/35620,5
35623,30,/repositories/30/resources/35623,17
35626,30,/repositories/30/resources/35626,8
35629,30,/repositories/30/resources/35629,419
35632,30,/repositories/30/resources/35632,166
35635,30,/repositories/30/resources/35635,181
35638,30,/repositories/30/resources/35638,31
35641,30,/repositories/30/resources/35641,43
35644,30,/repositories/30/resources/35644,33
35647,30,/repositories/30/resources/35647,4
35650,30,/repositories/30/resources/35650,4
35653,30,/repositories/30/resources/35653,11
35656,30,/repositories/30/resources/35656,10
35659,30,/repositories/30/resources/35659,3
35662,30,/repositories/30/resources/35662,32
35665,30,/repositories/30/resources/35665,132
35668,30,/repositories/30/resources/35668,29
35671,30,/repositories/30/resources/35671,57
35674,30,/repositories/30/resources/35674,21
35677,30,/repositories/30/resources/35677,15
35680,30,/repositories/30/resources/35680,8
35683,30,/repositories/30/resources/35683,30
35686,30,/repositories/30/resources/35686,16
35689,30,/repositories/30/resources/35689,32
35692,30,/repositories/30/resources/35692,5
35695,30,/repositories/30/resources/35695,27
35698,30,/repositories/30/resources/35698,7
35701,30,/repositories/30/resources/35701,11
35704,30,/repositories/30/resources/35704,7
35707,30,/repositories/30/resources/35707,7
35710,30,/repositories/30/resources/35710,8
35713,30,/repositories/30/resources/35713,8
35716,30,/repositories/30/resources/35716,7
35719,30,/repositories/30/resources/35719,11
35722,30,/repositories/30/resources/35722,5
35725,30,/repositories/30/resources/35725,3
35728,30,/repositories/30/resources/35728,9
35731,30,/repositories/30/resources/35731,10
35734,30,/repositories/30/resources/35734,51
35737,30,/repositories/30/resources/35737,7
35740,30,/repositories/30/resources/35740,32
35743,30,/repositories/30/resources/35743,13
35746,30,/repositories/30/resources/35746,13
35749,30,/repositories/30/resources/35749,7
35752,30,/repositories/30/resources/35752,7
35755,30,/repositories/30/resources/35755,7
35758,30,/repositories/30/resources/35758,52
35761,30,/repositories/30/resources/35761,12
35764,30,/repositories/30/resources/35764,6
35767,30,/repositories/30/resources/35767,8
35770,30,/repositories/30/resources/35770,8
35773,30,/repositories/30/resources/35773,26
35776,30,/repositories/30/resources/35776,28
35779,30,/repositories/30/resources/35779,11
35782,30,/repositories/30/resources/35782,22
35785,30,/repositories/30/resources/35785,28
35788,30,/repositories/30/resources/35788,13
35791,30,/repositories/30/resources/35791,126
35794,30,/repositories/30/resources/35794,59
35797,30,/repositories/30/resources/35797,4
35800,30,/repositories/30/resources/35800,17
35803,30,/repositories/30/resources/35803,14
35806,30,/repositories/30/resources/35806,17
35809,30,/repositories/30/resources/35809,20
35812,30,/repositories/30/resources/35812,6
35815,30,/repositories/30/resources/35815,4
35818,30,/repositories/30/resources/35818,242
35821,30,/repositories/30/resources/35821,5
35824,30,/repositories/30/resources/35824,70
35827,30,/repositories/30/resources/35827,10
35830,30,/repositories/30/resources/35830,8
35833,30,/repositories/30/resources/35833,8
35836,30,/repositories/30/resources/35836,10
35839,30,/repositories/30/resources/35839,4
35842,30,/repositories/30/resources/35842,11
35845,30,/repositories/30/resources/35845,14
35848,30,/repositories/30/resources/35848,7
35851,30,/repositories/30/resources/35851,10
35854,30,/repositories/30/resources/35854,4
35857,30,/repositories/30/resources/35857,22
35860,30,/repositories/30/resources/35860,6
35863,30,/repositories/30/resources/35863,30
35866,30,/repositories/30/resources/35866,10
35869,30,/repositories/30/resources/35869,15
35872,30,/repositories/30/resources/35872,14
35875,30,/repositories/30/resources/35875,21
35878,30,/repositories/30/resources/35878,5
35881,30,/repositories/30/resources/35881,8
35884,30,/repositories/30/resources/35884,3
35887,30,/repositories/30/resources/35887,4
35890,30,/repositories/30/resources/35890,5
35893,30,/repositories/30/resources/35893,4
35896,30,/repositories/30/resources/35896,46
35899,30,/repositories/30/resources/35899,6
35902,30,/repositories/30/resources/35902,6
35905,30,/repositories/30/resources/35905,107
35908,30,/repositories/30/resources/35908,16
35911,30,/repositories/30/resources/35911,4
35914,30,/repositories/30/resources/35914,6
35917,30,/repositories/30/resources/35917,3
35920,30,/repositories/30/resources/35920,3
35923,30,/repositories/30/resources/35923,4
35926,30,/repositories/30/resources/35926,30
35929,30,/repositories/30/resources/35929,5
35932,30,/repositories/30/resources/35932,6
35935,30,/repositories/30/resources/35935,6
35938,30,/repositories/30/resources/35938,15
35941,30,/repositories/30/resources/35941,6
35944,30,/repositories/30/resources/35944,26
35947,30,/repositories/30/resources/35947,15
35950,30,/repositories/30/resources/35950,5
35953,30,/repositories/30/resources/35953,31
35956,30,/repositories/30/resources/35956,14
35959,30,/repositories/30/resources/35959,7
35962,30,/repositories/30/resources/35962,6
35965,30,/repositories/30/resources/35965,15
35968,30,/repositories/30/resources/35968,6
35971,30,/repositories/30/resources/35971,7
35974,30,/repositories/30/resources/35974,11
35977,30,/repositories/30/resources/35977,9
35980,30,/repositories/30/resources/35980,11
35983,30,/repositories/30/resources/35983,3
35986,30,/repositories/30/resources/35986,5
35989,30,/repositories/30/resources/35989,48
35992,30,/repositories/30/resources/35992,6
35995,30,/repositories/30/resources/35995,12
35998,30,/repositories/30/resources/35998,7
36001,30,/repositories/30/resources/36001,10
36004,30,/repositories/30/resources/36004,6
36007,30,/repositories/30/resources/36007,5
36010,30,/repositories/30/resources/36010,86
36013,30,/repositories/30/resources/36013,13
36016,30,/repositories/30/resources/36016,7
36019,30,/repositories/30/resources/36019,17
36022,30,/repositories/30/resources/36022,6
36025,30,/repositories/30/resources/36025,7
36028,30,/repositories/30/resources/36028,6
36031,30,/repositories/30/resources/36031,15
36034,30,/repositories/30/resources/36034,21
36037,30,/repositories/30/resources/36037,5
36040,30,/repositories/30/resources/36040,5
36043,30,/repositories/30/resources/36043,8
36046,30,/repositories/30/resources/36046,16
36049,30,/repositories/30/resources/36049,10
36052,30,/repositories/30/resources/36052,22
36055,30,/repositories/30/resources/36055,17
36058,30,/repositories/30/resources/36058,3
36061,30,/repositories/30/resources/36061,9
36064,30,/repositories/30/resources/36064,10
36067,30,/repositories/30/resources/36067,6
36070,30,/repositories/30/resources/36070,73
36073,30,/repositories/30/resources/36073,4
36076,30,/repositories/30/resources/36076,12
36079,30,/repositories/30/resources/36079,7
36082,30,/repositories/30/resources/36082,35
36085,30,/repositories/30/resources/36085,10
36088,30,/repositories/30/resources/36088,16
36091,30,/repositories/30/resources/36091,6
36094,30,/repositories/30/resources/36094,9
36097,30,/repositories/30/resources/36097,25
36100,30,/repositories/30/resources/36100,10
36103,30,/repositories/30/resources/36103,11
36106,30,/repositories/30/resources/36106,87
36109,30,/repositories/30/resources/36109,6
36112,30,/repositories/30/resources/36112,10
36115,30,/repositories/30/resources/36115,106
36118,30,/repositories/30/resources/36118,6
36121,30,/repositories/30/resources/36121,6
36124,30,/repositories/30/resources/36124,14
36127,30,/repositories/30/resources/36127,3
36130,30,/repositories/30/resources/36130,7
36133,30,/repositories/30/resources/36133,5
36136,30,/repositories/30/resources/36136,6
36139,30,/repositories/30/resources/36139,15
36142,30,/repositories/30/resources/36142,11
36145,30,/repositories/30/resources/36145,9
36148,30,/repositories/30/resources/36148,5
36151,30,/repositories/30/resources/36151,4
36154,30,/repositories/30/resources/36154,4
36157,30,/repositories/30/resources/36157,23
36160,30,/repositories/30/resources/36160,4
36163,30,/repositories/30/resources/36163,4
36166,30,/repositories/30/resources/36166,4
36169,30,/repositories/30/resources/36169,3
36172,30,/repositories/30/resources/36172,15
36175,30,/repositories/30/resources/36175,6
36178,30,/repositories/30/resources/36178,4
36181,30,/repositories/30/resources/36181,4
36184,30,/repositories/30/resources/36184,4
36187,30,/repositories/30/resources/36187,10
36190,30,/repositories/30/resources/36190,4
36193,30,/repositories/30/resources/36193,8
36196,30,/repositories/30/resources/36196,6
36199,30,/repositories/30/resources/36199,41
36202,30,/repositories/30/resources/36202,3
36205,30,/repositories/30/resources/36205,4
36208,30,/repositories/30/resources/36208,72
36211,30,/repositories/30/resources/36211,561
36214,30,/repositories/30/resources/36214,5
36217,30,/repositories/30/resources/36217,5
36220,30,/repositories/30/resources/36220,6
36223,30,/repositories/30/resources/36223,4
36226,30,/repositories/30/resources/36226,23
36229,30,/repositories/30/resources/36229,10
36232,30,/repositories/30/resources/36232,4
36235,30,/repositories/30/resources/36235,29
36238,30,/repositories/30/resources/36238,7
36241,30,/repositories/30/resources/36241,7
36244,30,/repositories/30/resources/36244,5
36247,30,/repositories/30/resources/36247,4
36250,30,/repositories/30/resources/36250,13
36253,30,/repositories/30/resources/36253,4
36256,30,/repositories/30/resources/36256,11
36259,30,/repositories/30/resources/36259,233
36262,30,/repositories/30/resources/36262,8
36265,30,/repositories/30/resources/36265,13
36268,30,/repositories/30/resources/36268,21
36271,30,/repositories/30/resources/36271,3
36274,30,/repositories/30/resources/36274,10
36277,30,/repositories/30/resources/36277,4
36280,30,/repositories/30/resources/36280,6
36283,30,/repositories/30/resources/36283,3
36286,30,/repositories/30/resources/36286,28
36289,30,/repositories/30/resources/36289,6
36292,30,/repositories/30/resources/36292,6
36295,30,/repositories/30/resources/36295,4
36298,30,/repositories/30/resources/36298,8
36301,30,/repositories/30/resources/36301,9
36304,30,/repositories/30/resources/36304,5
36307,30,/repositories/30/resources/36307,76
36310,30,/repositories/30/resources/36310,4
36313,30,/repositories/30/resources/36313,6
36316,30,/repositories/30/resources/36316,51
36319,30,/repositories/30/resources/36319,9
36322,30,/repositories/30/resources/36322,4
36325,30,/repositories/30/resources/36325,13
36328,30,/repositories/30/resources/36328,4
36331,30,/repositories/30/resources/36331,4
36334,30,/repositories/30/resources/36334,5
36337,30,/repositories/30/resources/36337,3
36340,30,/repositories/30/resources/36340,14
36343,30,/repositories/30/resources/36343,3
36349,30,/repositories/30/resources/36349,11
36352,30,/repositories/30/resources/36352,3
36355,30,/repositories/30/resources/36355,5
36358,30,/repositories/30/resources/36358,3
36361,30,/repositories/30/resources/36361,5
36364,30,/repositories/30/resources/36364,5
36367,30,/repositories/30/resources/36367,121
36370,30,/repositories/30/resources/36370,3
36373,30,/repositories/30/resources/36373,3
36376,30,/repositories/30/resources/36376,4
36379,30,/repositories/30/resources/36379,3
36382,30,/repositories/30/resources/36382,6
36385,30,/repositories/30/resources/36385,10
36388,30,/repositories/30/resources/36388,4
36391,30,/repositories/30/resources/36391,97
36394,30,/repositories/30/resources/36394,5
36397,30,/repositories/30/resources/36397,6
36400,30,/repositories/30/resources/36400,44
36403,30,/repositories/30/resources/36403,4
36406,30,/repositories/30/resources/36406,4
36409,30,/repositories/30/resources/36409,3
36412,30,/repositories/30/resources/36412,8
36415,30,/repositories/30/resources/36415,26
36418,30,/repositories/30/resources/36418,17
36421,30,/repositories/30/resources/36421,3
36424,30,/repositories/30/resources/36424,19
36427,30,/repositories/30/resources/36427,5
36430,30,/repositories/30/resources/36430,4
36433,30,/repositories/30/resources/36433,4
36436,30,/repositories/30/resources/36436,102
36439,30,/repositories/30/resources/36439,5
36442,30,/repositories/30/resources/36442,12
36445,30,/repositories/30/resources/36445,9
36448,30,/repositories/30/resources/36448,125
36451,30,/repositories/30/resources/36451,3
36454,30,/repositories/30/resources/36454,14
36457,30,/repositories/30/resources/36457,8
36460,30,/repositories/30/resources/36460,10
36463,30,/repositories/30/resources/36463,5
36466,30,/repositories/30/resources/36466,6
36469,30,/repositories/30/resources/36469,22
36472,30,/repositories/30/resources/36472,4
36475,30,/repositories/30/resources/36475,11
36478,30,/repositories/30/resources/36478,4
36481,30,/repositories/30/resources/36481,4
36484,30,/repositories/30/resources/36484,36
36487,30,/repositories/30/resources/36487,6
36490,30,/repositories/30/resources/36490,27
36493,30,/repositories/30/resources/36493,3
36496,30,/repositories/30/resources/36496,4
36499,30,/repositories/30/resources/36499,8
36502,30,/repositories/30/resources/36502,4
36505,30,/repositories/30/resources/36505,14
36508,30,/repositories/30/resources/36508,4
36511,30,/repositories/30/resources/36511,18
36514,30,/repositories/30/resources/36514,3
36517,30,/repositories/30/resources/36517,5
36520,30,/repositories/30/resources/36520,8
36523,30,/repositories/30/resources/36523,19
36526,30,/repositories/30/resources/36526,5
36529,30,/repositories/30/resources/36529,4
36532,30,/repositories/30/resources/36532,6
36535,30,/repositories/30/resources/36535,6
36538,30,/repositories/30/resources/36538,6
36541,30,/repositories/30/resources/36541,4
36544,30,/repositories/30/resources/36544,6
36547,30,/repositories/30/resources/36547,8
36550,30,/repositories/30/resources/36550,5
36553,30,/repositories/30/resources/36553,4
36556,30,/repositories/30/resources/36556,4
36559,30,/repositories/30/resources/36559,3
36562,30,/repositories/30/resources/36562,3
36565,30,/repositories/30/resources/36565,4
36568,30,/repositories/30/resources/36568,7
36571,30,/repositories/30/resources/36571,5
36574,30,/repositories/30/resources/36574,4
36577,30,/repositories/30/resources/36577,4
36580,30,/repositories/30/resources/36580,4
36583,30,/repositories/30/resources/36583,9
36586,30,/repositories/30/resources/36586,3
36589,30,/repositories/30/resources/36589,3
36592,30,/repositories/30/resources/36592,7
36595,30,/repositories/30/resources/36595,3
36598,30,/repositories/30/resources/36598,13
36601,30,/repositories/30/resources/36601,4
36604,30,/repositories/30/resources/36604,3
36607,30,/repositories/30/resources/36607,3
36610,30,/repositories/30/resources/36610,4
36613,30,/repositories/30/resources/36613,11
36616,30,/repositories/30/resources/36616,4
36619,30,/repositories/30/resources/36619,5
36622,30,/repositories/30/resources/36622,5
36625,30,/repositories/30/resources/36625,24
36628,30,/repositories/30/resources/36628,3
36631,30,/repositories/30/resources/36631,6
36634,30,/repositories/30/resources/36634,3
36637,30,/repositories/30/resources/36637,3
36640,30,/repositories/30/resources/36640,3
36643,30,/repositories/30/resources/36643,4
36646,30,/repositories/30/resources/36646,3
36649,30,/repositories/30/resources/36649,6
36652,30,/repositories/30/resources/36652,3
36655,30,/repositories/30/resources/36655,3
36658,30,/repositories/30/resources/36658,4
36661,30,/repositories/30/resources/36661,4
36664,30,/repositories/30/resources/36664,8
36667,30,/repositories/30/resources/36667,9
36670,30,/repositories/30/resources/36670,324
36673,30,/repositories/30/resources/36673,4
36676,30,/repositories/30/resources/36676,39
36679,30,/repositories/30/resources/36679,3
36682,30,/repositories/30/resources/36682,3
36685,30,/repositories/30/resources/36685,22
36688,30,/repositories/30/resources/36688,76
36691,30,/repositories/30/resources/36691,17
36694,30,/repositories/30/resources/36694,70
36697,30,/repositories/30/resources/36697,24
36700,30,/repositories/30/resources/36700,4
36703,30,/repositories/30/resources/36703,16
36706,30,/repositories/30/resources/36706,169
36709,30,/repositories/30/resources/36709,3
36712,30,/repositories/30/resources/36712,3
36715,30,/repositories/30/resources/36715,5
36718,30,/repositories/30/resources/36718,6
36721,30,/repositories/30/resources/36721,5
36724,30,/repositories/30/resources/36724,4
36727,30,/repositories/30/resources/36727,4
36730,30,/repositories/30/resources/36730,6
36733,30,/repositories/30/resources/36733,3
36736,30,/repositories/30/resources/36736,7
36739,30,/repositories/30/resources/36739,18
36742,30,/repositories/30/resources/36742,4
36745,30,/repositories/30/resources/36745,46
36748,30,/repositories/30/resources/36748,4
36751,30,/repositories/30/resources/36751,5
36754,30,/repositories/30/resources/36754,5
36757,30,/repositories/30/resources/36757,12
36760,30,/repositories/30/resources/36760,4
36763,30,/repositories/30/resources/36763,10
36766,30,/repositories/30/resources/36766,4
36769,30,/repositories/30/resources/36769,4
36772,30,/repositories/30/resources/36772,187
36775,30,/repositories/30/resources/36775,340
36778,30,/repositories/30/resources/36778,173
36781,30,/repositories/30/resources/36781,5
36784,30,/repositories/30/resources/36784,10
36787,30,/repositories/30/resources/36787,435
36790,30,/repositories/30/resources/36790,3
36793,30,/repositories/30/resources/36793,5
36796,30,/repositories/30/resources/36796,3
36799,30,/repositories/30/resources/36799,4
36802,30,/repositories/30/resources/36802,4
36805,30,/repositories/30/resources/36805,81
36808,30,/repositories/30/resources/36808,3
36811,30,/repositories/30/resources/36811,5
36814,30,/repositories/30/resources/36814,6
36817,30,/repositories/30/resources/36817,9
36820,30,/repositories/30/resources/36820,4
36823,30,/repositories/30/resources/36823,5
36826,30,/repositories/30/resources/36826,26
36829,30,/repositories/30/resources/36829,32
36832,30,/repositories/30/resources/36832,8
36835,30,/repositories/30/resources/36835,4
36838,30,/repositories/30/resources/36838,5
36841,30,/repositories/30/resources/36841,31
36844,30,/repositories/30/resources/36844,3
36847,30,/repositories/30/resources/36847,7
36850,30,/repositories/30/resources/36850,8
36853,30,/repositories/30/resources/36853,4
36856,30,/repositories/30/resources/36856,10
36859,30,/repositories/30/resources/36859,8
36862,30,/repositories/30/resources/36862,11
36865,30,/repositories/30/resources/36865,4
36868,30,/repositories/30/resources/36868,4
36871,30,/repositories/30/resources/36871,6
36874,30,/repositories/30/resources/36874,17
36877,30,/repositories/30/resources/36877,10
36880,30,/repositories/30/resources/36880,5
36883,30,/repositories/30/resources/36883,3
36886,30,/repositories/30/resources/36886,3
36889,30,/repositories/30/resources/36889,10
36892,30,/repositories/30/resources/36892,6
36895,30,/repositories/30/resources/36895,25
36898,30,/repositories/30/resources/36898,3
36901,30,/repositories/30/resources/36901,5
36904,30,/repositories/30/resources/36904,6
36907,30,/repositories/30/resources/36907,8
36910,30,/repositories/30/resources/36910,8
36913,30,/repositories/30/resources/36913,6
36916,30,/repositories/30/resources/36916,4
36919,30,/repositories/30/resources/36919,6
36922,30,/repositories/30/resources/36922,29
36925,30,/repositories/30/resources/36925,6
36928,30,/repositories/30/resources/36928,4
36931,30,/repositories/30/resources/36931,6
36934,30,/repositories/30/resources/36934,8
36937,30,/repositories/30/resources/36937,10
36940,30,/repositories/30/resources/36940,12
36943,30,/repositories/30/resources/36943,4
36946,30,/repositories/30/resources/36946,6
36949,30,/repositories/30/resources/36949,3
36952,30,/repositories/30/resources/36952,6
36955,30,/repositories/30/resources/36955,7
36958,30,/repositories/30/resources/36958,6
36961,30,/repositories/30/resources/36961,10
36964,30,/repositories/30/resources/36964,13
36967,30,/repositories/30/resources/36967,11
36970,30,/repositories/30/resources/36970,14
36973,30,/repositories/30/resources/36973,11
36976,30,/repositories/30/resources/36976,4
36979,30,/repositories/30/resources/36979,4
36982,30,/repositories/30/resources/36982,4
36985,30,/repositories/30/resources/36985,4
36988,30,/repositories/30/resources/36988,31
36991,30,/repositories/30/resources/36991,4
36994,30,/repositories/30/resources/36994,4
36997,30,/repositories/30/resources/36997,4
37000,30,/repositories/30/resources/37000,4
37003,30,/repositories/30/resources/37003,5
37006,30,/repositories/30/resources/37006,4
37009,30,/repositories/30/resources/37009,4
37012,30,/repositories/30/resources/37012,4
37015,30,/repositories/30/resources/37015,4
37018,30,/repositories/30/resources/37018,4
37021,30,/repositories/30/resources/37021,4
37024,30,/repositories/30/resources/37024,4
37027,30,/repositories/30/resources/37027,4
37030,30,/repositories/30/resources/37030,4
37033,30,/repositories/30/resources/37033,14
37036,30,/repositories/30/resources/37036,6
37039,30,/repositories/30/resources/37039,7
37042,30,/repositories/30/resources/37042,5
37048,30,/repositories/30/resources/37048,77
37051,30,/repositories/30/resources/37051,3
37054,30,/repositories/30/resources/37054,4
37057,30,/repositories/30/resources/37057,6
37060,30,/repositories/30/resources/37060,4
37063,30,/repositories/30/resources/37063,4
37066,30,/repositories/30/resources/37066,4
37069,30,/repositories/30/resources/37069,5
37072,30,/repositories/30/resources/37072,3
37075,30,/repositories/30/resources/37075,3
37078,30,/repositories/30/resources/37078,3
37081,30,/repositories/30/resources/37081,15
37084,30,/repositories/30/resources/37084,4
37087,30,/repositories/30/resources/37087,4
37090,30,/repositories/30/resources/37090,4
37093,30,/repositories/30/resources/37093,10
37096,30,/repositories/30/resources/37096,3
37099,30,/repositories/30/resources/37099,4
37102,30,/repositories/30/resources/37102,3
37105,30,/repositories/30/resources/37105,3
37108,30,/repositories/30/resources/37108,3
37111,30,/repositories/30/resources/37111,3
37114,30,/repositories/30/resources/37114,5
37117,30,/repositories/30/resources/37117,3
37120,30,/repositories/30/resources/37120,3
37123,30,/repositories/30/resources/37123,3
37126,30,/repositories/30/resources/37126,8
37129,30,/repositories/30/resources/37129,6
37132,30,/repositories/30/resources/37132,5
37135,30,/repositories/30/resources/37135,3
37138,30,/repositories/30/resources/37138,5
37141,30,/repositories/30/resources/37141,5
37144,30,/repositories/30/resources/37144,3
37147,30,/repositories/30/resources/37147,10
37150,30,/repositories/30/resources/37150,3
37153,30,/repositories/30/resources/37153,3
37156,30,/repositories/30/resources/37156,3
37159,30,/repositories/30/resources/37159,5
37162,30,/repositories/30/resources/37162,3
37165,30,/repositories/30/resources/37165,3
37168,30,/repositories/30/resources/37168,9
37171,30,/repositories/30/resources/37171,174
37174,30,/repositories/30/resources/37174,171
37177,30,/repositories/30/resources/37177,36
37180,30,/repositories/30/resources/37180,3
37183,30,/repositories/30/resources/37183,3
37186,30,/repositories/30/resources/37186,229
37189,30,/repositories/30/resources/37189,16
37192,30,/repositories/30/resources/37192,8
37195,30,/repositories/30/resources/37195,3
37198,30,/repositories/30/resources/37198,5
37201,30,/repositories/30/resources/37201,6
37204,30,/repositories/30/resources/37204,4
37207,30,/repositories/30/resources/37207,4
37210,30,/repositories/30/resources/37210,10
37213,30,/repositories/30/resources/37213,4
37216,30,/repositories/30/resources/37216,4
37219,30,/repositories/30/resources/37219,23
37222,30,/repositories/30/resources/37222,17
37225,30,/repositories/30/resources/37225,10
37228,30,/repositories/30/resources/37228,3
37231,30,/repositories/30/resources/37231,23
37234,30,/repositories/30/resources/37234,23
37237,30,/repositories/30/resources/37237,5
37240,30,/repositories/30/resources/37240,9
37243,30,/repositories/30/resources/37243,5
37246,30,/repositories/30/resources/37246,3
37249,30,/repositories/30/resources/37249,201
37252,30,/repositories/30/resources/37252,40
37255,30,/repositories/30/resources/37255,3
37258,30,/repositories/30/resources/37258,3
37261,30,/repositories/30/resources/37261,26
37264,30,/repositories/30/resources/37264,3
37267,30,/repositories/30/resources/37267,3
37270,30,/repositories/30/resources/37270,41
37273,30,/repositories/30/resources/37273,3
37276,30,/repositories/30/resources/37276,4
37279,30,/repositories/30/resources/37279,4
37282,30,/repositories/30/resources/37282,3
37285,30,/repositories/30/resources/37285,8
37288,30,/repositories/30/resources/37288,5
37291,30,/repositories/30/resources/37291,11
37294,30,/repositories/30/resources/37294,3
37297,30,/repositories/30/resources/37297,3
37300,30,/repositories/30/resources/37300,3
37303,30,/repositories/30/resources/37303,10
37306,30,/repositories/30/resources/37306,3
37309,30,/repositories/30/resources/37309,3
37312,30,/repositories/30/resources/37312,8
37315,30,/repositories/30/resources/37315,3
37318,30,/repositories/30/resources/37318,8
37321,30,/repositories/30/resources/37321,9
37324,30,/repositories/30/resources/37324,3
37327,30,/repositories/30/resources/37327,5
37330,30,/repositories/30/resources/37330,4
37333,30,/repositories/30/resources/37333,4
37336,30,/repositories/30/resources/37336,4
37339,30,/repositories/30/resources/37339,6
37342,30,/repositories/30/resources/37342,12
37345,30,/repositories/30/resources/37345,5
37348,30,/repositories/30/resources/37348,6
37351,30,/repositories/30/resources/37351,10
37354,30,/repositories/30/resources/37354,6
37357,30,/repositories/30/resources/37357,4
37360,30,/repositories/30/resources/37360,4
37363,30,/repositories/30/resources/37363,44
37366,30,/repositories/30/resources/37366,4
37369,30,/repositories/30/resources/37369,3
37372,30,/repositories/30/resources/37372,10
37375,30,/repositories/30/resources/37375,24
37378,30,/repositories/30/resources/37378,8
37381,30,/repositories/30/resources/37381,9
37384,30,/repositories/30/resources/37384,3
37387,30,/repositories/30/resources/37387,3
37390,30,/repositories/30/resources/37390,5
37393,30,/repositories/30/resources/37393,4
37396,30,/repositories/30/resources/37396,24
37399,30,/repositories/30/resources/37399,3
37402,30,/repositories/30/resources/37402,3
37405,30,/repositories/30/resources/37405,9
37408,30,/repositories/30/resources/37408,3
37411,30,/repositories/30/resources/37411,3
37414,30,/repositories/30/resources/37414,3
37417,30,/repositories/30/resources/37417,10
37420,30,/repositories/30/resources/37420,4
37423,30,/repositories/30/resources/37423,4
37426,30,/repositories/30/resources/37426,4
37429,30,/repositories/30/resources/37429,3
37432,30,/repositories/30/resources/37432,3
37435,30,/repositories/30/resources/37435,3
37438,30,/repositories/30/resources/37438,3
37441,30,/repositories/30/resources/37441,3
37444,30,/repositories/30/resources/37444,6
37447,30,/repositories/30/resources/37447,3
37450,30,/repositories/30/resources/37450,3
37453,30,/repositories/30/resources/37453,3
37456,30,/repositories/30/resources/37456,3
37459,30,/repositories/30/resources/37459,3
37462,30,/repositories/30/resources/37462,3
37465,30,/repositories/30/resources/37465,3
37468,30,/repositories/30/resources/37468,3
37471,30,/repositories/30/resources/37471,3
37474,30,/repositories/30/resources/37474,3
37477,30,/repositories/30/resources/37477,8
37480,30,/repositories/30/resources/37480,3
37483,30,/repositories/30/resources/37483,3
37486,30,/repositories/30/resources/37486,3
37489,30,/repositories/30/resources/37489,3
37492,30,/repositories/30/resources/37492,3
37495,30,/repositories/30/resources/37495,4
37498,30,/repositories/30/resources/37498,3
37501,30,/repositories/30/resources/37501,4
37504,30,/repositories/30/resources/37504,5
37507,30,/repositories/30/resources/37507,7
37510,30,/repositories/30/resources/37510,9
37513,30,/repositories/30/resources/37513,3
37516,30,/repositories/30/resources/37516,3
37519,30,/repositories/30/resources/37519,7
37522,30,/repositories/30/resources/37522,3
37525,30,/repositories/30/resources/37525,4
37528,30,/repositories/30/resources/37528,6
37531,30,/repositories/30/resources/37531,3
37534,30,/repositories/30/resources/37534,3
37537,30,/repositories/30/resources/37537,4
37540,30,/repositories/30/resources/37540,4
37543,30,/repositories/30/resources/37543,13
37546,30,/repositories/30/resources/37546,4
37549,30,/repositories/30/resources/37549,4
37552,30,/repositories/30/resources/37552,7
37555,30,/repositories/30/resources/37555,5
37558,30,/repositories/30/resources/37558,10
37561,30,/repositories/30/resources/37561,8
37564,30,/repositories/30/resources/37564,4
37567,30,/repositories/30/resources/37567,4
37570,30,/repositories/30/resources/37570,33
37573,30,/repositories/30/resources/37573,4
37576,30,/repositories/30/resources/37576,4
37579,30,/repositories/30/resources/37579,29
37582,30,/repositories/30/resources/37582,5
37585,30,/repositories/30/resources/37585,15
37588,30,/repositories/30/resources/37588,4
37591,30,/repositories/30/resources/37591,6
37594,30,/repositories/30/resources/37594,4
37597,30,/repositories/30/resources/37597,3
37600,30,/repositories/30/resources/37600,7
37603,30,/repositories/30/resources/37603,13
37606,30,/repositories/30/resources/37606,14
37609,30,/repositories/30/resources/37609,3
37612,30,/repositories/30/resources/37612,3
37615,30,/repositories/30/resources/37615,6
37618,30,/repositories/30/resources/37618,4
37621,30,/repositories/30/resources/37621,4
37624,30,/repositories/30/resources/37624,4
37627,30,/repositories/30/resources/37627,10
37630,30,/repositories/30/resources/37630,5
37633,30,/repositories/30/resources/37633,4
37636,30,/repositories/30/resources/37636,5
37639,30,/repositories/30/resources/37639,10
37642,30,/repositories/30/resources/37642,8
37645,30,/repositories/30/resources/37645,3
37648,30,/repositories/30/resources/37648,3
37651,30,/repositories/30/resources/37651,4
37654,30,/repositories/30/resources/37654,4
37657,30,/repositories/30/resources/37657,4
37660,30,/repositories/30/resources/37660,3
37663,30,/repositories/30/resources/37663,7
37666,30,/repositories/30/resources/37666,3
37669,30,/repositories/30/resources/37669,16
37672,30,/repositories/30/resources/37672,7
37675,30,/repositories/30/resources/37675,5
37678,30,/repositories/30/resources/37678,4
37681,30,/repositories/30/resources/37681,12
37684,30,/repositories/30/resources/37684,4
37687,30,/repositories/30/resources/37687,7
37690,30,/repositories/30/resources/37690,5
37693,30,/repositories/30/resources/37693,4
37696,30,/repositories/30/resources/37696,4
37699,30,/repositories/30/resources/37699,4
37702,30,/repositories/30/resources/37702,20
37705,30,/repositories/30/resources/37705,3
37708,30,/repositories/30/resources/37708,3
37711,30,/repositories/30/resources/37711,10
37714,30,/repositories/30/resources/37714,3
37717,30,/repositories/30/resources/37717,5
37720,30,/repositories/30/resources/37720,3
37723,30,/repositories/30/resources/37723,7
37726,30,/repositories/30/resources/37726,8
37729,30,/repositories/30/resources/37729,3
37732,30,/repositories/30/resources/37732,34
37735,30,/repositories/30/resources/37735,3
37738,30,/repositories/30/resources/37738,3
37741,30,/repositories/30/resources/37741,3
37744,30,/repositories/30/resources/37744,3
37747,30,/repositories/30/resources/37747,5
37750,30,/repositories/30/resources/37750,3
37753,30,/repositories/30/resources/37753,6
37756,30,/repositories/30/resources/37756,4
37759,30,/repositories/30/resources/37759,4
37762,30,/repositories/30/resources/37762,3
37765,30,/repositories/30/resources/37765,4
37768,30,/repositories/30/resources/37768,4
37771,30,/repositories/30/resources/37771,4
37774,30,/repositories/30/resources/37774,3
37777,30,/repositories/30/resources/37777,3
37780,30,/repositories/30/resources/37780,38
37783,30,/repositories/30/resources/37783,6
37786,30,/repositories/30/resources/37786,3
37789,30,/repositories/30/resources/37789,3
37792,30,/repositories/30/resources/37792,8
37795,30,/repositories/30/resources/37795,3
37798,30,/repositories/30/resources/37798,6
37801,30,/repositories/30/resources/37801,3
37804,30,/repositories/30/resources/37804,3
37807,30,/repositories/30/resources/37807,3
37810,30,/repositories/30/resources/37810,3
37813,30,/repositories/30/resources/37813,3
37816,30,/repositories/30/resources/37816,3
37819,30,/repositories/30/resources/37819,32
37822,30,/repositories/30/resources/37822,3
37825,30,/repositories/30/resources/37825,6
37828,30,/repositories/30/resources/37828,4
37831,30,/repositories/30/resources/37831,3
37834,30,/repositories/30/resources/37834,17
37837,30,/repositories/30/resources/37837,6
37840,30,/repositories/30/resources/37840,33
37843,30,/repositories/30/resources/37843,3
37846,30,/repositories/30/resources/37846,3
37849,30,/repositories/30/resources/37849,5
37852,30,/repositories/30/resources/37852,3
37855,30,/repositories/30/resources/37855,3
37858,30,/repositories/30/resources/37858,18
37861,30,/repositories/30/resources/37861,4
37864,30,/repositories/30/resources/37864,4
37867,30,/repositories/30/resources/37867,4
37870,30,/repositories/30/resources/37870,5
37873,30,/repositories/30/resources/37873,5
37876,30,/repositories/30/resources/37876,3
37879,30,/repositories/30/resources/37879,3
37882,30,/repositories/30/resources/37882,5
37885,30,/repositories/30/resources/37885,3
37888,30,/repositories/30/resources/37888,3
37891,30,/repositories/30/resources/37891,3
37894,30,/repositories/30/resources/37894,151
37897,30,/repositories/30/resources/37897,7
37900,30,/repositories/30/resources/37900,4
37903,30,/repositories/30/resources/37903,41
37906,30,/repositories/30/resources/37906,6
37909,30,/repositories/30/resources/37909,4
37912,30,/repositories/30/resources/37912,4
37915,30,/repositories/30/resources/37915,4
37918,30,/repositories/30/resources/37918,4
37921,30,/repositories/30/resources/37921,4
37924,30,/repositories/30/resources/37924,3
37927,30,/repositories/30/resources/37927,4
37930,30,/repositories/30/resources/37930,4
37933,30,/repositories/30/resources/37933,4
37936,30,/repositories/30/resources/37936,4
37939,30,/repositories/30/resources/37939,4
37942,30,/repositories/30/resources/37942,5
37945,30,/repositories/30/resources/37945,4
37948,30,/repositories/30/resources/37948,4
37951,30,/repositories/30/resources/37951,5
37954,30,/repositories/30/resources/37954,4
37957,30,/repositories/30/resources/37957,4
37960,30,/repositories/30/resources/37960,4
37963,30,/repositories/30/resources/37963,4
37966,30,/repositories/30/resources/37966,4
37969,30,/repositories/30/resources/37969,4
37972,30,/repositories/30/resources/37972,3
37975,30,/repositories/30/resources/37975,3
37978,30,/repositories/30/resources/37978,13
37981,30,/repositories/30/resources/37981,6
37984,30,/repositories/30/resources/37984,5
37987,30,/repositories/30/resources/37987,12
37990,30,/repositories/30/resources/37990,4
37993,30,/repositories/30/resources/37993,3
37996,30,/repositories/30/resources/37996,5
37999,30,/repositories/30/resources/37999,7
38002,30,/repositories/30/resources/38002,5
38005,30,/repositories/30/resources/38005,6
38008,30,/repositories/30/resources/38008,4
38011,30,/repositories/30/resources/38011,3
38014,30,/repositories/30/resources/38014,3
38017,30,/repositories/30/resources/38017,3
38020,30,/repositories/30/resources/38020,5
38023,30,/repositories/30/resources/38023,3
38026,30,/repositories/30/resources/38026,3
38029,30,/repositories/30/resources/38029,24
38032,30,/repositories/30/resources/38032,4
38035,30,/repositories/30/resources/38035,3
38038,30,/repositories/30/resources/38038,4
38044,30,/repositories/30/resources/38044,3
38047,30,/repositories/30/resources/38047,5
38050,30,/repositories/30/resources/38050,13
38053,30,/repositories/30/resources/38053,6
38056,30,/repositories/30/resources/38056,3
38059,30,/repositories/30/resources/38059,4
38062,30,/repositories/30/resources/38062,4
38065,30,/repositories/30/resources/38065,4
38068,30,/repositories/30/resources/38068,119
38071,30,/repositories/30/resources/38071,3
38074,30,/repositories/30/resources/38074,11
38077,30,/repositories/30/resources/38077,3
38080,30,/repositories/30/resources/38080,3
38083,30,/repositories/30/resources/38083,3
38086,30,/repositories/30/resources/38086,5
38089,30,/repositories/30/resources/38089,3
38092,30,/repositories/30/resources/38092,6
38095,30,/repositories/30/resources/38095,4
38098,30,/repositories/30/resources/38098,5
38101,30,/repositories/30/resources/38101,5
38104,30,/repositories/30/resources/38104,5
38107,30,/repositories/30/resources/38107,3
38110,30,/repositories/30/resources/38110,8
38113,30,/repositories/30/resources/38113,12
38116,30,/repositories/30/resources/38116,29
38119,30,/repositories/30/resources/38119,5
38122,30,/repositories/30/resources/38122,3
38125,30,/repositories/30/resources/38125,4
38128,30,/repositories/30/resources/38128,3
38131,30,/repositories/30/resources/38131,9
38134,30,/repositories/30/resources/38134,3
38137,30,/repositories/30/resources/38137,5
38140,30,/repositories/30/resources/38140,3
38143,30,/repositories/30/resources/38143,10
38146,30,/repositories/30/resources/38146,7
38149,30,/repositories/30/resources/38149,6
38152,30,/repositories/30/resources/38152,4
38155,30,/repositories/30/resources/38155,3
38158,30,/repositories/30/resources/38158,4
38161,30,/repositories/30/resources/38161,5
38164,30,/repositories/30/resources/38164,5
38167,30,/repositories/30/resources/38167,5
38170,30,/repositories/30/resources/38170,6
38173,30,/repositories/30/resources/38173,4
38176,30,/repositories/30/resources/38176,8
38179,30,/repositories/30/resources/38179,5
38182,30,/repositories/30/resources/38182,8
38185,30,/repositories/30/resources/38185,8
38188,30,/repositories/30/resources/38188,8
38191,30,/repositories/30/resources/38191,6
38194,30,/repositories/30/resources/38194,8
38197,30,/repositories/30/resources/38197,5
38200,30,/repositories/30/resources/38200,11
38203,30,/repositories/30/resources/38203,8
38206,30,/repositories/30/resources/38206,8
38209,30,/repositories/30/resources/38209,6
38212,30,/repositories/30/resources/38212,6
38215,30,/repositories/30/resources/38215,4
38218,30,/repositories/30/resources/38218,8
38221,30,/repositories/30/resources/38221,4
38224,30,/repositories/30/resources/38224,4
38227,30,/repositories/30/resources/38227,6
38230,30,/repositories/30/resources/38230,4
38233,30,/repositories/30/resources/38233,3
38236,30,/repositories/30/resources/38236,4
38239,30,/repositories/30/resources/38239,5
38242,30,/repositories/30/resources/38242,4
38245,30,/repositories/30/resources/38245,4
38248,30,/repositories/30/resources/38248,4
38251,30,/repositories/30/resources/38251,4
38254,30,/repositories/30/resources/38254,4
38257,30,/repositories/30/resources/38257,4
38260,30,/repositories/30/resources/38260,11
38263,30,/repositories/30/resources/38263,8
38266,30,/repositories/30/resources/38266,8
38269,30,/repositories/30/resources/38269,11
38272,30,/repositories/30/resources/38272,8
38275,30,/repositories/30/resources/38275,8
38278,30,/repositories/30/resources/38278,8
38281,30,/repositories/30/resources/38281,8
38284,30,/repositories/30/resources/38284,4
38287,30,/repositories/30/resources/38287,8
38290,30,/repositories/30/resources/38290,8
38293,30,/repositories/30/resources/38293,8
38296,30,/repositories/30/resources/38296,8
38299,30,/repositories/30/resources/38299,8
38302,30,/repositories/30/resources/38302,12
38305,30,/repositories/30/resources/38305,10
38308,30,/repositories/30/resources/38308,6
38311,30,/repositories/30/resources/38311,19
38314,30,/repositories/30/resources/38314,8
38317,30,/repositories/30/resources/38317,4
38320,30,/repositories/30/resources/38320,4
38323,30,/repositories/30/resources/38323,9
38326,30,/repositories/30/resources/38326,6
38329,30,/repositories/30/resources/38329,3
38332,30,/repositories/30/resources/38332,6
38335,30,/repositories/30/resources/38335,3
38338,30,/repositories/30/resources/38338,3
38341,30,/repositories/30/resources/38341,3
38344,30,/repositories/30/resources/38344,4
38347,30,/repositories/30/resources/38347,4
38350,30,/repositories/30/resources/38350,3
38353,30,/repositories/30/resources/38353,3
38356,30,/repositories/30/resources/38356,4
38359,30,/repositories/30/resources/38359,6
38362,30,/repositories/30/resources/38362,4
38365,30,/repositories/30/resources/38365,6
38368,30,/repositories/30/resources/38368,3
38371,30,/repositories/30/resources/38371,4
38374,30,/repositories/30/resources/38374,8
38377,30,/repositories/30/resources/38377,8
38380,30,/repositories/30/resources/38380,8
38383,30,/repositories/30/resources/38383,8
38386,30,/repositories/30/resources/38386,8
38389,30,/repositories/30/resources/38389,8
38392,30,/repositories/30/resources/38392,8
38395,30,/repositories/30/resources/38395,8
38398,30,/repositories/30/resources/38398,8
38401,30,/repositories/30/resources/38401,25
38404,30,/repositories/30/resources/38404,5
38407,30,/repositories/30/resources/38407,4
38410,30,/repositories/30/resources/38410,3
38413,30,/repositories/30/resources/38413,9
38416,30,/repositories/30/resources/38416,4
38419,30,/repositories/30/resources/38419,5
38422,30,/repositories/30/resources/38422,4
38425,30,/repositories/30/resources/38425,4
38428,30,/repositories/30/resources/38428,5
38431,30,/repositories/30/resources/38431,4
38434,30,/repositories/30/resources/38434,4
38437,30,/repositories/30/resources/38437,7
38440,30,/repositories/30/resources/38440,3
38443,30,/repositories/30/resources/38443,3
38446,30,/repositories/30/resources/38446,3
38449,30,/repositories/30/resources/38449,9
38452,30,/repositories/30/resources/38452,3
38455,30,/repositories/30/resources/38455,8
38458,30,/repositories/30/resources/38458,1896
38461,30,/repositories/30/resources/38461,4
38464,30,/repositories/30/resources/38464,8
38467,30,/repositories/30/resources/38467,8
38470,30,/repositories/30/resources/38470,21
38473,30,/repositories/30/resources/38473,3
38476,30,/repositories/30/resources/38476,8
38479,30,/repositories/30/resources/38479,8
38482,30,/repositories/30/resources/38482,4
38485,30,/repositories/30/resources/38485,62
38488,30,/repositories/30/resources/38488,8
38491,30,/repositories/30/resources/38491,8
38494,30,/repositories/30/resources/38494,4
38497,30,/repositories/30/resources/38497,4
38500,30,/repositories/30/resources/38500,8
38503,30,/repositories/30/resources/38503,9
38506,30,/repositories/30/resources/38506,6
38509,30,/repositories/30/resources/38509,4
38512,30,/repositories/30/resources/38512,4
38515,30,/repositories/30/resources/38515,12
38518,30,/repositories/30/resources/38518,8
38521,30,/repositories/30/resources/38521,8
38524,30,/repositories/30/resources/38524,5
38527,30,/repositories/30/resources/38527,8
38530,30,/repositories/30/resources/38530,5
38533,30,/repositories/30/resources/38533,91
38536,30,/repositories/30/resources/38536,4
38539,30,/repositories/30/resources/38539,4
38542,30,/repositories/30/resources/38542,3
38545,30,/repositories/30/resources/38545,4
38548,30,/repositories/30/resources/38548,28
38551,30,/repositories/30/resources/38551,4
38554,30,/repositories/30/resources/38554,44
38557,30,/repositories/30/resources/38557,4
38560,30,/repositories/30/resources/38560,4
38563,30,/repositories/30/resources/38563,3
38566,30,/repositories/30/resources/38566,7
38569,30,/repositories/30/resources/38569,11
38572,30,/repositories/30/resources/38572,5
38575,30,/repositories/30/resources/38575,5
38578,30,/repositories/30/resources/38578,3
38581,30,/repositories/30/resources/38581,3
38584,30,/repositories/30/resources/38584,9
38587,30,/repositories/30/resources/38587,5
38590,30,/repositories/30/resources/38590,11
38593,30,/repositories/30/resources/38593,13
38596,30,/repositories/30/resources/38596,9
38599,30,/repositories/30/resources/38599,5
38602,30,/repositories/30/resources/38602,3
38605,30,/repositories/30/resources/38605,8
38608,30,/repositories/30/resources/38608,5
38611,30,/repositories/30/resources/38611,4
38614,30,/repositories/30/resources/38614,3
38617,30,/repositories/30/resources/38617,3
38620,30,/repositories/30/resources/38620,6
38623,30,/repositories/30/resources/38623,6
38626,30,/repositories/30/resources/38626,3
38629,30,/repositories/30/resources/38629,18
38632,30,/repositories/30/resources/38632,3
38635,30,/repositories/30/resources/38635,3
38638,30,/repositories/30/resources/38638,3
38641,30,/repositories/30/resources/38641,14
38644,30,/repositories/30/resources/38644,5
38647,30,/repositories/30/resources/38647,13
38650,30,/repositories/30/resources/38650,4
38653,30,/repositories/30/resources/38653,7
38656,30,/repositories/30/resources/38656,4
38659,30,/repositories/30/resources/38659,5
38662,30,/repositories/30/resources/38662,3
38665,30,/repositories/30/resources/38665,4
38668,30,/repositories/30/resources/38668,6
38671,30,/repositories/30/resources/38671,3
38674,30,/repositories/30/resources/38674,4
38677,30,/repositories/30/resources/38677,4
38680,30,/repositories/30/resources/38680,14
38683,30,/repositories/30/resources/38683,4
38686,30,/repositories/30/resources/38686,6
38689,30,/repositories/30/resources/38689,4
38692,30,/repositories/30/resources/38692,3
38695,30,/repositories/30/resources/38695,7
38698,30,/repositories/30/resources/38698,3
38701,30,/repositories/30/resources/38701,3
38704,30,/repositories/30/resources/38704,5
38707,30,/repositories/30/resources/38707,165
38710,30,/repositories/30/resources/38710,674
38713,30,/repositories/30/resources/38713,3
38716,30,/repositories/30/resources/38716,6
38719,30,/repositories/30/resources/38719,4
38722,30,/repositories/30/resources/38722,8
38725,30,/repositories/30/resources/38725,5
38728,30,/repositories/30/resources/38728,5
38731,30,/repositories/30/resources/38731,3
38734,30,/repositories/30/resources/38734,3
38737,30,/repositories/30/resources/38737,45
38740,30,/repositories/30/resources/38740,4
38743,30,/repositories/30/resources/38743,3
38746,30,/repositories/30/resources/38746,4
38749,30,/repositories/30/resources/38749,3
38752,30,/repositories/30/resources/38752,4
38755,30,/repositories/30/resources/38755,7
38758,30,/repositories/30/resources/38758,3
38761,30,/repositories/30/resources/38761,3
38764,30,/repositories/30/resources/38764,8
38767,30,/repositories/30/resources/38767,7
38770,30,/repositories/30/resources/38770,3
38773,30,/repositories/30/resources/38773,3
38776,30,/repositories/30/resources/38776,3
38779,30,/repositories/30/resources/38779,5
38782,30,/repositories/30/resources/38782,237
38785,30,/repositories/30/resources/38785,108
38788,30,/repositories/30/resources/38788,4
38791,30,/repositories/30/resources/38791,3
38794,30,/repositories/30/resources/38794,5
38797,30,/repositories/30/resources/38797,3
38800,30,/repositories/30/resources/38800,7
38803,30,/repositories/30/resources/38803,3
38806,30,/repositories/30/resources/38806,5
38809,30,/repositories/30/resources/38809,4
38812,30,/repositories/30/resources/38812,3
38815,30,/repositories/30/resources/38815,4
38818,30,/repositories/30/resources/38818,9
38821,30,/repositories/30/resources/38821,3
38824,30,/repositories/30/resources/38824,8
38827,30,/repositories/30/resources/38827,3
38830,30,/repositories/30/resources/38830,4
38833,30,/repositories/30/resources/38833,3
38836,30,/repositories/30/resources/38836,3
38839,30,/repositories/30/resources/38839,5
38842,30,/repositories/30/resources/38842,8
38845,30,/repositories/30/resources/38845,3
38848,30,/repositories/30/resources/38848,3
38851,30,/repositories/30/resources/38851,3
38854,30,/repositories/30/resources/38854,3
38857,30,/repositories/30/resources/38857,240
38860,30,/repositories/30/resources/38860,3
38863,30,/repositories/30/resources/38863,4
38866,30,/repositories/30/resources/38866,3
38869,30,/repositories/30/resources/38869,3
38872,30,/repositories/30/resources/38872,3
38875,30,/repositories/30/resources/38875,4
38878,30,/repositories/30/resources/38878,3
38881,30,/repositories/30/resources/38881,4
38884,30,/repositories/30/resources/38884,3
38887,30,/repositories/30/resources/38887,3
38890,30,/repositories/30/resources/38890,5
38893,30,/repositories/30/resources/38893,4
38896,30,/repositories/30/resources/38896,4
38899,30,/repositories/30/resources/38899,3
38902,30,/repositories/30/resources/38902,3
38905,30,/repositories/30/resources/38905,3
38908,30,/repositories/30/resources/38908,4
38911,30,/repositories/30/resources/38911,6
38914,30,/repositories/30/resources/38914,3
38917,30,/repositories/30/resources/38917,3
38920,30,/repositories/30/resources/38920,4
38923,30,/repositories/30/resources/38923,3
38926,30,/repositories/30/resources/38926,3
38929,30,/repositories/30/resources/38929,3
38932,30,/repositories/30/resources/38932,3
38935,30,/repositories/30/resources/38935,3
38938,30,/repositories/30/resources/38938,7
38941,30,/repositories/30/resources/38941,3
38944,30,/repositories/30/resources/38944,4
38947,30,/repositories/30/resources/38947,8
38950,30,/repositories/30/resources/38950,3
38953,30,/repositories/30/resources/38953,3
38956,30,/repositories/30/resources/38956,3
38959,30,/repositories/30/resources/38959,3
38962,30,/repositories/30/resources/38962,3
38965,30,/repositories/30/resources/38965,3
38968,30,/repositories/30/resources/38968,3
38971,30,/repositories/30/resources/38971,4
38974,30,/repositories/30/resources/38974,4
38977,30,/repositories/30/resources/38977,5
38980,30,/repositories/30/resources/38980,3
38983,30,/repositories/30/resources/38983,3
38986,30,/repositories/30/resources/38986,5
38989,30,/repositories/30/resources/38989,15
38992,30,/repositories/30/resources/38992,3
38995,30,/repositories/30/resources/38995,6
38998,30,/repositories/30/resources/38998,5
39001,30,/repositories/30/resources/39001,3
39004,30,/repositories/30/resources/39004,6
39010,30,/repositories/30/resources/39010,4
39013,30,/repositories/30/resources/39013,3
39016,30,/repositories/30/resources/39016,3
39019,30,/repositories/30/resources/39019,5
39022,30,/repositories/30/resources/39022,3
39025,30,/repositories/30/resources/39025,4
39028,30,/repositories/30/resources/39028,4
39031,30,/repositories/30/resources/39031,5
39034,30,/repositories/30/resources/39034,4
39037,30,/repositories/30/resources/39037,4
39040,30,/repositories/30/resources/39040,3
39043,30,/repositories/30/resources/39043,3
39046,30,/repositories/30/resources/39046,4
39049,30,/repositories/30/resources/39049,3
39052,30,/repositories/30/resources/39052,3
39055,30,/repositories/30/resources/39055,5
39058,30,/repositories/30/resources/39058,4
39061,30,/repositories/30/resources/39061,7
39064,30,/repositories/30/resources/39064,4
39067,30,/repositories/30/resources/39067,6
39070,30,/repositories/30/resources/39070,40
39073,30,/repositories/30/resources/39073,3
39076,30,/repositories/30/resources/39076,4
39079,30,/repositories/30/resources/39079,4
39082,30,/repositories/30/resources/39082,8
39085,30,/repositories/30/resources/39085,45
39088,30,/repositories/30/resources/39088,3
39091,30,/repositories/30/resources/39091,3
39094,30,/repositories/30/resources/39094,5
39097,30,/repositories/30/resources/39097,3
39100,30,/repositories/30/resources/39100,3
39103,30,/repositories/30/resources/39103,4
39106,30,/repositories/30/resources/39106,3
39109,30,/repositories/30/resources/39109,4
39112,30,/repositories/30/resources/39112,7
39115,30,/repositories/30/resources/39115,3
39118,30,/repositories/30/resources/39118,3
39121,30,/repositories/30/resources/39121,3
39124,30,/repositories/30/resources/39124,25
39127,30,/repositories/30/resources/39127,3
39130,30,/repositories/30/resources/39130,3
39133,30,/repositories/30/resources/39133,3
39136,30,/repositories/30/resources/39136,3
39139,30,/repositories/30/resources/39139,3
39142,30,/repositories/30/resources/39142,3
39145,30,/repositories/30/resources/39145,102
39148,30,/repositories/30/resources/39148,4
39151,30,/repositories/30/resources/39151,3
39154,30,/repositories/30/resources/39154,4
39157,30,/repositories/30/resources/39157,3
39160,30,/repositories/30/resources/39160,3
39163,30,/repositories/30/resources/39163,3
39166,30,/repositories/30/resources/39166,3
39169,30,/repositories/30/resources/39169,3
39172,30,/repositories/30/resources/39172,8
39175,30,/repositories/30/resources/39175,3
39178,30,/repositories/30/resources/39178,3
39181,30,/repositories/30/resources/39181,4
39184,30,/repositories/30/resources/39184,4
39187,30,/repositories/30/resources/39187,3
39190,30,/repositories/30/resources/39190,6
39193,30,/repositories/30/resources/39193,5
39196,30,/repositories/30/resources/39196,3
39199,30,/repositories/30/resources/39199,4
39202,30,/repositories/30/resources/39202,3
39205,30,/repositories/30/resources/39205,3
39208,30,/repositories/30/resources/39208,3
39211,30,/repositories/30/resources/39211,3
39214,30,/repositories/30/resources/39214,5
39217,30,/repositories/30/resources/39217,4
39220,30,/repositories/30/resources/39220,6
39223,30,/repositories/30/resources/39223,3
39226,30,/repositories/30/resources/39226,3
39229,30,/repositories/30/resources/39229,3
39232,30,/repositories/30/resources/39232,3
39235,30,/repositories/30/resources/39235,6
39238,30,/repositories/30/resources/39238,4
39241,30,/repositories/30/resources/39241,4
39244,30,/repositories/30/resources/39244,4
39247,30,/repositories/30/resources/39247,5
39250,30,/repositories/30/resources/39250,3
39253,30,/repositories/30/resources/39253,5
39256,30,/repositories/30/resources/39256,3
39259,30,/repositories/30/resources/39259,3
39262,30,/repositories/30/resources/39262,4
39265,30,/repositories/30/resources/39265,3
39268,30,/repositories/30/resources/39268,3
39271,30,/repositories/30/resources/39271,6
39274,30,/repositories/30/resources/39274,5
39277,30,/repositories/30/resources/39277,22
39280,30,/repositories/30/resources/39280,4
39283,30,/repositories/30/resources/39283,4
39286,30,/repositories/30/resources/39286,3
39289,30,/repositories/30/resources/39289,3
39292,30,/repositories/30/resources/39292,8
39295,30,/repositories/30/resources/39295,3
39298,30,/repositories/30/resources/39298,5
39301,30,/repositories/30/resources/39301,3
39304,30,/repositories/30/resources/39304,3
39307,30,/repositories/30/resources/39307,4
39310,30,/repositories/30/resources/39310,4
39313,30,/repositories/30/resources/39313,3
39316,30,/repositories/30/resources/39316,3
39319,30,/repositories/30/resources/39319,5
39322,30,/repositories/30/resources/39322,3
39325,30,/repositories/30/resources/39325,10
39328,30,/repositories/30/resources/39328,3
39331,30,/repositories/30/resources/39331,6
39334,30,/repositories/30/resources/39334,9
39337,30,/repositories/30/resources/39337,3
39340,30,/repositories/30/resources/39340,3
39343,30,/repositories/30/resources/39343,7
39346,30,/repositories/30/resources/39346,3
39349,30,/repositories/30/resources/39349,4
39352,30,/repositories/30/resources/39352,3
39355,30,/repositories/30/resources/39355,4
39358,30,/repositories/30/resources/39358,4
39361,30,/repositories/30/resources/39361,4
39364,30,/repositories/30/resources/39364,3
39367,30,/repositories/30/resources/39367,3
39370,30,/repositories/30/resources/39370,4
39373,30,/repositories/30/resources/39373,3
39376,30,/repositories/30/resources/39376,3
39379,30,/repositories/30/resources/39379,3
39382,30,/repositories/30/resources/39382,5
39385,30,/repositories/30/resources/39385,3
39388,30,/repositories/30/resources/39388,5
39391,30,/repositories/30/resources/39391,3
39394,30,/repositories/30/resources/39394,6
39397,30,/repositories/30/resources/39397,3
39400,30,/repositories/30/resources/39400,3
39403,30,/repositories/30/resources/39403,3
39406,30,/repositories/30/resources/39406,4
39409,30,/repositories/30/resources/39409,3
39412,30,/repositories/30/resources/39412,3
39415,30,/repositories/30/resources/39415,3
39418,30,/repositories/30/resources/39418,3
39421,30,/repositories/30/resources/39421,4
39424,30,/repositories/30/resources/39424,3
39427,30,/repositories/30/resources/39427,4
39430,30,/repositories/30/resources/39430,10
39433,30,/repositories/30/resources/39433,3
39436,30,/repositories/30/resources/39436,3
39439,30,/repositories/30/resources/39439,3
39442,30,/repositories/30/resources/39442,3
39445,30,/repositories/30/resources/39445,4
39448,30,/repositories/30/resources/39448,4
39451,30,/repositories/30/resources/39451,3
39454,30,/repositories/30/resources/39454,3
39457,30,/repositories/30/resources/39457,12
39460,30,/repositories/30/resources/39460,3
39463,30,/repositories/30/resources/39463,4
39466,30,/repositories/30/resources/39466,3
39469,30,/repositories/30/resources/39469,19
39472,30,/repositories/30/resources/39472,4
39475,30,/repositories/30/resources/39475,20
39478,30,/repositories/30/resources/39478,3
39481,30,/repositories/30/resources/39481,3
39484,30,/repositories/30/resources/39484,8
39487,30,/repositories/30/resources/39487,16
39490,30,/repositories/30/resources/39490,10
39493,30,/repositories/30/resources/39493,3
39496,30,/repositories/30/resources/39496,3
39499,30,/repositories/30/resources/39499,3
39502,30,/repositories/30/resources/39502,12
39505,30,/repositories/30/resources/39505,3
39508,30,/repositories/30/resources/39508,5
39511,30,/repositories/30/resources/39511,7
39514,30,/repositories/30/resources/39514,8
39517,30,/repositories/30/resources/39517,3
39520,30,/repositories/30/resources/39520,3
39523,30,/repositories/30/resources/39523,3
39526,30,/repositories/30/resources/39526,3
39529,30,/repositories/30/resources/39529,9
39532,30,/repositories/30/resources/39532,49
39535,30,/repositories/30/resources/39535,4
39538,30,/repositories/30/resources/39538,8
39541,30,/repositories/30/resources/39541,12
39544,30,/repositories/30/resources/39544,3
39547,30,/repositories/30/resources/39547,3
39550,30,/repositories/30/resources/39550,3
39553,30,/repositories/30/resources/39553,4
39556,30,/repositories/30/resources/39556,4
39559,30,/repositories/30/resources/39559,3
39562,30,/repositories/30/resources/39562,3
39565,30,/repositories/30/resources/39565,3
39568,30,/repositories/30/resources/39568,3
39571,30,/repositories/30/resources/39571,3
39574,30,/repositories/30/resources/39574,4
39577,30,/repositories/30/resources/39577,4
39580,30,/repositories/30/resources/39580,5
39583,30,/repositories/30/resources/39583,3
39586,30,/repositories/30/resources/39586,6
39589,30,/repositories/30/resources/39589,10
39592,30,/repositories/30/resources/39592,4
39595,30,/repositories/30/resources/39595,3
39598,30,/repositories/30/resources/39598,3
39601,30,/repositories/30/resources/39601,3
39604,30,/repositories/30/resources/39604,7
39607,30,/repositories/30/resources/39607,3
39610,30,/repositories/30/resources/39610,4
39613,30,/repositories/30/resources/39613,3
39616,30,/repositories/30/resources/39616,4
39619,30,/repositories/30/resources/39619,4
39622,30,/repositories/30/resources/39622,4
39625,30,/repositories/30/resources/39625,24
39628,30,/repositories/30/resources/39628,7
39631,30,/repositories/30/resources/39631,102
39634,30,/repositories/30/resources/39634,4
39637,30,/repositories/30/resources/39637,7
39640,30,/repositories/30/resources/39640,3
39643,30,/repositories/30/resources/39643,4
39646,30,/repositories/30/resources/39646,15
39649,30,/repositories/30/resources/39649,3
39652,30,/repositories/30/resources/39652,3
39655,30,/repositories/30/resources/39655,6
39658,30,/repositories/30/resources/39658,5
39661,30,/repositories/30/resources/39661,3
39664,30,/repositories/30/resources/39664,192
39667,30,/repositories/30/resources/39667,100
39670,30,/repositories/30/resources/39670,6
39673,30,/repositories/30/resources/39673,4
39676,30,/repositories/30/resources/39676,6
39679,30,/repositories/30/resources/39679,10
39682,30,/repositories/30/resources/39682,3
39685,30,/repositories/30/resources/39685,4
39688,30,/repositories/30/resources/39688,4
39691,30,/repositories/30/resources/39691,408
39694,30,/repositories/30/resources/39694,5
39697,30,/repositories/30/resources/39697,4
39700,30,/repositories/30/resources/39700,3
39703,30,/repositories/30/resources/39703,3
39706,30,/repositories/30/resources/39706,3
39709,30,/repositories/30/resources/39709,4
39712,30,/repositories/30/resources/39712,4
39715,30,/repositories/30/resources/39715,4
39718,30,/repositories/30/resources/39718,5
39721,30,/repositories/30/resources/39721,4
39724,30,/repositories/30/resources/39724,4
39727,30,/repositories/30/resources/39727,6
39730,30,/repositories/30/resources/39730,3
39733,30,/repositories/30/resources/39733,4
39736,30,/repositories/30/resources/39736,3
39739,30,/repositories/30/resources/39739,6
39742,30,/repositories/30/resources/39742,8
39745,30,/repositories/30/resources/39745,4
39748,30,/repositories/30/resources/39748,4
39751,30,/repositories/30/resources/39751,4
39754,30,/repositories/30/resources/39754,4
39757,30,/repositories/30/resources/39757,4
39760,30,/repositories/30/resources/39760,4
39763,30,/repositories/30/resources/39763,4
39766,30,/repositories/30/resources/39766,11
39769,30,/repositories/30/resources/39769,3
39772,30,/repositories/30/resources/39772,4
39775,30,/repositories/30/resources/39775,4
39778,30,/repositories/30/resources/39778,4
39781,30,/repositories/30/resources/39781,4
39784,30,/repositories/30/resources/39784,4
39787,30,/repositories/30/resources/39787,4
39790,30,/repositories/30/resources/39790,6
39793,30,/repositories/30/resources/39793,4
39796,30,/repositories/30/resources/39796,4
39799,30,/repositories/30/resources/39799,4
39802,30,/repositories/30/resources/39802,4
39805,30,/repositories/30/resources/39805,4
39808,30,/repositories/30/resources/39808,4
39811,30,/repositories/30/resources/39811,4
39814,30,/repositories/30/resources/39814,4
39817,30,/repositories/30/resources/39817,4
39820,30,/repositories/30/resources/39820,4
39823,30,/repositories/30/resources/39823,4
39826,30,/repositories/30/resources/39826,4
39829,30,/repositories/30/resources/39829,4
39832,30,/repositories/30/resources/39832,4
39835,30,/repositories/30/resources/39835,4
39838,30,/repositories/30/resources/39838,4
39841,30,/repositories/30/resources/39841,4
39844,30,/repositories/30/resources/39844,4
39847,30,/repositories/30/resources/39847,4
39850,30,/repositories/30/resources/39850,4
39853,30,/repositories/30/resources/39853,4
39856,30,/repositories/30/resources/39856,4
39859,30,/repositories/30/resources/39859,3
39862,30,/repositories/30/resources/39862,8
39865,30,/repositories/30/resources/39865,3
39868,30,/repositories/30/resources/39868,4
39871,30,/repositories/30/resources/39871,4
39874,30,/repositories/30/resources/39874,5
39877,30,/repositories/30/resources/39877,5
39880,30,/repositories/30/resources/39880,11
39883,30,/repositories/30/resources/39883,4
39886,30,/repositories/30/resources/39886,6
39889,30,/repositories/30/resources/39889,3
39892,30,/repositories/30/resources/39892,4
39895,30,/repositories/30/resources/39895,3
39898,30,/repositories/30/resources/39898,3
39901,30,/repositories/30/resources/39901,5
39904,30,/repositories/30/resources/39904,4
39907,30,/repositories/30/resources/39907,3
39910,30,/repositories/30/resources/39910,3
39913,30,/repositories/30/resources/39913,6
39916,30,/repositories/30/resources/39916,5
39919,30,/repositories/30/resources/39919,3
39922,30,/repositories/30/resources/39922,3
39925,30,/repositories/30/resources/39925,3
39928,30,/repositories/30/resources/39928,3
39931,30,/repositories/30/resources/39931,3
39934,30,/repositories/30/resources/39934,5
39937,30,/repositories/30/resources/39937,4
39940,30,/repositories/30/resources/39940,7
39943,30,/repositories/30/resources/39943,3
39946,30,/repositories/30/resources/39946,4
39949,30,/repositories/30/resources/39949,9
39952,30,/repositories/30/resources/39952,4
39955,30,/repositories/30/resources/39955,3
39958,30,/repositories/30/resources/39958,3
39961,30,/repositories/30/resources/39961,3
39964,30,/repositories/30/resources/39964,4
39967,30,/repositories/30/resources/39967,61
39970,30,/repositories/30/resources/39970,5
39973,30,/repositories/30/resources/39973,3
39976,30,/repositories/30/resources/39976,3
39979,30,/repositories/30/resources/39979,3
39982,30,/repositories/30/resources/39982,4
39985,30,/repositories/30/resources/39985,3
39988,30,/repositories/30/resources/39988,3
39991,30,/repositories/30/resources/39991,4
39994,30,/repositories/30/resources/39994,20
39997,30,/repositories/30/resources/39997,7
40000,30,/repositories/30/resources/40000,4294
40003,30,/repositories/30/resources/40003,3
40006,30,/repositories/30/resources/40006,3
40009,30,/repositories/30/resources/40009,4
40012,30,/repositories/30/resources/40012,3
40015,30,/repositories/30/resources/40015,4
40018,30,/repositories/30/resources/40018,5
40021,30,/repositories/30/resources/40021,4
40024,30,/repositories/30/resources/40024,16
40027,30,/repositories/30/resources/40027,3
40030,30,/repositories/30/resources/40030,3
40033,30,/repositories/30/resources/40033,9
40036,30,/repositories/30/resources/40036,6
40039,30,/repositories/30/resources/40039,15
40042,30,/repositories/30/resources/40042,3
40045,30,/repositories/30/resources/40045,11
40048,30,/repositories/30/resources/40048,175
40051,30,/repositories/30/resources/40051,81
40054,30,/repositories/30/resources/40054,101
40057,30,/repositories/30/resources/40057,5
40060,30,/repositories/30/resources/40060,4
40063,30,/repositories/30/resources/40063,11
40066,30,/repositories/30/resources/40066,5
40069,30,/repositories/30/resources/40069,3
40072,30,/repositories/30/resources/40072,4
40075,30,/repositories/30/resources/40075,6
40078,30,/repositories/30/resources/40078,4
40081,30,/repositories/30/resources/40081,21
40084,30,/repositories/30/resources/40084,9
40087,30,/repositories/30/resources/40087,4
40090,30,/repositories/30/resources/40090,10
40093,30,/repositories/30/resources/40093,3
40096,30,/repositories/30/resources/40096,3
40099,30,/repositories/30/resources/40099,3
40102,30,/repositories/30/resources/40102,8
40105,30,/repositories/30/resources/40105,3
40108,30,/repositories/30/resources/40108,3
40111,30,/repositories/30/resources/40111,3
40114,30,/repositories/30/resources/40114,9
40117,30,/repositories/30/resources/40117,3
40120,30,/repositories/30/resources/40120,4
40123,30,/repositories/30/resources/40123,5
40126,30,/repositories/30/resources/40126,3
40129,30,/repositories/30/resources/40129,29
40132,30,/repositories/30/resources/40132,3
40135,30,/repositories/30/resources/40135,5
40138,30,/repositories/30/resources/40138,4
40141,30,/repositories/30/resources/40141,14
40144,30,/repositories/30/resources/40144,5
40147,30,/repositories/30/resources/40147,3
40150,30,/repositories/30/resources/40150,3
40153,30,/repositories/30/resources/40153,15
40156,30,/repositories/30/resources/40156,3
40159,30,/repositories/30/resources/40159,3
40162,30,/repositories/30/resources/40162,3
40165,30,/repositories/30/resources/40165,89
40168,30,/repositories/30/resources/40168,5
40171,30,/repositories/30/resources/40171,30
40174,30,/repositories/30/resources/40174,36
40177,30,/repositories/30/resources/40177,3
40180,30,/repositories/30/resources/40180,6
40183,30,/repositories/30/resources/40183,5
40186,30,/repositories/30/resources/40186,3
40189,30,/repositories/30/resources/40189,3
40192,30,/repositories/30/resources/40192,4
40195,30,/repositories/30/resources/40195,3
40198,30,/repositories/30/resources/40198,3
40201,30,/repositories/30/resources/40201,13
40204,30,/repositories/30/resources/40204,3
40207,30,/repositories/30/resources/40207,6
40210,30,/repositories/30/resources/40210,10
40213,30,/repositories/30/resources/40213,4
40216,30,/repositories/30/resources/40216,81
40219,30,/repositories/30/resources/40219,14
40222,30,/repositories/30/resources/40222,3
40225,30,/repositories/30/resources/40225,13
40228,30,/repositories/30/resources/40228,3
40231,30,/repositories/30/resources/40231,3
40234,30,/repositories/30/resources/40234,3
40237,30,/repositories/30/resources/40237,337
40240,30,/repositories/30/resources/40240,3
40243,30,/repositories/30/resources/40243,12
40246,30,/repositories/30/resources/40246,6
40249,30,/repositories/30/resources/40249,5
40252,30,/repositories/30/resources/40252,4
40255,30,/repositories/30/resources/40255,12
40258,30,/repositories/30/resources/40258,3
40261,30,/repositories/30/resources/40261,5
40264,30,/repositories/30/resources/40264,4
40267,30,/repositories/30/resources/40267,6
40270,30,/repositories/30/resources/40270,3
40273,30,/repositories/30/resources/40273,4
40276,30,/repositories/30/resources/40276,7
40279,30,/repositories/30/resources/40279,3
40282,30,/repositories/30/resources/40282,22
40285,30,/repositories/30/resources/40285,29
40288,30,/repositories/30/resources/40288,12
40291,30,/repositories/30/resources/40291,3
40294,30,/repositories/30/resources/40294,3
40297,30,/repositories/30/resources/40297,3
40300,30,/repositories/30/resources/40300,75
40303,30,/repositories/30/resources/40303,3
40306,30,/repositories/30/resources/40306,5
40309,30,/repositories/30/resources/40309,9
40312,30,/repositories/30/resources/40312,122
40315,30,/repositories/30/resources/40315,3
40318,30,/repositories/30/resources/40318,6
40321,30,/repositories/30/resources/40321,3
40324,30,/repositories/30/resources/40324,4
40327,30,/repositories/30/resources/40327,3
40330,30,/repositories/30/resources/40330,3
40333,30,/repositories/30/resources/40333,4
40336,30,/repositories/30/resources/40336,8
40339,30,/repositories/30/resources/40339,5
40342,30,/repositories/30/resources/40342,12
40345,30,/repositories/30/resources/40345,6
40348,30,/repositories/30/resources/40348,3
40351,30,/repositories/30/resources/40351,120
40354,30,/repositories/30/resources/40354,3
40357,30,/repositories/30/resources/40357,3
40360,30,/repositories/30/resources/40360,3
40363,30,/repositories/30/resources/40363,54
40366,30,/repositories/30/resources/40366,3
40369,30,/repositories/30/resources/40369,3
40372,30,/repositories/30/resources/40372,4
40375,30,/repositories/30/resources/40375,3
40378,30,/repositories/30/resources/40378,287
40381,30,/repositories/30/resources/40381,5
40384,30,/repositories/30/resources/40384,4
40387,30,/repositories/30/resources/40387,11
40390,30,/repositories/30/resources/40390,3
40393,30,/repositories/30/resources/40393,105
40396,30,/repositories/30/resources/40396,433
40399,30,/repositories/30/resources/40399,39
40402,30,/repositories/30/resources/40402,3
40405,30,/repositories/30/resources/40405,3
40408,30,/repositories/30/resources/40408,160
40411,30,/repositories/30/resources/40411,4
40414,30,/repositories/30/resources/40414,17
40417,30,/repositories/30/resources/40417,7
40420,30,/repositories/30/resources/40420,3
40423,30,/repositories/30/resources/40423,7
40426,30,/repositories/30/resources/40426,10
40429,30,/repositories/30/resources/40429,15
40432,30,/repositories/30/resources/40432,3
40435,30,/repositories/30/resources/40435,6
40438,30,/repositories/30/resources/40438,3
40441,30,/repositories/30/resources/40441,5
40444,30,/repositories/30/resources/40444,6
40447,30,/repositories/30/resources/40447,19
40450,30,/repositories/30/resources/40450,4
40453,30,/repositories/30/resources/40453,3
40456,30,/repositories/30/resources/40456,3
40459,30,/repositories/30/resources/40459,3
40462,30,/repositories/30/resources/40462,5
40465,30,/repositories/30/resources/40465,4
40468,30,/repositories/30/resources/40468,7
40471,30,/repositories/30/resources/40471,134
40474,30,/repositories/30/resources/40474,3
40477,30,/repositories/30/resources/40477,138
40480,30,/repositories/30/resources/40480,10
40483,30,/repositories/30/resources/40483,3
40486,30,/repositories/30/resources/40486,76
40489,30,/repositories/30/resources/40489,4
40492,30,/repositories/30/resources/40492,10
40495,30,/repositories/30/resources/40495,49
40498,30,/repositories/30/resources/40498,17
40501,30,/repositories/30/resources/40501,3
40504,30,/repositories/30/resources/40504,3
40507,30,/repositories/30/resources/40507,3
40510,30,/repositories/30/resources/40510,4
40513,30,/repositories/30/resources/40513,3
40516,30,/repositories/30/resources/40516,4
40519,30,/repositories/30/resources/40519,5
40522,30,/repositories/30/resources/40522,4
40525,30,/repositories/30/resources/40525,4
40528,30,/repositories/30/resources/40528,7
40531,30,/repositories/30/resources/40531,3
40534,30,/repositories/30/resources/40534,14
40537,30,/repositories/30/resources/40537,3
40540,30,/repositories/30/resources/40540,3
40543,30,/repositories/30/resources/40543,3
40546,30,/repositories/30/resources/40546,4
40549,30,/repositories/30/resources/40549,3
40552,30,/repositories/30/resources/40552,3
40555,30,/repositories/30/resources/40555,3
40558,30,/repositories/30/resources/40558,3
40561,30,/repositories/30/resources/40561,3
40564,30,/repositories/30/resources/40564,3
40567,30,/repositories/30/resources/40567,3
40570,30,/repositories/30/resources/40570,3
40573,30,/repositories/30/resources/40573,3
40576,30,/repositories/30/resources/40576,3
40579,30,/repositories/30/resources/40579,3
40582,30,/repositories/30/resources/40582,4
40585,30,/repositories/30/resources/40585,3
40588,30,/repositories/30/resources/40588,14
40591,30,/repositories/30/resources/40591,5
40594,30,/repositories/30/resources/40594,14
40597,30,/repositories/30/resources/40597,19
40600,30,/repositories/30/resources/40600,7
40603,30,/repositories/30/resources/40603,10
40606,30,/repositories/30/resources/40606,3
40609,30,/repositories/30/resources/40609,3
40612,30,/repositories/30/resources/40612,4
40615,30,/repositories/30/resources/40615,3
40618,30,/repositories/30/resources/40618,14
40621,30,/repositories/30/resources/40621,4
40624,30,/repositories/30/resources/40624,116
40627,30,/repositories/30/resources/40627,3
40630,30,/repositories/30/resources/40630,3
40633,30,/repositories/30/resources/40633,20
40636,30,/repositories/30/resources/40636,3
40639,30,/repositories/30/resources/40639,13
40642,30,/repositories/30/resources/40642,15
40645,30,/repositories/30/resources/40645,5
40648,30,/repositories/30/resources/40648,158
40651,30,/repositories/30/resources/40651,292
40654,30,/repositories/30/resources/40654,13
40657,30,/repositories/30/resources/40657,5
40660,30,/repositories/30/resources/40660,4
40663,30,/repositories/30/resources/40663,10
40666,30,/repositories/30/resources/40666,3
40669,30,/repositories/30/resources/40669,3
40672,30,/repositories/30/resources/40672,4
40675,30,/repositories/30/resources/40675,8
40678,30,/repositories/30/resources/40678,3
40681,30,/repositories/30/resources/40681,6
40684,30,/repositories/30/resources/40684,3
40687,30,/repositories/30/resources/40687,3
40690,30,/repositories/30/resources/40690,33
40693,30,/repositories/30/resources/40693,5
40696,30,/repositories/30/resources/40696,16
40699,30,/repositories/30/resources/40699,19
40702,30,/repositories/30/resources/40702,8
40705,30,/repositories/30/resources/40705,46
40708,30,/repositories/30/resources/40708,3
40711,30,/repositories/30/resources/40711,3
40714,30,/repositories/30/resources/40714,4
40717,30,/repositories/30/resources/40717,3
40720,30,/repositories/30/resources/40720,3
40723,30,/repositories/30/resources/40723,6
40726,30,/repositories/30/resources/40726,4
40729,30,/repositories/30/resources/40729,3
40732,30,/repositories/30/resources/40732,3
40735,30,/repositories/30/resources/40735,176
40738,30,/repositories/30/resources/40738,3
40741,30,/repositories/30/resources/40741,37
40744,30,/repositories/30/resources/40744,9
40747,30,/repositories/30/resources/40747,16
40750,30,/repositories/30/resources/40750,3
40753,30,/repositories/30/resources/40753,3
40756,30,/repositories/30/resources/40756,3
40759,30,/repositories/30/resources/40759,4
40762,30,/repositories/30/resources/40762,3
40765,30,/repositories/30/resources/40765,3
40768,30,/repositories/30/resources/40768,15
40771,30,/repositories/30/resources/40771,3
40774,30,/repositories/30/resources/40774,3
40777,30,/repositories/30/resources/40777,3
40780,30,/repositories/30/resources/40780,26
40783,30,/repositories/30/resources/40783,9
40786,30,/repositories/30/resources/40786,3
40789,30,/repositories/30/resources/40789,5
40792,30,/repositories/30/resources/40792,3
40795,30,/repositories/30/resources/40795,3
40798,30,/repositories/30/resources/40798,5
40801,30,/repositories/30/resources/40801,4
40804,30,/repositories/30/resources/40804,3
40807,30,/repositories/30/resources/40807,3
40810,30,/repositories/30/resources/40810,3
40813,30,/repositories/30/resources/40813,5
40816,30,/repositories/30/resources/40816,17
40819,30,/repositories/30/resources/40819,9
40822,30,/repositories/30/resources/40822,3
40825,30,/repositories/30/resources/40825,3
40828,30,/repositories/30/resources/40828,4
40831,30,/repositories/30/resources/40831,7
40834,30,/repositories/30/resources/40834,3
40837,30,/repositories/30/resources/40837,9
40840,30,/repositories/30/resources/40840,5
40843,30,/repositories/30/resources/40843,3
40846,30,/repositories/30/resources/40846,6
40849,30,/repositories/30/resources/40849,6
40852,30,/repositories/30/resources/40852,3
40855,30,/repositories/30/resources/40855,64
40858,30,/repositories/30/resources/40858,22
40861,30,/repositories/30/resources/40861,6
40864,30,/repositories/30/resources/40864,3
40867,30,/repositories/30/resources/40867,4
40870,30,/repositories/30/resources/40870,6
40873,30,/repositories/30/resources/40873,8
40876,30,/repositories/30/resources/40876,16
40879,30,/repositories/30/resources/40879,4
40882,30,/repositories/30/resources/40882,40
40885,30,/repositories/30/resources/40885,3
40888,30,/repositories/30/resources/40888,4
40891,30,/repositories/30/resources/40891,4
40894,30,/repositories/30/resources/40894,16
40897,30,/repositories/30/resources/40897,132
40900,30,/repositories/30/resources/40900,8
40903,30,/repositories/30/resources/40903,64
40906,30,/repositories/30/resources/40906,7
40909,30,/repositories/30/resources/40909,3
40912,30,/repositories/30/resources/40912,3
40915,30,/repositories/30/resources/40915,10
40918,30,/repositories/30/resources/40918,4
40921,30,/repositories/30/resources/40921,3
40924,30,/repositories/30/resources/40924,4
40927,30,/repositories/30/resources/40927,3
40930,30,/repositories/30/resources/40930,3
40933,30,/repositories/30/resources/40933,3
40936,30,/repositories/30/resources/40936,3
40939,30,/repositories/30/resources/40939,3
40942,30,/repositories/30/resources/40942,3
40945,30,/repositories/30/resources/40945,15
40948,30,/repositories/30/resources/40948,3
40951,30,/repositories/30/resources/40951,3
40954,30,/repositories/30/resources/40954,3
40957,30,/repositories/30/resources/40957,8
40960,30,/repositories/30/resources/40960,3
40963,30,/repositories/30/resources/40963,3
40966,30,/repositories/30/resources/40966,4
40969,30,/repositories/30/resources/40969,6
40972,30,/repositories/30/resources/40972,5
40975,30,/repositories/30/resources/40975,6
40978,30,/repositories/30/resources/40978,8
40981,30,/repositories/30/resources/40981,3
40984,30,/repositories/30/resources/40984,3
40987,30,/repositories/30/resources/40987,5
40990,30,/repositories/30/resources/40990,3
40993,30,/repositories/30/resources/40993,3
40996,30,/repositories/30/resources/40996,150
40999,30,/repositories/30/resources/40999,3
41002,30,/repositories/30/resources/41002,3
41005,30,/repositories/30/resources/41005,3
41008,30,/repositories/30/resources/41008,13
41011,30,/repositories/30/resources/41011,103
41014,30,/repositories/30/resources/41014,226
41017,30,/repositories/30/resources/41017,3
41020,30,/repositories/30/resources/41020,3
41023,30,/repositories/30/resources/41023,3
41026,30,/repositories/30/resources/41026,3
41029,30,/repositories/30/resources/41029,3
41032,30,/repositories/30/resources/41032,134
41035,30,/repositories/30/resources/41035,121
41038,30,/repositories/30/resources/41038,44
41041,30,/repositories/30/resources/41041,3
41044,30,/repositories/30/resources/41044,17
41047,30,/repositories/30/resources/41047,25
41050,30,/repositories/30/resources/41050,3
41053,30,/repositories/30/resources/41053,8
41056,30,/repositories/30/resources/41056,9
41059,30,/repositories/30/resources/41059,6
41062,30,/repositories/30/resources/41062,3
41065,30,/repositories/30/resources/41065,106
41068,30,/repositories/30/resources/41068,4
41071,30,/repositories/30/resources/41071,3
41074,30,/repositories/30/resources/41074,3
41077,30,/repositories/30/resources/41077,3
41080,30,/repositories/30/resources/41080,3
41083,30,/repositories/30/resources/41083,15
41086,30,/repositories/30/resources/41086,3
41089,30,/repositories/30/resources/41089,4
41092,30,/repositories/30/resources/41092,3
41095,30,/repositories/30/resources/41095,3
41098,30,/repositories/30/resources/41098,3
41101,30,/repositories/30/resources/41101,28
41104,30,/repositories/30/resources/41104,3
41107,30,/repositories/30/resources/41107,4
41110,30,/repositories/30/resources/41110,4
41113,30,/repositories/30/resources/41113,10
41116,30,/repositories/30/resources/41116,4
41119,30,/repositories/30/resources/41119,10
41122,30,/repositories/30/resources/41122,3
41125,30,/repositories/30/resources/41125,8
41128,30,/repositories/30/resources/41128,35
41131,30,/repositories/30/resources/41131,187
41134,30,/repositories/30/resources/41134,3
41137,30,/repositories/30/resources/41137,3
41140,30,/repositories/30/resources/41140,3
41143,30,/repositories/30/resources/41143,3
41146,30,/repositories/30/resources/41146,3
41149,30,/repositories/30/resources/41149,4
41152,30,/repositories/30/resources/41152,3
41155,30,/repositories/30/resources/41155,3
41158,30,/repositories/30/resources/41158,3
41161,30,/repositories/30/resources/41161,3
41164,30,/repositories/30/resources/41164,4
41167,30,/repositories/30/resources/41167,4
41170,30,/repositories/30/resources/41170,5
41173,30,/repositories/30/resources/41173,5
41176,30,/repositories/30/resources/41176,3
41179,30,/repositories/30/resources/41179,5
41182,30,/repositories/30/resources/41182,46
41185,30,/repositories/30/resources/41185,37
41188,30,/repositories/30/resources/41188,11
41191,30,/repositories/30/resources/41191,3
41194,30,/repositories/30/resources/41194,3
41197,30,/repositories/30/resources/41197,120
41200,30,/repositories/30/resources/41200,4
41203,30,/repositories/30/resources/41203,19
41206,30,/repositories/30/resources/41206,4
41209,30,/repositories/30/resources/41209,3
41212,30,/repositories/30/resources/41212,17
41215,30,/repositories/30/resources/41215,5
41218,30,/repositories/30/resources/41218,3
41221,30,/repositories/30/resources/41221,3
41224,30,/repositories/30/resources/41224,3
41227,30,/repositories/30/resources/41227,3
41230,30,/repositories/30/resources/41230,8
41233,30,/repositories/30/resources/41233,7
41236,30,/repositories/30/resources/41236,6
41239,30,/repositories/30/resources/41239,3
41242,30,/repositories/30/resources/41242,13
41245,30,/repositories/30/resources/41245,4
41248,30,/repositories/30/resources/41248,4
41251,30,/repositories/30/resources/41251,4
41254,30,/repositories/30/resources/41254,3
41257,30,/repositories/30/resources/41257,20
41260,30,/repositories/30/resources/41260,4
41263,30,/repositories/30/resources/41263,4
41266,30,/repositories/30/resources/41266,3
41269,30,/repositories/30/resources/41269,4
41272,30,/repositories/30/resources/41272,3
41275,30,/repositories/30/resources/41275,9
41278,30,/repositories/30/resources/41278,4
41281,30,/repositories/30/resources/41281,3
41284,30,/repositories/30/resources/41284,3
41287,30,/repositories/30/resources/41287,9
41290,30,/repositories/30/resources/41290,3
41293,30,/repositories/30/resources/41293,348
41296,30,/repositories/30/resources/41296,3
41299,30,/repositories/30/resources/41299,3
41302,30,/repositories/30/resources/41302,3
41305,30,/repositories/30/resources/41305,14
41308,30,/repositories/30/resources/41308,3
41311,30,/repositories/30/resources/41311,4
41314,30,/repositories/30/resources/41314,3
41317,30,/repositories/30/resources/41317,4
41320,30,/repositories/30/resources/41320,3
41323,30,/repositories/30/resources/41323,36
41326,30,/repositories/30/resources/41326,21
41329,30,/repositories/30/resources/41329,4
41332,30,/repositories/30/resources/41332,4
41335,30,/repositories/30/resources/41335,16
41338,30,/repositories/30/resources/41338,3
41341,30,/repositories/30/resources/41341,8
41344,30,/repositories/30/resources/41344,15
41347,30,/repositories/30/resources/41347,3
41350,30,/repositories/30/resources/41350,5
41353,30,/repositories/30/resources/41353,3
41356,30,/repositories/30/resources/41356,58
41359,30,/repositories/30/resources/41359,39
41362,30,/repositories/30/resources/41362,3
41365,30,/repositories/30/resources/41365,4
41368,30,/repositories/30/resources/41368,3
41371,30,/repositories/30/resources/41371,3
41374,30,/repositories/30/resources/41374,3
41377,30,/repositories/30/resources/41377,3
41380,30,/repositories/30/resources/41380,3
41383,30,/repositories/30/resources/41383,4
41386,30,/repositories/30/resources/41386,3
41389,30,/repositories/30/resources/41389,3
41392,30,/repositories/30/resources/41392,4
41395,30,/repositories/30/resources/41395,17
41398,30,/repositories/30/resources/41398,47
41401,30,/repositories/30/resources/41401,3
41404,30,/repositories/30/resources/41404,3
41407,30,/repositories/30/resources/41407,4
41410,30,/repositories/30/resources/41410,234
41413,30,/repositories/30/resources/41413,20
41416,30,/repositories/30/resources/41416,3
41419,30,/repositories/30/resources/41419,11
41422,30,/repositories/30/resources/41422,4
41425,30,/repositories/30/resources/41425,3
41428,30,/repositories/30/resources/41428,3
41431,30,/repositories/30/resources/41431,3
41434,30,/repositories/30/resources/41434,3
41437,30,/repositories/30/resources/41437,3
41440,30,/repositories/30/resources/41440,155
41443,30,/repositories/30/resources/41443,11
41446,30,/repositories/30/resources/41446,14
41449,30,/repositories/30/resources/41449,10
41452,30,/repositories/30/resources/41452,4
41455,30,/repositories/30/resources/41455,170
41458,30,/repositories/30/resources/41458,4
41461,30,/repositories/30/resources/41461,9
41464,30,/repositories/30/resources/41464,7
41467,30,/repositories/30/resources/41467,3
41470,30,/repositories/30/resources/41470,7
41473,30,/repositories/30/resources/41473,5
41476,30,/repositories/30/resources/41476,3
41479,30,/repositories/30/resources/41479,4
41482,30,/repositories/30/resources/41482,3
41485,30,/repositories/30/resources/41485,3
41488,30,/repositories/30/resources/41488,5
41491,30,/repositories/30/resources/41491,3
41494,30,/repositories/30/resources/41494,170
41497,30,/repositories/30/resources/41497,3
41500,30,/repositories/30/resources/41500,46
41503,30,/repositories/30/resources/41503,3
41506,30,/repositories/30/resources/41506,4
41509,30,/repositories/30/resources/41509,3
41512,30,/repositories/30/resources/41512,7
41515,30,/repositories/30/resources/41515,18
41518,30,/repositories/30/resources/41518,126
41521,30,/repositories/30/resources/41521,3
41524,30,/repositories/30/resources/41524,3
41530,30,/repositories/30/resources/41530,5
41533,30,/repositories/30/resources/41533,7
41536,30,/repositories/30/resources/41536,4
41539,30,/repositories/30/resources/41539,13
41542,30,/repositories/30/resources/41542,45
41545,30,/repositories/30/resources/41545,3
41548,30,/repositories/30/resources/41548,3
41551,30,/repositories/30/resources/41551,3
41554,30,/repositories/30/resources/41554,3
41557,30,/repositories/30/resources/41557,73
41560,30,/repositories/30/resources/41560,3
41563,30,/repositories/30/resources/41563,182
41566,30,/repositories/30/resources/41566,36
41569,30,/repositories/30/resources/41569,8
41572,30,/repositories/30/resources/41572,3
41575,30,/repositories/30/resources/41575,4
41578,30,/repositories/30/resources/41578,3
41581,30,/repositories/30/resources/41581,3
41584,30,/repositories/30/resources/41584,12
41587,30,/repositories/30/resources/41587,3
41590,30,/repositories/30/resources/41590,3
41593,30,/repositories/30/resources/41593,3
41596,30,/repositories/30/resources/41596,4
41599,30,/repositories/30/resources/41599,8
41602,30,/repositories/30/resources/41602,6
41605,30,/repositories/30/resources/41605,3
41608,30,/repositories/30/resources/41608,3
41611,30,/repositories/30/resources/41611,4
41614,30,/repositories/30/resources/41614,7
41617,30,/repositories/30/resources/41617,3
41620,30,/repositories/30/resources/41620,391
41623,30,/repositories/30/resources/41623,8
41626,30,/repositories/30/resources/41626,3
41629,30,/repositories/30/resources/41629,3
41632,30,/repositories/30/resources/41632,5
41635,30,/repositories/30/resources/41635,26
41638,30,/repositories/30/resources/41638,466
41641,30,/repositories/30/resources/41641,3
41644,30,/repositories/30/resources/41644,9
41647,30,/repositories/30/resources/41647,3
41650,30,/repositories/30/resources/41650,17
41653,30,/repositories/30/resources/41653,11
41656,30,/repositories/30/resources/41656,4
41659,30,/repositories/30/resources/41659,6
41662,30,/repositories/30/resources/41662,10
41665,30,/repositories/30/resources/41665,5
41668,30,/repositories/30/resources/41668,87
41671,30,/repositories/30/resources/41671,7
41674,30,/repositories/30/resources/41674,3
41677,30,/repositories/30/resources/41677,5
41680,30,/repositories/30/resources/41680,28
41683,30,/repositories/30/resources/41683,3
41686,30,/repositories/30/resources/41686,12
41689,30,/repositories/30/resources/41689,3
41692,30,/repositories/30/resources/41692,6
41695,30,/repositories/30/resources/41695,244
41698,30,/repositories/30/resources/41698,3
41701,30,/repositories/30/resources/41701,7
41704,30,/repositories/30/resources/41704,9
41707,30,/repositories/30/resources/41707,6
41710,30,/repositories/30/resources/41710,4
41713,30,/repositories/30/resources/41713,3
41716,30,/repositories/30/resources/41716,3
41719,30,/repositories/30/resources/41719,4
41722,30,/repositories/30/resources/41722,11
41725,30,/repositories/30/resources/41725,398
41728,30,/repositories/30/resources/41728,10
41731,30,/repositories/30/resources/41731,130
41734,30,/repositories/30/resources/41734,4
41737,30,/repositories/30/resources/41737,3
41740,30,/repositories/30/resources/41740,19
41743,30,/repositories/30/resources/41743,128
41746,30,/repositories/30/resources/41746,27
41749,30,/repositories/30/resources/41749,3
41752,30,/repositories/30/resources/41752,16
41755,30,/repositories/30/resources/41755,16
41758,30,/repositories/30/resources/41758,8
41761,30,/repositories/30/resources/41761,9
41764,30,/repositories/30/resources/41764,8
41767,30,/repositories/30/resources/41767,175
41770,30,/repositories/30/resources/41770,5
41773,30,/repositories/30/resources/41773,3
41776,30,/repositories/30/resources/41776,46
41779,30,/repositories/30/resources/41779,28
41782,30,/repositories/30/resources/41782,93
41785,30,/repositories/30/resources/41785,7
41788,30,/repositories/30/resources/41788,16
41791,30,/repositories/30/resources/41791,9
41794,30,/repositories/30/resources/41794,50
41797,30,/repositories/30/resources/41797,36
41800,30,/repositories/30/resources/41800,335
41803,30,/repositories/30/resources/41803,3
41806,30,/repositories/30/resources/41806,3
41809,30,/repositories/30/resources/41809,74
41812,30,/repositories/30/resources/41812,4
41815,30,/repositories/30/resources/41815,18
41818,30,/repositories/30/resources/41818,20
41821,30,/repositories/30/resources/41821,275
41824,30,/repositories/30/resources/41824,3
41827,30,/repositories/30/resources/41827,3
41830,30,/repositories/30/resources/41830,4
41833,30,/repositories/30/resources/41833,7
41836,30,/repositories/30/resources/41836,3
41839,30,/repositories/30/resources/41839,5
41842,30,/repositories/30/resources/41842,7
41845,30,/repositories/30/resources/41845,615
41848,30,/repositories/30/resources/41848,23
41851,30,/repositories/30/resources/41851,8
41854,30,/repositories/30/resources/41854,3
41857,30,/repositories/30/resources/41857,3
41860,30,/repositories/30/resources/41860,28
41863,30,/repositories/30/resources/41863,16
41866,30,/repositories/30/resources/41866,41
41869,30,/repositories/30/resources/41869,3
41872,30,/repositories/30/resources/41872,11
41875,30,/repositories/30/resources/41875,3
41878,30,/repositories/30/resources/41878,5
41881,30,/repositories/30/resources/41881,5
41884,30,/repositories/30/resources/41884,3
41887,30,/repositories/30/resources/41887,3
41890,30,/repositories/30/resources/41890,3
41893,30,/repositories/30/resources/41893,3
41896,30,/repositories/30/resources/41896,4
41899,30,/repositories/30/resources/41899,30
41902,30,/repositories/30/resources/41902,3
41905,30,/repositories/30/resources/41905,3
41908,30,/repositories/30/resources/41908,3
41911,30,/repositories/30/resources/41911,124
41914,30,/repositories/30/resources/41914,13
41917,30,/repositories/30/resources/41917,3
41923,30,/repositories/30/resources/41923,5
41926,30,/repositories/30/resources/41926,4
41929,30,/repositories/30/resources/41929,3
41932,30,/repositories/30/resources/41932,3
41935,30,/repositories/30/resources/41935,3
41938,30,/repositories/30/resources/41938,4
41941,30,/repositories/30/resources/41941,3
41944,30,/repositories/30/resources/41944,3
41947,30,/repositories/30/resources/41947,3
41950,30,/repositories/30/resources/41950,10
41953,30,/repositories/30/resources/41953,10
41959,30,/repositories/30/resources/41959,3
41962,30,/repositories/30/resources/41962,4
41965,30,/repositories/30/resources/41965,4
41968,30,/repositories/30/resources/41968,7
41971,30,/repositories/30/resources/41971,3
41974,30,/repositories/30/resources/41974,53
41977,30,/repositories/30/resources/41977,18
41980,30,/repositories/30/resources/41980,3
41983,30,/repositories/30/resources/41983,3
41986,30,/repositories/30/resources/41986,135
41989,30,/repositories/30/resources/41989,23
41992,30,/repositories/30/resources/41992,39
41995,30,/repositories/30/resources/41995,5
41998,30,/repositories/30/resources/41998,3
42001,30,/repositories/30/resources/42001,13
42004,30,/repositories/30/resources/42004,8
42007,30,/repositories/30/resources/42007,3
42010,30,/repositories/30/resources/42010,172
42013,30,/repositories/30/resources/42013,5
42016,30,/repositories/30/resources/42016,3
42019,30,/repositories/30/resources/42019,5
42022,30,/repositories/30/resources/42022,130
42025,30,/repositories/30/resources/42025,3
42028,30,/repositories/30/resources/42028,13
42031,30,/repositories/30/resources/42031,3
42034,30,/repositories/30/resources/42034,76
42037,30,/repositories/30/resources/42037,3
42040,30,/repositories/30/resources/42040,3
42043,30,/repositories/30/resources/42043,8
42046,30,/repositories/30/resources/42046,5
42049,30,/repositories/30/resources/42049,5
42052,30,/repositories/30/resources/42052,6
42055,30,/repositories/30/resources/42055,3
42058,30,/repositories/30/resources/42058,3
42061,30,/repositories/30/resources/42061,3
42064,30,/repositories/30/resources/42064,3
42067,30,/repositories/30/resources/42067,3
42070,30,/repositories/30/resources/42070,3
42073,30,/repositories/30/resources/42073,3
42076,30,/repositories/30/resources/42076,3
42079,30,/repositories/30/resources/42079,3
42082,30,/repositories/30/resources/42082,5
42085,30,/repositories/30/resources/42085,7
42088,30,/repositories/30/resources/42088,3
42091,30,/repositories/30/resources/42091,121
42094,30,/repositories/30/resources/42094,78
42097,30,/repositories/30/resources/42097,18
42100,30,/repositories/30/resources/42100,152
42103,30,/repositories/30/resources/42103,4
42106,30,/repositories/30/resources/42106,3
42109,30,/repositories/30/resources/42109,16
42112,30,/repositories/30/resources/42112,4
42115,30,/repositories/30/resources/42115,4
42118,30,/repositories/30/resources/42118,3
42121,30,/repositories/30/resources/42121,3
42124,30,/repositories/30/resources/42124,3
42127,30,/repositories/30/resources/42127,4
42130,30,/repositories/30/resources/42130,151
42133,30,/repositories/30/resources/42133,3
42136,30,/repositories/30/resources/42136,6
42139,30,/repositories/30/resources/42139,3
42142,30,/repositories/30/resources/42142,3
42145,30,/repositories/30/resources/42145,3
42148,30,/repositories/30/resources/42148,5
42151,30,/repositories/30/resources/42151,17
42154,30,/repositories/30/resources/42154,13
42157,30,/repositories/30/resources/42157,3
42160,30,/repositories/30/resources/42160,7
42163,30,/repositories/30/resources/42163,4
42166,30,/repositories/30/resources/42166,3
42169,30,/repositories/30/resources/42169,3
42172,30,/repositories/30/resources/42172,5
42175,30,/repositories/30/resources/42175,112
42178,30,/repositories/30/resources/42178,3
42181,30,/repositories/30/resources/42181,4
42184,30,/repositories/30/resources/42184,4
42187,30,/repositories/30/resources/42187,3
42190,30,/repositories/30/resources/42190,3
42193,30,/repositories/30/resources/42193,3
42196,30,/repositories/30/resources/42196,3
42199,30,/repositories/30/resources/42199,3
42202,30,/repositories/30/resources/42202,4
42205,30,/repositories/30/resources/42205,5
42208,30,/repositories/30/resources/42208,6
42211,30,/repositories/30/resources/42211,4
42214,30,/repositories/30/resources/42214,3
42217,30,/repositories/30/resources/42217,3
42220,30,/repositories/30/resources/42220,16
42223,30,/repositories/30/resources/42223,3
42226,30,/repositories/30/resources/42226,3
42229,30,/repositories/30/resources/42229,3
42232,30,/repositories/30/resources/42232,3
42235,30,/repositories/30/resources/42235,3
42238,30,/repositories/30/resources/42238,3
42241,30,/repositories/30/resources/42241,3
42244,30,/repositories/30/resources/42244,3
42247,30,/repositories/30/resources/42247,30
42250,30,/repositories/30/resources/42250,4
42253,30,/repositories/30/resources/42253,4
42256,30,/repositories/30/resources/42256,18
42259,30,/repositories/30/resources/42259,3
42262,30,/repositories/30/resources/42262,3
42265,30,/repositories/30/resources/42265,3
42268,30,/repositories/30/resources/42268,3
42271,30,/repositories/30/resources/42271,3
42274,30,/repositories/30/resources/42274,7
42277,30,/repositories/30/resources/42277,5
42280,30,/repositories/30/resources/42280,19
42283,30,/repositories/30/resources/42283,9
42286,30,/repositories/30/resources/42286,3
42289,30,/repositories/30/resources/42289,3
42292,30,/repositories/30/resources/42292,4
42295,30,/repositories/30/resources/42295,3
42298,30,/repositories/30/resources/42298,4
42301,30,/repositories/30/resources/42301,3
42304,30,/repositories/30/resources/42304,4
42307,30,/repositories/30/resources/42307,208
42310,30,/repositories/30/resources/42310,3
42313,30,/repositories/30/resources/42313,7
42316,30,/repositories/30/resources/42316,130
42319,30,/repositories/30/resources/42319,13
42322,30,/repositories/30/resources/42322,3
42325,30,/repositories/30/resources/42325,5
42328,30,/repositories/30/resources/42328,3
42331,30,/repositories/30/resources/42331,4
42334,30,/repositories/30/resources/42334,3
42337,30,/repositories/30/resources/42337,18
42340,30,/repositories/30/resources/42340,3
42343,30,/repositories/30/resources/42343,3
42346,30,/repositories/30/resources/42346,4
42349,30,/repositories/30/resources/42349,3
42352,30,/repositories/30/resources/42352,3
42355,30,/repositories/30/resources/42355,3
42358,30,/repositories/30/resources/42358,3
42361,30,/repositories/30/resources/42361,3
42364,30,/repositories/30/resources/42364,3
42367,30,/repositories/30/resources/42367,3
42370,30,/repositories/30/resources/42370,3
42373,30,/repositories/30/resources/42373,3
42376,30,/repositories/30/resources/42376,5
42379,30,/repositories/30/resources/42379,6
42382,30,/repositories/30/resources/42382,3
42385,30,/repositories/30/resources/42385,3
42388,30,/repositories/30/resources/42388,3
42391,30,/repositories/30/resources/42391,3
42394,30,/repositories/30/resources/42394,7
42397,30,/repositories/30/resources/42397,3
42400,30,/repositories/30/resources/42400,3
42403,30,/repositories/30/resources/42403,3
42406,30,/repositories/30/resources/42406,3
42409,30,/repositories/30/resources/42409,3
42412,30,/repositories/30/resources/42412,3
42415,30,/repositories/30/resources/42415,4
42418,30,/repositories/30/resources/42418,3
42421,30,/repositories/30/resources/42421,3
42424,30,/repositories/30/resources/42424,3
42427,30,/repositories/30/resources/42427,3
42430,30,/repositories/30/resources/42430,3
42433,30,/repositories/30/resources/42433,3
42436,30,/repositories/30/resources/42436,3
42439,30,/repositories/30/resources/42439,3
42442,30,/repositories/30/resources/42442,3
42445,30,/repositories/30/resources/42445,3
42448,30,/repositories/30/resources/42448,3
42451,30,/repositories/30/resources/42451,3
42454,30,/repositories/30/resources/42454,8
42457,30,/repositories/30/resources/42457,3
42460,30,/repositories/30/resources/42460,48
42463,30,/repositories/30/resources/42463,3
42466,30,/repositories/30/resources/42466,137
42469,30,/repositories/30/resources/42469,3
42472,30,/repositories/30/resources/42472,66
42475,30,/repositories/30/resources/42475,3
42478,30,/repositories/30/resources/42478,3
42481,30,/repositories/30/resources/42481,12
42484,30,/repositories/30/resources/42484,38
42487,30,/repositories/30/resources/42487,7
42490,30,/repositories/30/resources/42490,3
42493,30,/repositories/30/resources/42493,151
42496,30,/repositories/30/resources/42496,3
42499,30,/repositories/30/resources/42499,3
42502,30,/repositories/30/resources/42502,3
42505,30,/repositories/30/resources/42505,3
42508,30,/repositories/30/resources/42508,3
42511,30,/repositories/30/resources/42511,4
42514,30,/repositories/30/resources/42514,3
42517,30,/repositories/30/resources/42517,3
42520,30,/repositories/30/resources/42520,3
42523,30,/repositories/30/resources/42523,3
42526,30,/repositories/30/resources/42526,3
42529,30,/repositories/30/resources/42529,5
42532,30,/repositories/30/resources/42532,4
42535,30,/repositories/30/resources/42535,3
42538,30,/repositories/30/resources/42538,3
42541,30,/repositories/30/resources/42541,117
42544,30,/repositories/30/resources/42544,3
42547,30,/repositories/30/resources/42547,3
42550,30,/repositories/30/resources/42550,373
42553,30,/repositories/30/resources/42553,85
42556,30,/repositories/30/resources/42556,4
42559,30,/repositories/30/resources/42559,216
42562,30,/repositories/30/resources/42562,5
42565,30,/repositories/30/resources/42565,5
42568,30,/repositories/30/resources/42568,233
42571,30,/repositories/30/resources/42571,3
42574,30,/repositories/30/resources/42574,117
42577,30,/repositories/30/resources/42577,3
42580,30,/repositories/30/resources/42580,3
42583,30,/repositories/30/resources/42583,4
42586,30,/repositories/30/resources/42586,4
42589,30,/repositories/30/resources/42589,32
42592,30,/repositories/30/resources/42592,175
42595,30,/repositories/30/resources/42595,27
42598,30,/repositories/30/resources/42598,53
42601,30,/repositories/30/resources/42601,31
42604,30,/repositories/30/resources/42604,21
42607,30,/repositories/30/resources/42607,397
42610,30,/repositories/30/resources/42610,9
42613,30,/repositories/30/resources/42613,10
42616,30,/repositories/30/resources/42616,22
42619,30,/repositories/30/resources/42619,4
42622,30,/repositories/30/resources/42622,48
42625,30,/repositories/30/resources/42625,3
42628,30,/repositories/30/resources/42628,3
42631,30,/repositories/30/resources/42631,3
42634,30,/repositories/30/resources/42634,16
42637,30,/repositories/30/resources/42637,131
42640,30,/repositories/30/resources/42640,19
42643,30,/repositories/30/resources/42643,88
42646,30,/repositories/30/resources/42646,17
42649,30,/repositories/30/resources/42649,3
42652,30,/repositories/30/resources/42652,407
42655,30,/repositories/30/resources/42655,3
42658,30,/repositories/30/resources/42658,4
42661,30,/repositories/30/resources/42661,3
42664,30,/repositories/30/resources/42664,3
42667,30,/repositories/30/resources/42667,3
42670,30,/repositories/30/resources/42670,3
42673,30,/repositories/30/resources/42673,78
42676,30,/repositories/30/resources/42676,47
42679,30,/repositories/30/resources/42679,203
42682,30,/repositories/30/resources/42682,104
42685,30,/repositories/30/resources/42685,59
42688,30,/repositories/30/resources/42688,3
42691,30,/repositories/30/resources/42691,4
42694,30,/repositories/30/resources/42694,3
42700,30,/repositories/30/resources/42700,5
42703,30,/repositories/30/resources/42703,5
42706,30,/repositories/30/resources/42706,4
42709,30,/repositories/30/resources/42709,3
42712,30,/repositories/30/resources/42712,4
42715,30,/repositories/30/resources/42715,3
42718,30,/repositories/30/resources/42718,3
42721,30,/repositories/30/resources/42721,6
42724,30,/repositories/30/resources/42724,3
42727,30,/repositories/30/resources/42727,3
42730,30,/repositories/30/resources/42730,97
42733,30,/repositories/30/resources/42733,17
42736,30,/repositories/30/resources/42736,27
42739,30,/repositories/30/resources/42739,3
42742,30,/repositories/30/resources/42742,22
42745,30,/repositories/30/resources/42745,52
42748,30,/repositories/30/resources/42748,17
42751,30,/repositories/30/resources/42751,3
42754,30,/repositories/30/resources/42754,13
42757,30,/repositories/30/resources/42757,49
42760,30,/repositories/30/resources/42760,3
42763,30,/repositories/30/resources/42763,3
42766,30,/repositories/30/resources/42766,194
42769,30,/repositories/30/resources/42769,3
42772,30,/repositories/30/resources/42772,9
42775,30,/repositories/30/resources/42775,3
42778,30,/repositories/30/resources/42778,3
42781,30,/repositories/30/resources/42781,3
42784,30,/repositories/30/resources/42784,7
42787,30,/repositories/30/resources/42787,510
42790,30,/repositories/30/resources/42790,4
42793,30,/repositories/30/resources/42793,5
42796,30,/repositories/30/resources/42796,3
42799,30,/repositories/30/resources/42799,3
42802,30,/repositories/30/resources/42802,3
42805,30,/repositories/30/resources/42805,5
42808,30,/repositories/30/resources/42808,10
42811,30,/repositories/30/resources/42811,9
42814,30,/repositories/30/resources/42814,3
42817,30,/repositories/30/resources/42817,3
42820,30,/repositories/30/resources/42820,5
42823,30,/repositories/30/resources/42823,26
42826,30,/repositories/30/resources/42826,7
42829,30,/repositories/30/resources/42829,332
42832,30,/repositories/30/resources/42832,342
42835,30,/repositories/30/resources/42835,118
42838,30,/repositories/30/resources/42838,17
42841,30,/repositories/30/resources/42841,3
42844,30,/repositories/30/resources/42844,3
42847,30,/repositories/30/resources/42847,69
42850,30,/repositories/30/resources/42850,5
42853,30,/repositories/30/resources/42853,40
42856,30,/repositories/30/resources/42856,6
42859,30,/repositories/30/resources/42859,632
42862,30,/repositories/30/resources/42862,152
42865,30,/repositories/30/resources/42865,164
42868,30,/repositories/30/resources/42868,10
42871,30,/repositories/30/resources/42871,3
42874,30,/repositories/30/resources/42874,7
42877,30,/repositories/30/resources/42877,3
42880,30,/repositories/30/resources/42880,6
42883,30,/repositories/30/resources/42883,105
42886,30,/repositories/30/resources/42886,3
42889,30,/repositories/30/resources/42889,5
42892,30,/repositories/30/resources/42892,9
42895,30,/repositories/30/resources/42895,3
42898,30,/repositories/30/resources/42898,32
42901,30,/repositories/30/resources/42901,3
42904,30,/repositories/30/resources/42904,3
42907,30,/repositories/30/resources/42907,3
42910,30,/repositories/30/resources/42910,105
42913,30,/repositories/30/resources/42913,7
42916,30,/repositories/30/resources/42916,381
42919,30,/repositories/30/resources/42919,210
42922,30,/repositories/30/resources/42922,6
42925,30,/repositories/30/resources/42925,5
42928,30,/repositories/30/resources/42928,110
42931,30,/repositories/30/resources/42931,10
42934,30,/repositories/30/resources/42934,42
42937,30,/repositories/30/resources/42937,410
42940,30,/repositories/30/resources/42940,3
42943,30,/repositories/30/resources/42943,8
42946,30,/repositories/30/resources/42946,26
42949,30,/repositories/30/resources/42949,3
42952,30,/repositories/30/resources/42952,82
42955,30,/repositories/30/resources/42955,1031
42958,30,/repositories/30/resources/42958,109
42961,30,/repositories/30/resources/42961,6
42964,30,/repositories/30/resources/42964,9
42967,30,/repositories/30/resources/42967,303
42970,30,/repositories/30/resources/42970,3
42973,30,/repositories/30/resources/42973,2
42976,30,/repositories/30/resources/42976,58
42979,30,/repositories/30/resources/42979,356
42982,30,/repositories/30/resources/42982,13
42985,30,/repositories/30/resources/42985,4
42988,30,/repositories/30/resources/42988,6
42991,30,/repositories/30/resources/42991,12
42994,30,/repositories/30/resources/42994,3
42997,30,/repositories/30/resources/42997,59
43000,30,/repositories/30/resources/43000,3
43003,30,/repositories/30/resources/43003,118
43006,30,/repositories/30/resources/43006,534
43009,30,/repositories/30/resources/43009,21
43012,30,/repositories/30/resources/43012,12
43015,30,/repositories/30/resources/43015,6
43018,30,/repositories/30/resources/43018,92
43021,30,/repositories/30/resources/43021,3
43024,30,/repositories/30/resources/43024,171
43027,30,/repositories/30/resources/43027,11
43030,30,/repositories/30/resources/43030,188
43033,30,/repositories/30/resources/43033,13
43036,30,/repositories/30/resources/43036,4
43039,30,/repositories/30/resources/43039,326
43042,30,/repositories/30/resources/43042,239
43045,30,/repositories/30/resources/43045,3
43048,30,/repositories/30/resources/43048,653
43051,30,/repositories/30/resources/43051,482
43054,30,/repositories/30/resources/43054,10
43057,30,/repositories/30/resources/43057,3
43060,30,/repositories/30/resources/43060,466
43063,30,/repositories/30/resources/43063,4
43066,30,/repositories/30/resources/43066,224
43069,30,/repositories/30/resources/43069,5
43072,30,/repositories/30/resources/43072,161
43075,30,/repositories/30/resources/43075,5
43078,30,/repositories/30/resources/43078,397
43081,30,/repositories/30/resources/43081,51
43084,30,/repositories/30/resources/43084,5
43087,30,/repositories/30/resources/43087,2284
43090,30,/repositories/30/resources/43090,201
43093,30,/repositories/30/resources/43093,5
43096,30,/repositories/30/resources/43096,3
43099,30,/repositories/30/resources/43099,625
43102,30,/repositories/30/resources/43102,3
43105,30,/repositories/30/resources/43105,7
43108,30,/repositories/30/resources/43108,687
43111,30,/repositories/30/resources/43111,24
43114,30,/repositories/30/resources/43114,4
43117,30,/repositories/30/resources/43117,92
43120,30,/repositories/30/resources/43120,957
43123,30,/repositories/30/resources/43123,6
43129,30,/repositories/30/resources/43129,4
43135,30,/repositories/30/resources/43135,4
43168,30,/repositories/30/resources/43168,4
43174,30,/repositories/30/resources/43174,3
43180,30,/repositories/30/resources/43180,8
43192,30,/repositories/30/resources/43192,3
43207,30,/repositories/30/resources/43207,2
43231,30,/repositories/30/resources/43231,8
43267,30,/repositories/30/resources/43267,5
43288,30,/repositories/30/resources/43288,3
43291,30,/repositories/30/resources/43291,6
43297,30,/repositories/30/resources/43297,3
43300,30,/repositories/30/resources/43300,3
43306,30,/repositories/30/resources/43306,4
43309,30,/repositories/30/resources/43309,3
43312,30,/repositories/30/resources/43312,3
43315,30,/repositories/30/resources/43315,3
43318,30,/repositories/30/resources/43318,4
43321,30,/repositories/30/resources/43321,1218
43324,30,/repositories/30/resources/43324,6
43327,30,/repositories/30/resources/43327,4
43330,30,/repositories/30/resources/43330,8
43333,30,/repositories/30/resources/43333,12
43336,30,/repositories/30/resources/43336,7
43339,30,/repositories/30/resources/43339,7
43342,30,/repositories/30/resources/43342,7
43345,30,/repositories/30/resources/43345,7
43348,30,/repositories/30/resources/43348,9
43351,30,/repositories/30/resources/43351,9
43354,30,/repositories/30/resources/43354,5
43357,30,/repositories/30/resources/43357,5
43360,30,/repositories/30/resources/43360,7
43363,30,/repositories/30/resources/43363,11
43366,30,/repositories/30/resources/43366,4
43369,30,/repositories/30/resources/43369,7
43372,30,/repositories/30/resources/43372,5
43375,30,/repositories/30/resources/43375,8
43378,30,/repositories/30/resources/43378,6
43381,30,/repositories/30/resources/43381,5
43384,30,/repositories/30/resources/43384,8
43387,30,/repositories/30/resources/43387,9
43390,30,/repositories/30/resources/43390,7
43393,30,/repositories/30/resources/43393,10
43396,30,/repositories/30/resources/43396,8
43399,30,/repositories/30/resources/43399,5
43402,30,/repositories/30/resources/43402,10
43405,30,/repositories/30/resources/43405,9
43408,30,/repositories/30/resources/43408,6
43411,30,/repositories/30/resources/43411,7
43414,30,/repositories/30/resources/43414,7
43417,30,/repositories/30/resources/43417,8
43420,30,/repositories/30/resources/43420,8
43423,30,/repositories/30/resources/43423,11
43426,30,/repositories/30/resources/43426,5
43429,30,/repositories/30/resources/43429,7
43432,30,/repositories/30/resources/43432,4
43435,30,/repositories/30/resources/43435,7
43438,30,/repositories/30/resources/43438,5
43441,30,/repositories/30/resources/43441,4
43444,30,/repositories/30/resources/43444,4
43447,30,/repositories/30/resources/43447,4
43450,30,/repositories/30/resources/43450,4
43453,30,/repositories/30/resources/43453,9
43456,30,/repositories/30/resources/43456,6
43459,30,/repositories/30/resources/43459,7
43462,30,/repositories/30/resources/43462,9
43465,30,/repositories/30/resources/43465,9
43468,30,/repositories/30/resources/43468,7
43471,30,/repositories/30/resources/43471,5
43474,30,/repositories/30/resources/43474,9
43477,30,/repositories/30/resources/43477,6
43480,30,/repositories/30/resources/43480,5
43483,30,/repositories/30/resources/43483,7
43486,30,/repositories/30/resources/43486,11
43489,30,/repositories/30/resources/43489,4
43492,30,/repositories/30/resources/43492,5
43495,30,/repositories/30/resources/43495,7
43498,30,/repositories/30/resources/43498,5
43501,30,/repositories/30/resources/43501,6
43504,30,/repositories/30/resources/43504,6
43507,30,/repositories/30/resources/43507,9
43510,30,/repositories/30/resources/43510,7
43513,30,/repositories/30/resources/43513,9
43516,30,/repositories/30/resources/43516,4
43519,30,/repositories/30/resources/43519,5
43522,30,/repositories/30/resources/43522,6
43525,30,/repositories/30/resources/43525,13
43528,30,/repositories/30/resources/43528,6
43531,30,/repositories/30/resources/43531,10
43534,30,/repositories/30/resources/43534,7
43537,30,/repositories/30/resources/43537,6
43540,30,/repositories/30/resources/43540,8
43543,30,/repositories/30/resources/43543,6
43546,30,/repositories/30/resources/43546,11
43549,30,/repositories/30/resources/43549,5
43552,30,/repositories/30/resources/43552,4
43555,30,/repositories/30/resources/43555,8
43558,30,/repositories/30/resources/43558,7
43561,30,/repositories/30/resources/43561,6
43564,30,/repositories/30/resources/43564,12
43567,30,/repositories/30/resources/43567,11
43570,30,/repositories/30/resources/43570,9
43573,30,/repositories/30/resources/43573,6
43576,30,/repositories/30/resources/43576,9
43579,30,/repositories/30/resources/43579,7
43582,30,/repositories/30/resources/43582,11
43585,30,/repositories/30/resources/43585,4
43588,30,/repositories/30/resources/43588,6
43591,30,/repositories/30/resources/43591,4
43594,30,/repositories/30/resources/43594,6
43597,30,/repositories/30/resources/43597,7
43600,30,/repositories/30/resources/43600,5
43603,30,/repositories/30/resources/43603,7
43606,30,/repositories/30/resources/43606,7
43609,30,/repositories/30/resources/43609,8
43612,30,/repositories/30/resources/43612,5
43615,30,/repositories/30/resources/43615,5
43618,30,/repositories/30/resources/43618,9
43621,30,/repositories/30/resources/43621,5
43624,30,/repositories/30/resources/43624,11
43627,30,/repositories/30/resources/43627,10
43630,30,/repositories/30/resources/43630,5
43633,30,/repositories/30/resources/43633,5
43636,30,/repositories/30/resources/43636,5
43639,30,/repositories/30/resources/43639,5
43642,30,/repositories/30/resources/43642,6
43645,30,/repositories/30/resources/43645,8
43648,30,/repositories/30/resources/43648,18
43651,30,/repositories/30/resources/43651,6
43654,30,/repositories/30/resources/43654,7
43657,30,/repositories/30/resources/43657,5
43660,30,/repositories/30/resources/43660,17
43663,30,/repositories/30/resources/43663,8
43666,30,/repositories/30/resources/43666,4
43669,30,/repositories/30/resources/43669,6
43672,30,/repositories/30/resources/43672,9
43675,30,/repositories/30/resources/43675,5
43678,30,/repositories/30/resources/43678,6
43681,30,/repositories/30/resources/43681,6
43684,30,/repositories/30/resources/43684,5
43687,30,/repositories/30/resources/43687,14
43690,30,/repositories/30/resources/43690,3
43693,30,/repositories/30/resources/43693,9
43696,30,/repositories/30/resources/43696,18
43699,30,/repositories/30/resources/43699,5
43702,30,/repositories/30/resources/43702,7
43705,30,/repositories/30/resources/43705,5
43708,30,/repositories/30/resources/43708,5
43711,30,/repositories/30/resources/43711,5
43714,30,/repositories/30/resources/43714,5
43717,30,/repositories/30/resources/43717,9
43720,30,/repositories/30/resources/43720,4
43723,30,/repositories/30/resources/43723,7
43726,30,/repositories/30/resources/43726,7
43729,30,/repositories/30/resources/43729,6
43732,30,/repositories/30/resources/43732,8
43735,30,/repositories/30/resources/43735,4
43738,30,/repositories/30/resources/43738,4
43741,30,/repositories/30/resources/43741,7
43744,30,/repositories/30/resources/43744,6
43747,30,/repositories/30/resources/43747,12
43750,30,/repositories/30/resources/43750,6
43753,30,/repositories/30/resources/43753,5
43756,30,/repositories/30/resources/43756,7
43759,30,/repositories/30/resources/43759,8
43762,30,/repositories/30/resources/43762,10
43765,30,/repositories/30/resources/43765,5
43768,30,/repositories/30/resources/43768,7
43771,30,/repositories/30/resources/43771,9
43774,30,/repositories/30/resources/43774,9
43777,30,/repositories/30/resources/43777,7
43780,30,/repositories/30/resources/43780,6
43783,30,/repositories/30/resources/43783,9
43786,30,/repositories/30/resources/43786,10
43789,30,/repositories/30/resources/43789,6
43792,30,/repositories/30/resources/43792,5
43795,30,/repositories/30/resources/43795,8
43798,30,/repositories/30/resources/43798,11
43801,30,/repositories/30/resources/43801,5
43804,30,/repositories/30/resources/43804,10
43807,30,/repositories/30/resources/43807,6
43810,30,/repositories/30/resources/43810,6
43813,30,/repositories/30/resources/43813,8
43816,30,/repositories/30/resources/43816,7
43819,30,/repositories/30/resources/43819,6
43822,30,/repositories/30/resources/43822,6
43825,30,/repositories/30/resources/43825,5
43828,30,/repositories/30/resources/43828,9
43831,30,/repositories/30/resources/43831,5
43834,30,/repositories/30/resources/43834,5
43837,30,/repositories/30/resources/43837,4
43840,30,/repositories/30/resources/43840,7
43843,30,/repositories/30/resources/43843,15
43846,30,/repositories/30/resources/43846,13
43849,30,/repositories/30/resources/43849,5
43852,30,/repositories/30/resources/43852,5
43855,30,/repositories/30/resources/43855,4
43858,30,/repositories/30/resources/43858,7
43861,30,/repositories/30/resources/43861,9
43864,30,/repositories/30/resources/43864,4
43867,30,/repositories/30/resources/43867,4
43870,30,/repositories/30/resources/43870,5
43873,30,/repositories/30/resources/43873,8
43876,30,/repositories/30/resources/43876,7
43879,30,/repositories/30/resources/43879,7
43882,30,/repositories/30/resources/43882,6
43885,30,/repositories/30/resources/43885,13
43888,30,/repositories/30/resources/43888,6
43891,30,/repositories/30/resources/43891,6
43894,30,/repositories/30/resources/43894,7
43897,30,/repositories/30/resources/43897,6
43900,30,/repositories/30/resources/43900,8
43903,30,/repositories/30/resources/43903,6
43906,30,/repositories/30/resources/43906,9
43909,30,/repositories/30/resources/43909,8
43912,30,/repositories/30/resources/43912,8
43915,30,/repositories/30/resources/43915,6
43918,30,/repositories/30/resources/43918,5
43921,30,/repositories/30/resources/43921,5
43924,30,/repositories/30/resources/43924,5
43927,30,/repositories/30/resources/43927,6
43930,30,/repositories/30/resources/43930,11
43933,30,/repositories/30/resources/43933,7
43936,30,/repositories/30/resources/43936,5
43939,30,/repositories/30/resources/43939,11
43942,30,/repositories/30/resources/43942,6
43945,30,/repositories/30/resources/43945,13
43948,30,/repositories/30/resources/43948,5
43951,30,/repositories/30/resources/43951,7
43954,30,/repositories/30/resources/43954,6
43957,30,/repositories/30/resources/43957,5
43960,30,/repositories/30/resources/43960,5
43963,30,/repositories/30/resources/43963,12
43966,30,/repositories/30/resources/43966,8
43969,30,/repositories/30/resources/43969,4
43972,30,/repositories/30/resources/43972,8
43975,30,/repositories/30/resources/43975,9
43978,30,/repositories/30/resources/43978,4
43981,30,/repositories/30/resources/43981,4
43984,30,/repositories/30/resources/43984,6
43987,30,/repositories/30/resources/43987,6
43990,30,/repositories/30/resources/43990,5
43993,30,/repositories/30/resources/43993,8
43996,30,/repositories/30/resources/43996,4
43999,30,/repositories/30/resources/43999,5
44002,30,/repositories/30/resources/44002,7
44005,30,/repositories/30/resources/44005,10
44008,30,/repositories/30/resources/44008,13
44011,30,/repositories/30/resources/44011,6
44014,30,/repositories/30/resources/44014,7
44017,30,/repositories/30/resources/44017,11
44020,30,/repositories/30/resources/44020,21
44023,30,/repositories/30/resources/44023,4
44026,30,/repositories/30/resources/44026,9
44029,30,/repositories/30/resources/44029,6
44032,30,/repositories/30/resources/44032,7
44035,30,/repositories/30/resources/44035,5
44038,30,/repositories/30/resources/44038,5
44041,30,/repositories/30/resources/44041,5
44044,30,/repositories/30/resources/44044,6
44047,30,/repositories/30/resources/44047,7
44050,30,/repositories/30/resources/44050,10
44053,30,/repositories/30/resources/44053,6
44056,30,/repositories/30/resources/44056,6
44059,30,/repositories/30/resources/44059,7
44062,30,/repositories/30/resources/44062,7
44065,30,/repositories/30/resources/44065,5
44068,30,/repositories/30/resources/44068,5
44071,30,/repositories/30/resources/44071,8
44074,30,/repositories/30/resources/44074,7
44077,30,/repositories/30/resources/44077,6
44080,30,/repositories/30/resources/44080,6
44083,30,/repositories/30/resources/44083,7
44086,30,/repositories/30/resources/44086,6
44089,30,/repositories/30/resources/44089,10
44092,30,/repositories/30/resources/44092,7
44095,30,/repositories/30/resources/44095,5
44098,30,/repositories/30/resources/44098,9
44101,30,/repositories/30/resources/44101,5
44104,30,/repositories/30/resources/44104,7
44107,30,/repositories/30/resources/44107,7
44110,30,/repositories/30/resources/44110,6
44113,30,/repositories/30/resources/44113,7
44116,30,/repositories/30/resources/44116,7
44119,30,/repositories/30/resources/44119,5
44122,30,/repositories/30/resources/44122,10
44125,30,/repositories/30/resources/44125,5
44128,30,/repositories/30/resources/44128,7
44131,30,/repositories/30/resources/44131,5
44134,30,/repositories/30/resources/44134,14
44137,30,/repositories/30/resources/44137,8
44140,30,/repositories/30/resources/44140,4
44143,30,/repositories/30/resources/44143,5
44146,30,/repositories/30/resources/44146,8
44149,30,/repositories/30/resources/44149,9
44152,30,/repositories/30/resources/44152,4
44155,30,/repositories/30/resources/44155,7
44158,30,/repositories/30/resources/44158,4
44161,30,/repositories/30/resources/44161,6
44164,30,/repositories/30/resources/44164,5
44167,30,/repositories/30/resources/44167,5
44170,30,/repositories/30/resources/44170,8
44173,30,/repositories/30/resources/44173,6
44176,30,/repositories/30/resources/44176,7
44179,30,/repositories/30/resources/44179,6
44182,30,/repositories/30/resources/44182,11
44185,30,/repositories/30/resources/44185,9
44188,30,/repositories/30/resources/44188,9
44191,30,/repositories/30/resources/44191,9
44194,30,/repositories/30/resources/44194,11
44197,30,/repositories/30/resources/44197,8
44200,30,/repositories/30/resources/44200,7
44203,30,/repositories/30/resources/44203,9
44206,30,/repositories/30/resources/44206,8
44209,30,/repositories/30/resources/44209,8
44212,30,/repositories/30/resources/44212,7
44215,30,/repositories/30/resources/44215,6
44218,30,/repositories/30/resources/44218,6
44221,30,/repositories/30/resources/44221,8
44224,30,/repositories/30/resources/44224,10
44227,30,/repositories/30/resources/44227,10
44230,30,/repositories/30/resources/44230,11
44233,30,/repositories/30/resources/44233,7
44236,30,/repositories/30/resources/44236,7
44239,30,/repositories/30/resources/44239,7
44242,30,/repositories/30/resources/44242,9
44245,30,/repositories/30/resources/44245,8
44248,30,/repositories/30/resources/44248,12
44251,30,/repositories/30/resources/44251,6
44254,30,/repositories/30/resources/44254,5
44257,30,/repositories/30/resources/44257,5
44260,30,/repositories/30/resources/44260,4
44263,30,/repositories/30/resources/44263,6
44266,30,/repositories/30/resources/44266,5
44269,30,/repositories/30/resources/44269,5
44272,30,/repositories/30/resources/44272,7
44275,30,/repositories/30/resources/44275,4
44278,30,/repositories/30/resources/44278,11
44281,30,/repositories/30/resources/44281,5
44284,30,/repositories/30/resources/44284,6
44287,30,/repositories/30/resources/44287,5
44290,30,/repositories/30/resources/44290,8
44293,30,/repositories/30/resources/44293,4
44296,30,/repositories/30/resources/44296,6
44299,30,/repositories/30/resources/44299,4
44302,30,/repositories/30/resources/44302,4
44305,30,/repositories/30/resources/44305,8
44308,30,/repositories/30/resources/44308,6
44311,30,/repositories/30/resources/44311,7
44314,30,/repositories/30/resources/44314,5
44317,30,/repositories/30/resources/44317,10
44320,30,/repositories/30/resources/44320,4
44323,30,/repositories/30/resources/44323,7
44326,30,/repositories/30/resources/44326,9
44329,30,/repositories/30/resources/44329,5
44332,30,/repositories/30/resources/44332,4
44335,30,/repositories/30/resources/44335,3
44338,30,/repositories/30/resources/44338,6
44341,30,/repositories/30/resources/44341,4
44344,30,/repositories/30/resources/44344,5
44347,30,/repositories/30/resources/44347,5
44350,30,/repositories/30/resources/44350,12
44353,30,/repositories/30/resources/44353,4
44356,30,/repositories/30/resources/44356,5
44359,30,/repositories/30/resources/44359,9
44362,30,/repositories/30/resources/44362,6
44365,30,/repositories/30/resources/44365,5
44368,30,/repositories/30/resources/44368,6
44371,30,/repositories/30/resources/44371,3
44374,30,/repositories/30/resources/44374,5
44377,30,/repositories/30/resources/44377,8
44380,30,/repositories/30/resources/44380,8
44383,30,/repositories/30/resources/44383,4
44386,30,/repositories/30/resources/44386,5
44389,30,/repositories/30/resources/44389,3
44392,30,/repositories/30/resources/44392,7
44395,30,/repositories/30/resources/44395,9
44398,30,/repositories/30/resources/44398,4
44401,30,/repositories/30/resources/44401,5
44404,30,/repositories/30/resources/44404,14
44407,30,/repositories/30/resources/44407,5
44410,30,/repositories/30/resources/44410,4
44413,30,/repositories/30/resources/44413,16
44416,30,/repositories/30/resources/44416,6
44419,30,/repositories/30/resources/44419,7
44422,30,/repositories/30/resources/44422,8
44425,30,/repositories/30/resources/44425,9
44428,30,/repositories/30/resources/44428,7
44431,30,/repositories/30/resources/44431,9
44434,30,/repositories/30/resources/44434,11
44437,30,/repositories/30/resources/44437,7
44440,30,/repositories/30/resources/44440,2
44443,30,/repositories/30/resources/44443,4
44446,30,/repositories/30/resources/44446,4
44449,30,/repositories/30/resources/44449,8
44452,30,/repositories/30/resources/44452,10
44455,30,/repositories/30/resources/44455,6
44458,30,/repositories/30/resources/44458,5
44461,30,/repositories/30/resources/44461,6
44464,30,/repositories/30/resources/44464,6
44467,30,/repositories/30/resources/44467,5
44470,30,/repositories/30/resources/44470,5
44473,30,/repositories/30/resources/44473,4
44476,30,/repositories/30/resources/44476,5
44479,30,/repositories/30/resources/44479,6
44482,30,/repositories/30/resources/44482,5
44485,30,/repositories/30/resources/44485,4
44488,30,/repositories/30/resources/44488,4
44491,30,/repositories/30/resources/44491,5
44494,30,/repositories/30/resources/44494,4
44497,30,/repositories/30/resources/44497,4
44500,30,/repositories/30/resources/44500,4
44503,30,/repositories/30/resources/44503,6
44506,30,/repositories/30/resources/44506,3
44509,30,/repositories/30/resources/44509,6
44512,30,/repositories/30/resources/44512,5
44515,30,/repositories/30/resources/44515,6
44518,30,/repositories/30/resources/44518,5
44521,30,/repositories/30/resources/44521,11
44524,30,/repositories/30/resources/44524,5
44527,30,/repositories/30/resources/44527,3
44530,30,/repositories/30/resources/44530,4
44533,30,/repositories/30/resources/44533,4
44536,30,/repositories/30/resources/44536,4
44539,30,/repositories/30/resources/44539,4
44542,30,/repositories/30/resources/44542,4
44545,30,/repositories/30/resources/44545,5
44548,30,/repositories/30/resources/44548,7
44551,30,/repositories/30/resources/44551,4
44554,30,/repositories/30/resources/44554,7
44557,30,/repositories/30/resources/44557,8
44560,30,/repositories/30/resources/44560,5
44563,30,/repositories/30/resources/44563,6
44566,30,/repositories/30/resources/44566,6
44569,30,/repositories/30/resources/44569,6
44572,30,/repositories/30/resources/44572,4
44575,30,/repositories/30/resources/44575,5
44578,30,/repositories/30/resources/44578,4
44581,30,/repositories/30/resources/44581,5
44584,30,/repositories/30/resources/44584,4
44587,30,/repositories/30/resources/44587,5
44590,30,/repositories/30/resources/44590,4
44593,30,/repositories/30/resources/44593,8
44596,30,/repositories/30/resources/44596,5
44599,30,/repositories/30/resources/44599,4
44602,30,/repositories/30/resources/44602,5
44605,30,/repositories/30/resources/44605,5
44608,30,/repositories/30/resources/44608,5
44611,30,/repositories/30/resources/44611,6
44614,30,/repositories/30/resources/44614,6
44617,30,/repositories/30/resources/44617,5
44620,30,/repositories/30/resources/44620,4
44623,30,/repositories/30/resources/44623,11
44626,30,/repositories/30/resources/44626,5
44629,30,/repositories/30/resources/44629,7
44632,30,/repositories/30/resources/44632,4
44635,30,/repositories/30/resources/44635,4
44638,30,/repositories/30/resources/44638,5
44641,30,/repositories/30/resources/44641,4
44644,30,/repositories/30/resources/44644,5
44647,30,/repositories/30/resources/44647,4
44650,30,/repositories/30/resources/44650,4
44653,30,/repositories/30/resources/44653,7
44656,30,/repositories/30/resources/44656,6
44659,30,/repositories/30/resources/44659,6
44662,30,/repositories/30/resources/44662,6
44665,30,/repositories/30/resources/44665,4
44668,30,/repositories/30/resources/44668,7
44671,30,/repositories/30/resources/44671,6
44674,30,/repositories/30/resources/44674,4
44677,30,/repositories/30/resources/44677,6
44680,30,/repositories/30/resources/44680,8
44683,30,/repositories/30/resources/44683,5
44686,30,/repositories/30/resources/44686,6
44689,30,/repositories/30/resources/44689,7
44692,30,/repositories/30/resources/44692,4
44695,30,/repositories/30/resources/44695,5
44698,30,/repositories/30/resources/44698,4
44701,30,/repositories/30/resources/44701,6
44704,30,/repositories/30/resources/44704,4
44707,30,/repositories/30/resources/44707,6
44710,30,/repositories/30/resources/44710,5
44713,30,/repositories/30/resources/44713,7
44716,30,/repositories/30/resources/44716,4
44719,30,/repositories/30/resources/44719,7
44722,30,/repositories/30/resources/44722,9
44725,30,/repositories/30/resources/44725,9
44728,30,/repositories/30/resources/44728,5
44731,30,/repositories/30/resources/44731,6
44734,30,/repositories/30/resources/44734,8
44737,30,/repositories/30/resources/44737,3
44740,30,/repositories/30/resources/44740,7
44743,30,/repositories/30/resources/44743,6
44746,30,/repositories/30/resources/44746,6
44749,30,/repositories/30/resources/44749,6
44752,30,/repositories/30/resources/44752,4
44755,30,/repositories/30/resources/44755,5
44758,30,/repositories/30/resources/44758,5
44761,30,/repositories/30/resources/44761,8
44764,30,/repositories/30/resources/44764,5
44767,30,/repositories/30/resources/44767,5
44770,30,/repositories/30/resources/44770,5
44773,30,/repositories/30/resources/44773,5
44776,30,/repositories/30/resources/44776,5
44779,30,/repositories/30/resources/44779,5
44782,30,/repositories/30/resources/44782,6
44785,30,/repositories/30/resources/44785,6
44788,30,/repositories/30/resources/44788,6
44791,30,/repositories/30/resources/44791,9
44794,30,/repositories/30/resources/44794,6
44797,30,/repositories/30/resources/44797,6
44800,30,/repositories/30/resources/44800,6
44803,30,/repositories/30/resources/44803,5
44806,30,/repositories/30/resources/44806,4
44809,30,/repositories/30/resources/44809,6
44812,30,/repositories/30/resources/44812,4
44815,30,/repositories/30/resources/44815,4
44818,30,/repositories/30/resources/44818,4
44821,30,/repositories/30/resources/44821,5
44824,30,/repositories/30/resources/44824,8
44827,30,/repositories/30/resources/44827,9
44830,30,/repositories/30/resources/44830,5
44833,30,/repositories/30/resources/44833,5
44836,30,/repositories/30/resources/44836,8
44839,30,/repositories/30/resources/44839,12
44842,30,/repositories/30/resources/44842,6
44845,30,/repositories/30/resources/44845,5
44848,30,/repositories/30/resources/44848,8
44851,30,/repositories/30/resources/44851,4
44854,30,/repositories/30/resources/44854,5
44857,30,/repositories/30/resources/44857,4
44860,30,/repositories/30/resources/44860,6
44863,30,/repositories/30/resources/44863,7
44866,30,/repositories/30/resources/44866,4
44869,30,/repositories/30/resources/44869,7
44872,30,/repositories/30/resources/44872,6
44875,30,/repositories/30/resources/44875,4
44878,30,/repositories/30/resources/44878,8
44881,30,/repositories/30/resources/44881,6
44884,30,/repositories/30/resources/44884,3
44887,30,/repositories/30/resources/44887,5
44890,30,/repositories/30/resources/44890,21
44893,30,/repositories/30/resources/44893,6
44896,30,/repositories/30/resources/44896,6
44899,30,/repositories/30/resources/44899,6
44902,30,/repositories/30/resources/44902,5
44905,30,/repositories/30/resources/44905,5
44908,30,/repositories/30/resources/44908,5
44911,30,/repositories/30/resources/44911,5
44914,30,/repositories/30/resources/44914,5
44917,30,/repositories/30/resources/44917,4
44920,30,/repositories/30/resources/44920,6
44923,30,/repositories/30/resources/44923,4
44926,30,/repositories/30/resources/44926,3
44929,30,/repositories/30/resources/44929,3
44932,30,/repositories/30/resources/44932,4
44935,30,/repositories/30/resources/44935,3
44938,30,/repositories/30/resources/44938,9
44941,30,/repositories/30/resources/44941,4
44944,30,/repositories/30/resources/44944,5
44947,30,/repositories/30/resources/44947,7
44950,30,/repositories/30/resources/44950,4
44953,30,/repositories/30/resources/44953,5
44956,30,/repositories/30/resources/44956,4
44959,30,/repositories/30/resources/44959,4
44962,30,/repositories/30/resources/44962,5
44965,30,/repositories/30/resources/44965,8
44968,30,/repositories/30/resources/44968,9
44971,30,/repositories/30/resources/44971,6
44974,30,/repositories/30/resources/44974,5
44977,30,/repositories/30/resources/44977,6
44980,30,/repositories/30/resources/44980,7
44983,30,/repositories/30/resources/44983,4
44986,30,/repositories/30/resources/44986,5
44989,30,/repositories/30/resources/44989,8
44992,30,/repositories/30/resources/44992,7
44995,30,/repositories/30/resources/44995,4
44998,30,/repositories/30/resources/44998,13
45001,30,/repositories/30/resources/45001,4
45004,30,/repositories/30/resources/45004,4
45007,30,/repositories/30/resources/45007,5
45010,30,/repositories/30/resources/45010,5
45013,30,/repositories/30/resources/45013,5
45016,30,/repositories/30/resources/45016,6
45019,30,/repositories/30/resources/45019,3
45022,30,/repositories/30/resources/45022,4
45025,30,/repositories/30/resources/45025,4
45028,30,/repositories/30/resources/45028,4
45031,30,/repositories/30/resources/45031,4
45034,30,/repositories/30/resources/45034,5
45037,30,/repositories/30/resources/45037,7
45040,30,/repositories/30/resources/45040,5
45043,30,/repositories/30/resources/45043,8
45046,30,/repositories/30/resources/45046,5
45049,30,/repositories/30/resources/45049,4
45052,30,/repositories/30/resources/45052,6
45055,30,/repositories/30/resources/45055,5
45058,30,/repositories/30/resources/45058,6
45061,30,/repositories/30/resources/45061,5
45064,30,/repositories/30/resources/45064,4
45067,30,/repositories/30/resources/45067,8
45070,30,/repositories/30/resources/45070,4
45073,30,/repositories/30/resources/45073,6
45076,30,/repositories/30/resources/45076,5
45079,30,/repositories/30/resources/45079,7
45082,30,/repositories/30/resources/45082,5
45085,30,/repositories/30/resources/45085,4
45088,30,/repositories/30/resources/45088,6
45091,30,/repositories/30/resources/45091,5
45094,30,/repositories/30/resources/45094,5
45097,30,/repositories/30/resources/45097,5
45100,30,/repositories/30/resources/45100,18
45103,30,/repositories/30/resources/45103,4
45106,30,/repositories/30/resources/45106,6
45109,30,/repositories/30/resources/45109,4
45112,30,/repositories/30/resources/45112,9
45115,30,/repositories/30/resources/45115,5
45118,30,/repositories/30/resources/45118,7
45121,30,/repositories/30/resources/45121,7
45124,30,/repositories/30/resources/45124,18
45127,30,/repositories/30/resources/45127,6
45130,30,/repositories/30/resources/45130,6
45133,30,/repositories/30/resources/45133,6
45136,30,/repositories/30/resources/45136,6
45139,30,/repositories/30/resources/45139,4
45142,30,/repositories/30/resources/45142,5
45145,30,/repositories/30/resources/45145,5
45148,30,/repositories/30/resources/45148,5
45151,30,/repositories/30/resources/45151,5
45154,30,/repositories/30/resources/45154,8
45157,30,/repositories/30/resources/45157,5
45160,30,/repositories/30/resources/45160,6
45163,30,/repositories/30/resources/45163,5
45166,30,/repositories/30/resources/45166,4
45169,30,/repositories/30/resources/45169,5
45172,30,/repositories/30/resources/45172,9
45175,30,/repositories/30/resources/45175,6
45178,30,/repositories/30/resources/45178,7
45181,30,/repositories/30/resources/45181,4
45184,30,/repositories/30/resources/45184,5
45187,30,/repositories/30/resources/45187,4
45190,30,/repositories/30/resources/45190,5
45193,30,/repositories/30/resources/45193,6
45196,30,/repositories/30/resources/45196,6
45199,30,/repositories/30/resources/45199,4
45202,30,/repositories/30/resources/45202,5
45205,30,/repositories/30/resources/45205,5
45208,30,/repositories/30/resources/45208,4
45211,30,/repositories/30/resources/45211,9
45214,30,/repositories/30/resources/45214,4
45217,30,/repositories/30/resources/45217,5
45220,30,/repositories/30/resources/45220,5
45223,30,/repositories/30/resources/45223,5
45226,30,/repositories/30/resources/45226,5
45229,30,/repositories/30/resources/45229,7
45232,30,/repositories/30/resources/45232,9
45235,30,/repositories/30/resources/45235,4
45238,30,/repositories/30/resources/45238,7
45241,30,/repositories/30/resources/45241,6
45244,30,/repositories/30/resources/45244,7
45247,30,/repositories/30/resources/45247,7
45250,30,/repositories/30/resources/45250,3
45253,30,/repositories/30/resources/45253,5
45256,30,/repositories/30/resources/45256,6
45259,30,/repositories/30/resources/45259,5
45262,30,/repositories/30/resources/45262,5
45265,30,/repositories/30/resources/45265,4
45268,30,/repositories/30/resources/45268,12
45271,30,/repositories/30/resources/45271,6
45274,30,/repositories/30/resources/45274,8
45277,30,/repositories/30/resources/45277,6
45280,30,/repositories/30/resources/45280,5
45283,30,/repositories/30/resources/45283,5
45286,30,/repositories/30/resources/45286,7
45289,30,/repositories/30/resources/45289,6
45292,30,/repositories/30/resources/45292,5
45295,30,/repositories/30/resources/45295,6
45298,30,/repositories/30/resources/45298,5
45301,30,/repositories/30/resources/45301,5
45304,30,/repositories/30/resources/45304,6
45307,30,/repositories/30/resources/45307,6
45310,30,/repositories/30/resources/45310,5
45313,30,/repositories/30/resources/45313,5
45316,30,/repositories/30/resources/45316,31
45319,30,/repositories/30/resources/45319,6
45322,30,/repositories/30/resources/45322,6
45325,30,/repositories/30/resources/45325,6
45328,30,/repositories/30/resources/45328,7
45331,30,/repositories/30/resources/45331,9
45334,30,/repositories/30/resources/45334,7
45337,30,/repositories/30/resources/45337,4
45340,30,/repositories/30/resources/45340,6
45343,30,/repositories/30/resources/45343,8
45346,30,/repositories/30/resources/45346,5
45349,30,/repositories/30/resources/45349,7
45352,30,/repositories/30/resources/45352,5
45355,30,/repositories/30/resources/45355,4
45358,30,/repositories/30/resources/45358,6
45361,30,/repositories/30/resources/45361,7
45364,30,/repositories/30/resources/45364,6
45367,30,/repositories/30/resources/45367,4
45370,30,/repositories/30/resources/45370,5
45373,30,/repositories/30/resources/45373,5
45376,30,/repositories/30/resources/45376,10
45379,30,/repositories/30/resources/45379,4
45382,30,/repositories/30/resources/45382,5
45385,30,/repositories/30/resources/45385,6
45388,30,/repositories/30/resources/45388,4
45391,30,/repositories/30/resources/45391,3
45394,30,/repositories/30/resources/45394,7
45397,30,/repositories/30/resources/45397,6
45400,30,/repositories/30/resources/45400,4
45403,30,/repositories/30/resources/45403,4
45406,30,/repositories/30/resources/45406,4
45409,30,/repositories/30/resources/45409,5
45412,30,/repositories/30/resources/45412,7
45415,30,/repositories/30/resources/45415,4
45418,30,/repositories/30/resources/45418,8
45421,30,/repositories/30/resources/45421,4
45424,30,/repositories/30/resources/45424,7
45427,30,/repositories/30/resources/45427,3
45430,30,/repositories/30/resources/45430,5
45433,30,/repositories/30/resources/45433,7
45436,30,/repositories/30/resources/45436,5
45439,30,/repositories/30/resources/45439,6
45442,30,/repositories/30/resources/45442,5
45445,30,/repositories/30/resources/45445,6
45448,30,/repositories/30/resources/45448,5
45451,30,/repositories/30/resources/45451,4
45454,30,/repositories/30/resources/45454,6
45457,30,/repositories/30/resources/45457,4
45460,30,/repositories/30/resources/45460,11
45463,30,/repositories/30/resources/45463,5
45466,30,/repositories/30/resources/45466,6
45469,30,/repositories/30/resources/45469,7
45472,30,/repositories/30/resources/45472,6
45475,30,/repositories/30/resources/45475,5
45478,30,/repositories/30/resources/45478,7
45481,30,/repositories/30/resources/45481,6
45484,30,/repositories/30/resources/45484,6
45487,30,/repositories/30/resources/45487,7
45490,30,/repositories/30/resources/45490,5
45493,30,/repositories/30/resources/45493,4
45496,30,/repositories/30/resources/45496,6
45499,30,/repositories/30/resources/45499,8
45502,30,/repositories/30/resources/45502,7
45505,30,/repositories/30/resources/45505,4
45508,30,/repositories/30/resources/45508,5
45511,30,/repositories/30/resources/45511,5
45514,30,/repositories/30/resources/45514,4
45517,30,/repositories/30/resources/45517,7
45520,30,/repositories/30/resources/45520,8
45523,30,/repositories/30/resources/45523,5
45526,30,/repositories/30/resources/45526,12
45529,30,/repositories/30/resources/45529,4
45532,30,/repositories/30/resources/45532,5
45535,30,/repositories/30/resources/45535,4
45538,30,/repositories/30/resources/45538,5
45541,30,/repositories/30/resources/45541,3
45544,30,/repositories/30/resources/45544,6
45547,30,/repositories/30/resources/45547,4
45550,30,/repositories/30/resources/45550,5
45553,30,/repositories/30/resources/45553,4
45556,30,/repositories/30/resources/45556,6
45559,30,/repositories/30/resources/45559,7
45562,30,/repositories/30/resources/45562,4
45565,30,/repositories/30/resources/45565,4
45568,30,/repositories/30/resources/45568,4
45571,30,/repositories/30/resources/45571,10
45574,30,/repositories/30/resources/45574,7
45577,30,/repositories/30/resources/45577,6
45580,30,/repositories/30/resources/45580,6
45583,30,/repositories/30/resources/45583,7
45586,30,/repositories/30/resources/45586,4
45589,30,/repositories/30/resources/45589,9
45592,30,/repositories/30/resources/45592,5
45595,30,/repositories/30/resources/45595,5
45598,30,/repositories/30/resources/45598,5
45601,30,/repositories/30/resources/45601,4
45604,30,/repositories/30/resources/45604,4
45607,30,/repositories/30/resources/45607,7
45610,30,/repositories/30/resources/45610,6
45613,30,/repositories/30/resources/45613,6
45616,30,/repositories/30/resources/45616,4
45619,30,/repositories/30/resources/45619,4
45622,30,/repositories/30/resources/45622,15
45625,30,/repositories/30/resources/45625,5
45628,30,/repositories/30/resources/45628,5
45631,30,/repositories/30/resources/45631,7
45634,30,/repositories/30/resources/45634,6
45637,30,/repositories/30/resources/45637,4
45640,30,/repositories/30/resources/45640,5
45643,30,/repositories/30/resources/45643,7
45646,30,/repositories/30/resources/45646,5
45649,30,/repositories/30/resources/45649,6
45652,30,/repositories/30/resources/45652,6
45655,30,/repositories/30/resources/45655,12
45658,30,/repositories/30/resources/45658,8
45661,30,/repositories/30/resources/45661,6
45664,30,/repositories/30/resources/45664,4
45667,30,/repositories/30/resources/45667,5
45670,30,/repositories/30/resources/45670,4
45673,30,/repositories/30/resources/45673,5
45676,30,/repositories/30/resources/45676,6
45679,30,/repositories/30/resources/45679,5
45682,30,/repositories/30/resources/45682,5
45685,30,/repositories/30/resources/45685,7
45688,30,/repositories/30/resources/45688,4
45691,30,/repositories/30/resources/45691,5
45694,30,/repositories/30/resources/45694,4
45697,30,/repositories/30/resources/45697,5
45700,30,/repositories/30/resources/45700,5
45703,30,/repositories/30/resources/45703,5
45706,30,/repositories/30/resources/45706,8
45709,30,/repositories/30/resources/45709,5
45712,30,/repositories/30/resources/45712,7
45715,30,/repositories/30/resources/45715,5
45718,30,/repositories/30/resources/45718,5
45721,30,/repositories/30/resources/45721,5
45724,30,/repositories/30/resources/45724,6
45727,30,/repositories/30/resources/45727,4
45730,30,/repositories/30/resources/45730,8
45733,30,/repositories/30/resources/45733,4
45736,30,/repositories/30/resources/45736,8
45739,30,/repositories/30/resources/45739,11
45742,30,/repositories/30/resources/45742,5
45745,30,/repositories/30/resources/45745,4
45748,30,/repositories/30/resources/45748,7
45751,30,/repositories/30/resources/45751,6
45754,30,/repositories/30/resources/45754,4
45757,30,/repositories/30/resources/45757,10
45760,30,/repositories/30/resources/45760,6
45763,30,/repositories/30/resources/45763,4
45766,30,/repositories/30/resources/45766,4
45769,30,/repositories/30/resources/45769,6
45772,30,/repositories/30/resources/45772,6
45775,30,/repositories/30/resources/45775,4
45778,30,/repositories/30/resources/45778,4
45781,30,/repositories/30/resources/45781,6
45784,30,/repositories/30/resources/45784,5
45787,30,/repositories/30/resources/45787,5
45790,30,/repositories/30/resources/45790,6
45793,30,/repositories/30/resources/45793,6
45796,30,/repositories/30/resources/45796,8
45799,30,/repositories/30/resources/45799,4
45802,30,/repositories/30/resources/45802,9
45805,30,/repositories/30/resources/45805,5
45808,30,/repositories/30/resources/45808,8
45811,30,/repositories/30/resources/45811,7
45814,30,/repositories/30/resources/45814,6
45817,30,/repositories/30/resources/45817,7
45820,30,/repositories/30/resources/45820,8
45823,30,/repositories/30/resources/45823,8
45826,30,/repositories/30/resources/45826,5
45829,30,/repositories/30/resources/45829,10
45832,30,/repositories/30/resources/45832,11
45835,30,/repositories/30/resources/45835,5
45838,30,/repositories/30/resources/45838,8
45841,30,/repositories/30/resources/45841,6
45844,30,/repositories/30/resources/45844,7
45847,30,/repositories/30/resources/45847,7
45850,30,/repositories/30/resources/45850,5
45853,30,/repositories/30/resources/45853,7
45856,30,/repositories/30/resources/45856,5
45859,30,/repositories/30/resources/45859,6
45862,30,/repositories/30/resources/45862,5
45865,30,/repositories/30/resources/45865,6
45868,30,/repositories/30/resources/45868,6
45871,30,/repositories/30/resources/45871,8
45874,30,/repositories/30/resources/45874,5
45877,30,/repositories/30/resources/45877,5
45880,30,/repositories/30/resources/45880,5
45883,30,/repositories/30/resources/45883,4
45886,30,/repositories/30/resources/45886,6
45889,30,/repositories/30/resources/45889,5
45892,30,/repositories/30/resources/45892,6
45895,30,/repositories/30/resources/45895,6
45898,30,/repositories/30/resources/45898,4
45901,30,/repositories/30/resources/45901,6
45904,30,/repositories/30/resources/45904,7
45907,30,/repositories/30/resources/45907,6
45910,30,/repositories/30/resources/45910,5
45913,30,/repositories/30/resources/45913,4
45916,30,/repositories/30/resources/45916,5
45919,30,/repositories/30/resources/45919,6
45922,30,/repositories/30/resources/45922,6
45925,30,/repositories/30/resources/45925,8
45928,30,/repositories/30/resources/45928,7
45931,30,/repositories/30/resources/45931,5
45934,30,/repositories/30/resources/45934,6
45937,30,/repositories/30/resources/45937,7
45940,30,/repositories/30/resources/45940,5
45943,30,/repositories/30/resources/45943,4
45946,30,/repositories/30/resources/45946,6
45949,30,/repositories/30/resources/45949,7
45952,30,/repositories/30/resources/45952,6
45955,30,/repositories/30/resources/45955,4
45958,30,/repositories/30/resources/45958,6
45961,30,/repositories/30/resources/45961,6
45964,30,/repositories/30/resources/45964,4
45967,30,/repositories/30/resources/45967,4
45970,30,/repositories/30/resources/45970,5
45973,30,/repositories/30/resources/45973,5
45976,30,/repositories/30/resources/45976,4
45979,30,/repositories/30/resources/45979,6
45982,30,/repositories/30/resources/45982,7
45985,30,/repositories/30/resources/45985,7
45988,30,/repositories/30/resources/45988,5
45991,30,/repositories/30/resources/45991,4
45994,30,/repositories/30/resources/45994,6
45997,30,/repositories/30/resources/45997,8
46000,30,/repositories/30/resources/46000,8
46003,30,/repositories/30/resources/46003,6
46006,30,/repositories/30/resources/46006,7
46009,30,/repositories/30/resources/46009,5
46012,30,/repositories/30/resources/46012,5
46015,30,/repositories/30/resources/46015,4
46018,30,/repositories/30/resources/46018,6
46021,30,/repositories/30/resources/46021,7
46024,30,/repositories/30/resources/46024,5
46027,30,/repositories/30/resources/46027,12
46030,30,/repositories/30/resources/46030,7
46033,30,/repositories/30/resources/46033,6
46036,30,/repositories/30/resources/46036,6
46039,30,/repositories/30/resources/46039,8
46042,30,/repositories/30/resources/46042,7
46045,30,/repositories/30/resources/46045,4
46048,30,/repositories/30/resources/46048,5
46051,30,/repositories/30/resources/46051,6
46054,30,/repositories/30/resources/46054,4
46057,30,/repositories/30/resources/46057,7
46060,30,/repositories/30/resources/46060,7
46063,30,/repositories/30/resources/46063,6
46066,30,/repositories/30/resources/46066,5
46069,30,/repositories/30/resources/46069,5
46072,30,/repositories/30/resources/46072,4
46075,30,/repositories/30/resources/46075,6
46078,30,/repositories/30/resources/46078,6
46081,30,/repositories/30/resources/46081,6
46084,30,/repositories/30/resources/46084,6
46087,30,/repositories/30/resources/46087,4
46090,30,/repositories/30/resources/46090,5
46093,30,/repositories/30/resources/46093,4
46096,30,/repositories/30/resources/46096,6
46099,30,/repositories/30/resources/46099,6
46102,30,/repositories/30/resources/46102,6
46105,30,/repositories/30/resources/46105,5
46108,30,/repositories/30/resources/46108,6
46111,30,/repositories/30/resources/46111,7
46114,30,/repositories/30/resources/46114,6
46117,30,/repositories/30/resources/46117,5
46120,30,/repositories/30/resources/46120,8
46123,30,/repositories/30/resources/46123,8
46126,30,/repositories/30/resources/46126,4
46129,30,/repositories/30/resources/46129,5
46132,30,/repositories/30/resources/46132,6
46135,30,/repositories/30/resources/46135,5
46138,30,/repositories/30/resources/46138,4
46141,30,/repositories/30/resources/46141,5
46144,30,/repositories/30/resources/46144,4
46147,30,/repositories/30/resources/46147,4
46150,30,/repositories/30/resources/46150,14
46153,30,/repositories/30/resources/46153,6
46156,30,/repositories/30/resources/46156,5
46159,30,/repositories/30/resources/46159,6
46162,30,/repositories/30/resources/46162,6
46165,30,/repositories/30/resources/46165,7
46168,30,/repositories/30/resources/46168,4
46171,30,/repositories/30/resources/46171,6
46174,30,/repositories/30/resources/46174,7
46177,30,/repositories/30/resources/46177,6
46180,30,/repositories/30/resources/46180,5
46183,30,/repositories/30/resources/46183,6
46186,30,/repositories/30/resources/46186,5
46189,30,/repositories/30/resources/46189,4
46192,30,/repositories/30/resources/46192,6
46195,30,/repositories/30/resources/46195,4
46198,30,/repositories/30/resources/46198,6
46201,30,/repositories/30/resources/46201,6
46204,30,/repositories/30/resources/46204,5
46207,30,/repositories/30/resources/46207,5
46210,30,/repositories/30/resources/46210,5
46213,30,/repositories/30/resources/46213,4
46216,30,/repositories/30/resources/46216,5
46219,30,/repositories/30/resources/46219,3
46222,30,/repositories/30/resources/46222,5
46225,30,/repositories/30/resources/46225,5
46228,30,/repositories/30/resources/46228,4
46231,30,/repositories/30/resources/46231,8
46234,30,/repositories/30/resources/46234,6
46237,30,/repositories/30/resources/46237,11
46240,30,/repositories/30/resources/46240,6
46243,30,/repositories/30/resources/46243,4
46246,30,/repositories/30/resources/46246,4
46249,30,/repositories/30/resources/46249,5
46252,30,/repositories/30/resources/46252,5
46255,30,/repositories/30/resources/46255,6
46258,30,/repositories/30/resources/46258,4
46261,30,/repositories/30/resources/46261,6
46264,30,/repositories/30/resources/46264,6
46267,30,/repositories/30/resources/46267,5
46270,30,/repositories/30/resources/46270,4
46273,30,/repositories/30/resources/46273,7
46276,30,/repositories/30/resources/46276,4
46279,30,/repositories/30/resources/46279,4
46282,30,/repositories/30/resources/46282,6
46285,30,/repositories/30/resources/46285,4
46288,30,/repositories/30/resources/46288,5
46291,30,/repositories/30/resources/46291,10
46294,30,/repositories/30/resources/46294,5
46297,30,/repositories/30/resources/46297,5
46300,30,/repositories/30/resources/46300,4
46303,30,/repositories/30/resources/46303,8
46306,30,/repositories/30/resources/46306,7
46309,30,/repositories/30/resources/46309,6
46312,30,/repositories/30/resources/46312,5
46315,30,/repositories/30/resources/46315,5
46318,30,/repositories/30/resources/46318,5
46321,30,/repositories/30/resources/46321,6
46324,30,/repositories/30/resources/46324,4
46327,30,/repositories/30/resources/46327,5
46330,30,/repositories/30/resources/46330,16
46333,30,/repositories/30/resources/46333,5
46336,30,/repositories/30/resources/46336,6
46339,30,/repositories/30/resources/46339,4
46342,30,/repositories/30/resources/46342,5
46345,30,/repositories/30/resources/46345,5
46348,30,/repositories/30/resources/46348,5
46351,30,/repositories/30/resources/46351,4
46354,30,/repositories/30/resources/46354,4
46357,30,/repositories/30/resources/46357,4
46360,30,/repositories/30/resources/46360,5
46363,30,/repositories/30/resources/46363,5
46366,30,/repositories/30/resources/46366,4
46369,30,/repositories/30/resources/46369,4
46372,30,/repositories/30/resources/46372,8
46375,30,/repositories/30/resources/46375,6
46378,30,/repositories/30/resources/46378,4
46381,30,/repositories/30/resources/46381,6
46384,30,/repositories/30/resources/46384,9
46387,30,/repositories/30/resources/46387,4
46390,30,/repositories/30/resources/46390,10
46393,30,/repositories/30/resources/46393,6
46396,30,/repositories/30/resources/46396,6
46399,30,/repositories/30/resources/46399,6
46402,30,/repositories/30/resources/46402,7
46405,30,/repositories/30/resources/46405,6
46408,30,/repositories/30/resources/46408,4
46411,30,/repositories/30/resources/46411,6
46414,30,/repositories/30/resources/46414,4
46417,30,/repositories/30/resources/46417,4
46420,30,/repositories/30/resources/46420,5
46423,30,/repositories/30/resources/46423,5
46426,30,/repositories/30/resources/46426,4
46429,30,/repositories/30/resources/46429,4
46432,30,/repositories/30/resources/46432,8
46435,30,/repositories/30/resources/46435,6
46438,30,/repositories/30/resources/46438,4
46441,30,/repositories/30/resources/46441,5
46444,30,/repositories/30/resources/46444,4
46447,30,/repositories/30/resources/46447,7
46450,30,/repositories/30/resources/46450,4
46453,30,/repositories/30/resources/46453,5
46456,30,/repositories/30/resources/46456,7
46459,30,/repositories/30/resources/46459,5
46462,30,/repositories/30/resources/46462,5
46465,30,/repositories/30/resources/46465,5
46468,30,/repositories/30/resources/46468,5
46471,30,/repositories/30/resources/46471,4
46474,30,/repositories/30/resources/46474,5
46477,30,/repositories/30/resources/46477,5
46480,30,/repositories/30/resources/46480,6
46483,30,/repositories/30/resources/46483,4
46486,30,/repositories/30/resources/46486,4
46489,30,/repositories/30/resources/46489,5
46492,30,/repositories/30/resources/46492,4
46495,30,/repositories/30/resources/46495,6
46498,30,/repositories/30/resources/46498,5
46501,30,/repositories/30/resources/46501,7
46504,30,/repositories/30/resources/46504,5
46507,30,/repositories/30/resources/46507,4
46510,30,/repositories/30/resources/46510,4
46513,30,/repositories/30/resources/46513,5
46516,30,/repositories/30/resources/46516,4
46519,30,/repositories/30/resources/46519,5
46522,30,/repositories/30/resources/46522,6
46525,30,/repositories/30/resources/46525,6
46528,30,/repositories/30/resources/46528,5
46531,30,/repositories/30/resources/46531,5
46534,30,/repositories/30/resources/46534,5
46537,30,/repositories/30/resources/46537,9
46540,30,/repositories/30/resources/46540,6
46543,30,/repositories/30/resources/46543,6
46546,30,/repositories/30/resources/46546,5
46549,30,/repositories/30/resources/46549,4
46552,30,/repositories/30/resources/46552,6
46555,30,/repositories/30/resources/46555,7
46558,30,/repositories/30/resources/46558,7
46561,30,/repositories/30/resources/46561,9
46564,30,/repositories/30/resources/46564,6
46567,30,/repositories/30/resources/46567,6
46570,30,/repositories/30/resources/46570,4
46573,30,/repositories/30/resources/46573,6
46576,30,/repositories/30/resources/46576,5
46579,30,/repositories/30/resources/46579,7
46582,30,/repositories/30/resources/46582,4
46585,30,/repositories/30/resources/46585,7
46588,30,/repositories/30/resources/46588,8
46591,30,/repositories/30/resources/46591,8
46594,30,/repositories/30/resources/46594,5
46597,30,/repositories/30/resources/46597,7
46600,30,/repositories/30/resources/46600,5
46603,30,/repositories/30/resources/46603,5
46606,30,/repositories/30/resources/46606,5
46609,30,/repositories/30/resources/46609,6
46612,30,/repositories/30/resources/46612,6
46615,30,/repositories/30/resources/46615,3
46618,30,/repositories/30/resources/46618,4
46621,30,/repositories/30/resources/46621,5
46624,30,/repositories/30/resources/46624,6
46627,30,/repositories/30/resources/46627,4
46630,30,/repositories/30/resources/46630,5
46633,30,/repositories/30/resources/46633,4
46636,30,/repositories/30/resources/46636,5
46639,30,/repositories/30/resources/46639,7
46642,30,/repositories/30/resources/46642,6
46645,30,/repositories/30/resources/46645,6
46648,30,/repositories/30/resources/46648,6
46651,30,/repositories/30/resources/46651,6
46654,30,/repositories/30/resources/46654,6
46657,30,/repositories/30/resources/46657,6
46660,30,/repositories/30/resources/46660,9
46663,30,/repositories/30/resources/46663,5
46666,30,/repositories/30/resources/46666,6
46669,30,/repositories/30/resources/46669,6
46672,30,/repositories/30/resources/46672,4
46675,30,/repositories/30/resources/46675,5
46678,30,/repositories/30/resources/46678,5
46681,30,/repositories/30/resources/46681,8
46684,30,/repositories/30/resources/46684,4
46687,30,/repositories/30/resources/46687,6
46690,30,/repositories/30/resources/46690,4
46693,30,/repositories/30/resources/46693,6
46696,30,/repositories/30/resources/46696,7
46699,30,/repositories/30/resources/46699,9
46702,30,/repositories/30/resources/46702,7
46705,30,/repositories/30/resources/46705,11
46708,30,/repositories/30/resources/46708,7
46711,30,/repositories/30/resources/46711,5
46714,30,/repositories/30/resources/46714,5
46717,30,/repositories/30/resources/46717,8
46720,30,/repositories/30/resources/46720,8
46723,30,/repositories/30/resources/46723,5
46726,30,/repositories/30/resources/46726,4
46729,30,/repositories/30/resources/46729,6
46732,30,/repositories/30/resources/46732,6
46735,30,/repositories/30/resources/46735,7
46738,30,/repositories/30/resources/46738,7
46741,30,/repositories/30/resources/46741,5
46744,30,/repositories/30/resources/46744,4
46747,30,/repositories/30/resources/46747,4
46750,30,/repositories/30/resources/46750,7
46753,30,/repositories/30/resources/46753,4
46756,30,/repositories/30/resources/46756,4
46759,30,/repositories/30/resources/46759,4
46762,30,/repositories/30/resources/46762,4
46765,30,/repositories/30/resources/46765,5
46768,30,/repositories/30/resources/46768,5
46771,30,/repositories/30/resources/46771,5
46774,30,/repositories/30/resources/46774,6
46777,30,/repositories/30/resources/46777,4
46780,30,/repositories/30/resources/46780,5
46783,30,/repositories/30/resources/46783,7
46786,30,/repositories/30/resources/46786,4
46789,30,/repositories/30/resources/46789,4
46792,30,/repositories/30/resources/46792,6
46795,30,/repositories/30/resources/46795,5
46798,30,/repositories/30/resources/46798,5
46801,30,/repositories/30/resources/46801,5
46804,30,/repositories/30/resources/46804,4
46807,30,/repositories/30/resources/46807,8
46810,30,/repositories/30/resources/46810,5
46813,30,/repositories/30/resources/46813,5
46816,30,/repositories/30/resources/46816,5
46819,30,/repositories/30/resources/46819,5
46822,30,/repositories/30/resources/46822,4
46825,30,/repositories/30/resources/46825,4
46828,30,/repositories/30/resources/46828,9
46831,30,/repositories/30/resources/46831,5
46834,30,/repositories/30/resources/46834,6
46837,30,/repositories/30/resources/46837,5
46840,30,/repositories/30/resources/46840,5
46843,30,/repositories/30/resources/46843,4
46846,30,/repositories/30/resources/46846,6
46849,30,/repositories/30/resources/46849,5
46852,30,/repositories/30/resources/46852,4
46855,30,/repositories/30/resources/46855,4
46858,30,/repositories/30/resources/46858,13
46861,30,/repositories/30/resources/46861,7
46864,30,/repositories/30/resources/46864,4
46867,30,/repositories/30/resources/46867,5
46870,30,/repositories/30/resources/46870,4
46873,30,/repositories/30/resources/46873,5
46876,30,/repositories/30/resources/46876,4
46879,30,/repositories/30/resources/46879,6
46882,30,/repositories/30/resources/46882,8
46885,30,/repositories/30/resources/46885,9
46888,30,/repositories/30/resources/46888,5
46891,30,/repositories/30/resources/46891,5
46894,30,/repositories/30/resources/46894,4
46897,30,/repositories/30/resources/46897,5
46900,30,/repositories/30/resources/46900,6
46903,30,/repositories/30/resources/46903,6
46906,30,/repositories/30/resources/46906,4
46909,30,/repositories/30/resources/46909,4
46912,30,/repositories/30/resources/46912,4
46915,30,/repositories/30/resources/46915,5
46918,30,/repositories/30/resources/46918,6
46921,30,/repositories/30/resources/46921,4
46924,30,/repositories/30/resources/46924,6
46927,30,/repositories/30/resources/46927,4
46930,30,/repositories/30/resources/46930,7
46933,30,/repositories/30/resources/46933,5
46936,30,/repositories/30/resources/46936,5
46939,30,/repositories/30/resources/46939,7
46942,30,/repositories/30/resources/46942,3
46945,30,/repositories/30/resources/46945,6
46948,30,/repositories/30/resources/46948,5
46951,30,/repositories/30/resources/46951,7
46954,30,/repositories/30/resources/46954,4
46957,30,/repositories/30/resources/46957,7
46960,30,/repositories/30/resources/46960,5
46963,30,/repositories/30/resources/46963,5
46966,30,/repositories/30/resources/46966,7
46969,30,/repositories/30/resources/46969,4
46972,30,/repositories/30/resources/46972,5
46975,30,/repositories/30/resources/46975,11
46978,30,/repositories/30/resources/46978,7
46981,30,/repositories/30/resources/46981,5
46984,30,/repositories/30/resources/46984,6
46987,30,/repositories/30/resources/46987,4
46990,30,/repositories/30/resources/46990,4
46993,30,/repositories/30/resources/46993,4
46996,30,/repositories/30/resources/46996,4
46999,30,/repositories/30/resources/46999,4
47002,30,/repositories/30/resources/47002,5
47005,30,/repositories/30/resources/47005,4
47008,30,/repositories/30/resources/47008,5
47011,30,/repositories/30/resources/47011,6
47014,30,/repositories/30/resources/47014,4
47017,30,/repositories/30/resources/47017,5
47020,30,/repositories/30/resources/47020,5
47023,30,/repositories/30/resources/47023,6
47026,30,/repositories/30/resources/47026,5
47029,30,/repositories/30/resources/47029,4
47032,30,/repositories/30/resources/47032,5
47035,30,/repositories/30/resources/47035,11
47038,30,/repositories/30/resources/47038,6
47041,30,/repositories/30/resources/47041,4
47044,30,/repositories/30/resources/47044,6
47047,30,/repositories/30/resources/47047,4
47050,30,/repositories/30/resources/47050,4
47053,30,/repositories/30/resources/47053,4
47056,30,/repositories/30/resources/47056,4
47059,30,/repositories/30/resources/47059,10
47062,30,/repositories/30/resources/47062,5
47065,30,/repositories/30/resources/47065,9
47068,30,/repositories/30/resources/47068,7
47071,30,/repositories/30/resources/47071,4
47074,30,/repositories/30/resources/47074,10
47077,30,/repositories/30/resources/47077,5
47080,30,/repositories/30/resources/47080,6
47083,30,/repositories/30/resources/47083,4
47086,30,/repositories/30/resources/47086,6
47089,30,/repositories/30/resources/47089,6
47092,30,/repositories/30/resources/47092,6
47095,30,/repositories/30/resources/47095,5
47098,30,/repositories/30/resources/47098,7
47101,30,/repositories/30/resources/47101,6
47104,30,/repositories/30/resources/47104,6
47107,30,/repositories/30/resources/47107,5
47110,30,/repositories/30/resources/47110,8
47113,30,/repositories/30/resources/47113,4
47116,30,/repositories/30/resources/47116,9
47119,30,/repositories/30/resources/47119,5
47122,30,/repositories/30/resources/47122,4
47125,30,/repositories/30/resources/47125,3
47128,30,/repositories/30/resources/47128,5
47131,30,/repositories/30/resources/47131,6
47134,30,/repositories/30/resources/47134,4
47137,30,/repositories/30/resources/47137,6
47140,30,/repositories/30/resources/47140,4
47143,30,/repositories/30/resources/47143,5
47146,30,/repositories/30/resources/47146,3
47149,30,/repositories/30/resources/47149,4
47152,30,/repositories/30/resources/47152,5
47155,30,/repositories/30/resources/47155,4
47158,30,/repositories/30/resources/47158,3
47161,30,/repositories/30/resources/47161,3
47164,30,/repositories/30/resources/47164,3
47167,30,/repositories/30/resources/47167,17
47170,30,/repositories/30/resources/47170,8
47173,30,/repositories/30/resources/47173,3
47176,30,/repositories/30/resources/47176,3
47179,30,/repositories/30/resources/47179,3
47182,30,/repositories/30/resources/47182,5
47185,30,/repositories/30/resources/47185,4
47188,30,/repositories/30/resources/47188,3
47191,30,/repositories/30/resources/47191,6
47194,30,/repositories/30/resources/47194,5
47197,30,/repositories/30/resources/47197,4
47200,30,/repositories/30/resources/47200,4
47203,30,/repositories/30/resources/47203,7
47206,30,/repositories/30/resources/47206,10
47209,30,/repositories/30/resources/47209,4
47212,30,/repositories/30/resources/47212,3
47215,30,/repositories/30/resources/47215,6
47218,30,/repositories/30/resources/47218,6
47221,30,/repositories/30/resources/47221,3
47224,30,/repositories/30/resources/47224,3
47227,30,/repositories/30/resources/47227,4
47230,30,/repositories/30/resources/47230,7
47233,30,/repositories/30/resources/47233,3
47236,30,/repositories/30/resources/47236,3
47239,30,/repositories/30/resources/47239,3
47242,30,/repositories/30/resources/47242,5
47245,30,/repositories/30/resources/47245,4
47248,30,/repositories/30/resources/47248,3
47251,30,/repositories/30/resources/47251,6
47254,30,/repositories/30/resources/47254,6
47257,30,/repositories/30/resources/47257,4
47260,30,/repositories/30/resources/47260,4
47263,30,/repositories/30/resources/47263,5
47266,30,/repositories/30/resources/47266,5
47269,30,/repositories/30/resources/47269,5
47272,30,/repositories/30/resources/47272,3
47275,30,/repositories/30/resources/47275,3
47278,30,/repositories/30/resources/47278,3
47281,30,/repositories/30/resources/47281,6
47284,30,/repositories/30/resources/47284,3
47287,30,/repositories/30/resources/47287,3
47290,30,/repositories/30/resources/47290,4
47293,30,/repositories/30/resources/47293,5
47296,30,/repositories/30/resources/47296,6
47299,30,/repositories/30/resources/47299,3
47302,30,/repositories/30/resources/47302,6
47305,30,/repositories/30/resources/47305,3
47308,30,/repositories/30/resources/47308,13
47311,30,/repositories/30/resources/47311,8
47314,30,/repositories/30/resources/47314,6
47317,30,/repositories/30/resources/47317,4
47320,30,/repositories/30/resources/47320,5
47323,30,/repositories/30/resources/47323,4
47326,30,/repositories/30/resources/47326,5
47329,30,/repositories/30/resources/47329,4
47332,30,/repositories/30/resources/47332,4
47335,30,/repositories/30/resources/47335,10
47338,30,/repositories/30/resources/47338,10
47341,30,/repositories/30/resources/47341,7
47344,30,/repositories/30/resources/47344,6
47347,30,/repositories/30/resources/47347,8
47350,30,/repositories/30/resources/47350,8
47353,30,/repositories/30/resources/47353,8
47356,30,/repositories/30/resources/47356,8
47359,30,/repositories/30/resources/47359,7
47362,30,/repositories/30/resources/47362,8
47365,30,/repositories/30/resources/47365,11
47368,30,/repositories/30/resources/47368,7
47371,30,/repositories/30/resources/47371,7
47374,30,/repositories/30/resources/47374,11
47377,30,/repositories/30/resources/47377,8
47380,30,/repositories/30/resources/47380,5
47383,30,/repositories/30/resources/47383,5
47386,30,/repositories/30/resources/47386,7
47389,30,/repositories/30/resources/47389,6
47392,30,/repositories/30/resources/47392,6
47395,30,/repositories/30/resources/47395,8
47398,30,/repositories/30/resources/47398,3
47401,30,/repositories/30/resources/47401,7
47404,30,/repositories/30/resources/47404,5
47407,30,/repositories/30/resources/47407,8
47410,30,/repositories/30/resources/47410,4
47413,30,/repositories/30/resources/47413,5
47416,30,/repositories/30/resources/47416,6
47419,30,/repositories/30/resources/47419,12
47422,30,/repositories/30/resources/47422,7
47425,30,/repositories/30/resources/47425,8
47428,30,/repositories/30/resources/47428,6
47431,30,/repositories/30/resources/47431,8
47434,30,/repositories/30/resources/47434,9
47437,30,/repositories/30/resources/47437,8
47440,30,/repositories/30/resources/47440,9
47443,30,/repositories/30/resources/47443,6
47446,30,/repositories/30/resources/47446,10
47449,30,/repositories/30/resources/47449,7
47452,30,/repositories/30/resources/47452,15
47455,30,/repositories/30/resources/47455,13
47458,30,/repositories/30/resources/47458,8
47461,30,/repositories/30/resources/47461,5
47464,30,/repositories/30/resources/47464,6
47467,30,/repositories/30/resources/47467,8
47470,30,/repositories/30/resources/47470,6
47473,30,/repositories/30/resources/47473,6
47476,30,/repositories/30/resources/47476,9
47479,30,/repositories/30/resources/47479,12
47482,30,/repositories/30/resources/47482,8
47485,30,/repositories/30/resources/47485,8
47488,30,/repositories/30/resources/47488,5
47491,30,/repositories/30/resources/47491,4
47494,30,/repositories/30/resources/47494,8
47497,30,/repositories/30/resources/47497,7
47500,30,/repositories/30/resources/47500,9
47503,30,/repositories/30/resources/47503,4
47506,30,/repositories/30/resources/47506,15
47509,30,/repositories/30/resources/47509,6
47512,30,/repositories/30/resources/47512,8
47515,30,/repositories/30/resources/47515,4
47518,30,/repositories/30/resources/47518,5
47521,30,/repositories/30/resources/47521,8
47524,30,/repositories/30/resources/47524,6
47527,30,/repositories/30/resources/47527,8
47530,30,/repositories/30/resources/47530,14
47533,30,/repositories/30/resources/47533,12
47536,30,/repositories/30/resources/47536,4
47539,30,/repositories/30/resources/47539,7
47542,30,/repositories/30/resources/47542,8
47545,30,/repositories/30/resources/47545,12
47548,30,/repositories/30/resources/47548,5
47551,30,/repositories/30/resources/47551,4
47554,30,/repositories/30/resources/47554,5
47557,30,/repositories/30/resources/47557,7
47560,30,/repositories/30/resources/47560,5
47563,30,/repositories/30/resources/47563,4
47566,30,/repositories/30/resources/47566,6
47569,30,/repositories/30/resources/47569,7
47572,30,/repositories/30/resources/47572,4
47575,30,/repositories/30/resources/47575,5
47578,30,/repositories/30/resources/47578,9
47581,30,/repositories/30/resources/47581,5
47584,30,/repositories/30/resources/47584,14
47587,30,/repositories/30/resources/47587,6
47590,30,/repositories/30/resources/47590,8
47593,30,/repositories/30/resources/47593,4
47596,30,/repositories/30/resources/47596,4
47599,30,/repositories/30/resources/47599,6
47602,30,/repositories/30/resources/47602,5
47605,30,/repositories/30/resources/47605,5
47608,30,/repositories/30/resources/47608,5
47611,30,/repositories/30/resources/47611,18
47614,30,/repositories/30/resources/47614,7
47617,30,/repositories/30/resources/47617,6
47620,30,/repositories/30/resources/47620,9
47623,30,/repositories/30/resources/47623,6
47626,30,/repositories/30/resources/47626,12
47629,30,/repositories/30/resources/47629,3
47632,30,/repositories/30/resources/47632,5
47635,30,/repositories/30/resources/47635,7
47638,30,/repositories/30/resources/47638,5
47641,30,/repositories/30/resources/47641,12
47644,30,/repositories/30/resources/47644,9
47647,30,/repositories/30/resources/47647,10
47650,30,/repositories/30/resources/47650,8
47653,30,/repositories/30/resources/47653,12
47656,30,/repositories/30/resources/47656,8
47659,30,/repositories/30/resources/47659,8
47662,30,/repositories/30/resources/47662,11
47665,30,/repositories/30/resources/47665,9
47668,30,/repositories/30/resources/47668,9
47671,30,/repositories/30/resources/47671,5
47674,30,/repositories/30/resources/47674,15
47677,30,/repositories/30/resources/47677,9
47680,30,/repositories/30/resources/47680,4
47683,30,/repositories/30/resources/47683,6
47686,30,/repositories/30/resources/47686,7
47689,30,/repositories/30/resources/47689,7
47692,30,/repositories/30/resources/47692,7
47695,30,/repositories/30/resources/47695,12
47698,30,/repositories/30/resources/47698,4
47701,30,/repositories/30/resources/47701,9
47704,30,/repositories/30/resources/47704,8
47707,30,/repositories/30/resources/47707,9
47710,30,/repositories/30/resources/47710,9
47713,30,/repositories/30/resources/47713,7
47716,30,/repositories/30/resources/47716,7
47719,30,/repositories/30/resources/47719,9
47722,30,/repositories/30/resources/47722,7
47725,30,/repositories/30/resources/47725,9
47728,30,/repositories/30/resources/47728,8
47731,30,/repositories/30/resources/47731,14
47734,30,/repositories/30/resources/47734,9
47737,30,/repositories/30/resources/47737,8
47740,30,/repositories/30/resources/47740,26
47743,30,/repositories/30/resources/47743,8
47746,30,/repositories/30/resources/47746,7
47749,30,/repositories/30/resources/47749,10
47752,30,/repositories/30/resources/47752,8
47755,30,/repositories/30/resources/47755,8
47758,30,/repositories/30/resources/47758,14
47761,30,/repositories/30/resources/47761,8
47764,30,/repositories/30/resources/47764,9
47767,30,/repositories/30/resources/47767,11
47770,30,/repositories/30/resources/47770,8
47773,30,/repositories/30/resources/47773,7
47776,30,/repositories/30/resources/47776,10
47779,30,/repositories/30/resources/47779,8
47782,30,/repositories/30/resources/47782,10
47785,30,/repositories/30/resources/47785,5
47788,30,/repositories/30/resources/47788,3
47791,30,/repositories/30/resources/47791,5
47794,30,/repositories/30/resources/47794,6
47797,30,/repositories/30/resources/47797,5
47800,30,/repositories/30/resources/47800,5
47803,30,/repositories/30/resources/47803,6
47806,30,/repositories/30/resources/47806,4
47809,30,/repositories/30/resources/47809,14
47812,30,/repositories/30/resources/47812,4
47815,30,/repositories/30/resources/47815,6
47818,30,/repositories/30/resources/47818,7
47821,30,/repositories/30/resources/47821,6
47824,30,/repositories/30/resources/47824,10
47827,30,/repositories/30/resources/47827,7
47830,30,/repositories/30/resources/47830,5
47833,30,/repositories/30/resources/47833,10
47836,30,/repositories/30/resources/47836,7
47839,30,/repositories/30/resources/47839,5
47842,30,/repositories/30/resources/47842,6
47845,30,/repositories/30/resources/47845,5
47848,30,/repositories/30/resources/47848,5
47851,30,/repositories/30/resources/47851,4
47854,30,/repositories/30/resources/47854,4
47857,30,/repositories/30/resources/47857,6
47860,30,/repositories/30/resources/47860,4
47863,30,/repositories/30/resources/47863,6
47866,30,/repositories/30/resources/47866,5
47869,30,/repositories/30/resources/47869,5
47872,30,/repositories/30/resources/47872,9
47875,30,/repositories/30/resources/47875,6
47878,30,/repositories/30/resources/47878,6
47881,30,/repositories/30/resources/47881,5
47884,30,/repositories/30/resources/47884,9
47887,30,/repositories/30/resources/47887,6
47890,30,/repositories/30/resources/47890,5
47893,30,/repositories/30/resources/47893,5
47896,30,/repositories/30/resources/47896,7
47899,30,/repositories/30/resources/47899,10
47902,30,/repositories/30/resources/47902,4
47905,30,/repositories/30/resources/47905,8
47908,30,/repositories/30/resources/47908,7
47911,30,/repositories/30/resources/47911,10
47914,30,/repositories/30/resources/47914,4
47917,30,/repositories/30/resources/47917,11
47920,30,/repositories/30/resources/47920,13
47923,30,/repositories/30/resources/47923,6
47926,30,/repositories/30/resources/47926,8
47929,30,/repositories/30/resources/47929,5
47932,30,/repositories/30/resources/47932,8
47935,30,/repositories/30/resources/47935,7
47938,30,/repositories/30/resources/47938,6
47941,30,/repositories/30/resources/47941,27
47944,30,/repositories/30/resources/47944,11
47947,30,/repositories/30/resources/47947,5
47950,30,/repositories/30/resources/47950,4
47953,30,/repositories/30/resources/47953,8
47956,30,/repositories/30/resources/47956,7
47959,30,/repositories/30/resources/47959,7
47962,30,/repositories/30/resources/47962,13
47965,30,/repositories/30/resources/47965,12
47968,30,/repositories/30/resources/47968,8
47971,30,/repositories/30/resources/47971,10
47974,30,/repositories/30/resources/47974,5
47977,30,/repositories/30/resources/47977,9
47980,30,/repositories/30/resources/47980,12
47983,30,/repositories/30/resources/47983,8
47986,30,/repositories/30/resources/47986,7
47989,30,/repositories/30/resources/47989,5
47992,30,/repositories/30/resources/47992,8
47995,30,/repositories/30/resources/47995,14
47998,30,/repositories/30/resources/47998,5
48001,30,/repositories/30/resources/48001,8
48004,30,/repositories/30/resources/48004,5
48007,30,/repositories/30/resources/48007,6
48010,30,/repositories/30/resources/48010,6
48013,30,/repositories/30/resources/48013,4
48016,30,/repositories/30/resources/48016,8
48019,30,/repositories/30/resources/48019,8
48022,30,/repositories/30/resources/48022,9
48025,30,/repositories/30/resources/48025,8
48028,30,/repositories/30/resources/48028,10
48031,30,/repositories/30/resources/48031,5
48034,30,/repositories/30/resources/48034,5
48037,30,/repositories/30/resources/48037,6
48040,30,/repositories/30/resources/48040,11
48043,30,/repositories/30/resources/48043,8
48046,30,/repositories/30/resources/48046,9
48049,30,/repositories/30/resources/48049,4
48052,30,/repositories/30/resources/48052,8
48055,30,/repositories/30/resources/48055,6
48058,30,/repositories/30/resources/48058,5
48061,30,/repositories/30/resources/48061,5
48064,30,/repositories/30/resources/48064,6
48067,30,/repositories/30/resources/48067,5
48070,30,/repositories/30/resources/48070,5
48073,30,/repositories/30/resources/48073,5
48076,30,/repositories/30/resources/48076,4
48079,30,/repositories/30/resources/48079,4
48082,30,/repositories/30/resources/48082,11
48085,30,/repositories/30/resources/48085,14
48088,30,/repositories/30/resources/48088,8
48091,30,/repositories/30/resources/48091,8
48094,30,/repositories/30/resources/48094,11
48097,30,/repositories/30/resources/48097,17
48100,30,/repositories/30/resources/48100,7
48103,30,/repositories/30/resources/48103,6
48106,30,/repositories/30/resources/48106,7
48109,30,/repositories/30/resources/48109,5
48112,30,/repositories/30/resources/48112,7
48115,30,/repositories/30/resources/48115,4
48118,30,/repositories/30/resources/48118,5
48121,30,/repositories/30/resources/48121,5
48124,30,/repositories/30/resources/48124,5
48127,30,/repositories/30/resources/48127,7
48130,30,/repositories/30/resources/48130,6
48133,30,/repositories/30/resources/48133,6
48136,30,/repositories/30/resources/48136,5
48139,30,/repositories/30/resources/48139,4
48142,30,/repositories/30/resources/48142,4
48145,30,/repositories/30/resources/48145,4
48148,30,/repositories/30/resources/48148,4
48151,30,/repositories/30/resources/48151,4
48154,30,/repositories/30/resources/48154,5
48157,30,/repositories/30/resources/48157,5
48160,30,/repositories/30/resources/48160,5
48163,30,/repositories/30/resources/48163,4
48166,30,/repositories/30/resources/48166,4
48169,30,/repositories/30/resources/48169,7
48172,30,/repositories/30/resources/48172,4
48175,30,/repositories/30/resources/48175,4
48178,30,/repositories/30/resources/48178,4
48181,30,/repositories/30/resources/48181,4
48184,30,/repositories/30/resources/48184,5
48187,30,/repositories/30/resources/48187,5
48190,30,/repositories/30/resources/48190,4
48193,30,/repositories/30/resources/48193,5
48196,30,/repositories/30/resources/48196,7
48199,30,/repositories/30/resources/48199,5
48202,30,/repositories/30/resources/48202,3
48205,30,/repositories/30/resources/48205,10
48208,30,/repositories/30/resources/48208,10
48211,30,/repositories/30/resources/48211,5
48214,30,/repositories/30/resources/48214,6
48217,30,/repositories/30/resources/48217,12
48220,30,/repositories/30/resources/48220,18
48223,30,/repositories/30/resources/48223,6
48226,30,/repositories/30/resources/48226,5
48229,30,/repositories/30/resources/48229,4
48232,30,/repositories/30/resources/48232,5
48235,30,/repositories/30/resources/48235,4
48238,30,/repositories/30/resources/48238,5
48241,30,/repositories/30/resources/48241,4
48244,30,/repositories/30/resources/48244,7
48247,30,/repositories/30/resources/48247,13
48250,30,/repositories/30/resources/48250,16
48253,30,/repositories/30/resources/48253,5
48256,30,/repositories/30/resources/48256,11
48259,30,/repositories/30/resources/48259,3
48262,30,/repositories/30/resources/48262,6
48265,30,/repositories/30/resources/48265,3
48268,30,/repositories/30/resources/48268,8
48271,30,/repositories/30/resources/48271,9
48274,30,/repositories/30/resources/48274,3
48277,30,/repositories/30/resources/48277,3
48280,30,/repositories/30/resources/48280,3
48283,30,/repositories/30/resources/48283,3
48286,30,/repositories/30/resources/48286,5
48289,30,/repositories/30/resources/48289,10
48292,30,/repositories/30/resources/48292,7
48295,30,/repositories/30/resources/48295,4
48298,30,/repositories/30/resources/48298,6
48301,30,/repositories/30/resources/48301,13
48304,30,/repositories/30/resources/48304,7
48307,30,/repositories/30/resources/48307,6
48310,30,/repositories/30/resources/48310,6
48313,30,/repositories/30/resources/48313,9
48316,30,/repositories/30/resources/48316,10
48319,30,/repositories/30/resources/48319,5
48322,30,/repositories/30/resources/48322,6
48325,30,/repositories/30/resources/48325,8
48328,30,/repositories/30/resources/48328,4
48331,30,/repositories/30/resources/48331,8
48334,30,/repositories/30/resources/48334,7
48337,30,/repositories/30/resources/48337,5
48340,30,/repositories/30/resources/48340,8
48343,30,/repositories/30/resources/48343,11
48346,30,/repositories/30/resources/48346,4
48349,30,/repositories/30/resources/48349,24
48352,30,/repositories/30/resources/48352,5
48355,30,/repositories/30/resources/48355,4
48358,30,/repositories/30/resources/48358,7
48361,30,/repositories/30/resources/48361,15
48364,30,/repositories/30/resources/48364,4
48367,30,/repositories/30/resources/48367,7
48370,30,/repositories/30/resources/48370,4
48373,30,/repositories/30/resources/48373,4
48376,30,/repositories/30/resources/48376,5
48379,30,/repositories/30/resources/48379,4
48382,30,/repositories/30/resources/48382,4
48385,30,/repositories/30/resources/48385,10
48388,30,/repositories/30/resources/48388,4
48391,30,/repositories/30/resources/48391,4
48394,30,/repositories/30/resources/48394,5
48397,30,/repositories/30/resources/48397,7
48400,30,/repositories/30/resources/48400,17
48403,30,/repositories/30/resources/48403,4
48406,30,/repositories/30/resources/48406,5
48409,30,/repositories/30/resources/48409,8
48412,30,/repositories/30/resources/48412,9
48415,30,/repositories/30/resources/48415,4
48418,30,/repositories/30/resources/48418,5
48421,30,/repositories/30/resources/48421,6
48424,30,/repositories/30/resources/48424,17
48427,30,/repositories/30/resources/48427,5
48430,30,/repositories/30/resources/48430,5
48433,30,/repositories/30/resources/48433,4
48436,30,/repositories/30/resources/48436,5
48439,30,/repositories/30/resources/48439,5
48442,30,/repositories/30/resources/48442,5
48445,30,/repositories/30/resources/48445,4
48448,30,/repositories/30/resources/48448,11
48451,30,/repositories/30/resources/48451,4
48454,30,/repositories/30/resources/48454,6
48457,30,/repositories/30/resources/48457,6
48460,30,/repositories/30/resources/48460,4
48463,30,/repositories/30/resources/48463,8
48466,30,/repositories/30/resources/48466,7
48469,30,/repositories/30/resources/48469,14
48472,30,/repositories/30/resources/48472,14
48475,30,/repositories/30/resources/48475,7
48478,30,/repositories/30/resources/48478,9
48481,30,/repositories/30/resources/48481,8
48484,30,/repositories/30/resources/48484,6
48487,30,/repositories/30/resources/48487,7
48490,30,/repositories/30/resources/48490,8
48493,30,/repositories/30/resources/48493,8
48496,30,/repositories/30/resources/48496,12
48499,30,/repositories/30/resources/48499,9
48502,30,/repositories/30/resources/48502,7
48505,30,/repositories/30/resources/48505,9
48508,30,/repositories/30/resources/48508,11
48511,30,/repositories/30/resources/48511,11
48514,30,/repositories/30/resources/48514,12
48517,30,/repositories/30/resources/48517,7
48520,30,/repositories/30/resources/48520,11
48523,30,/repositories/30/resources/48523,9
48526,30,/repositories/30/resources/48526,6
48529,30,/repositories/30/resources/48529,10
48532,30,/repositories/30/resources/48532,7
48535,30,/repositories/30/resources/48535,7
48538,30,/repositories/30/resources/48538,9
48541,30,/repositories/30/resources/48541,10
48544,30,/repositories/30/resources/48544,11
48547,30,/repositories/30/resources/48547,4
48550,30,/repositories/30/resources/48550,5
48553,30,/repositories/30/resources/48553,7
48556,30,/repositories/30/resources/48556,6
48559,30,/repositories/30/resources/48559,4
48562,30,/repositories/30/resources/48562,10
48565,30,/repositories/30/resources/48565,7
48568,30,/repositories/30/resources/48568,6
48571,30,/repositories/30/resources/48571,6
48574,30,/repositories/30/resources/48574,10
48577,30,/repositories/30/resources/48577,7
48580,30,/repositories/30/resources/48580,4
48583,30,/repositories/30/resources/48583,9
48586,30,/repositories/30/resources/48586,9
48589,30,/repositories/30/resources/48589,8
48592,30,/repositories/30/resources/48592,7
48595,30,/repositories/30/resources/48595,7
48598,30,/repositories/30/resources/48598,9
48601,30,/repositories/30/resources/48601,5
48604,30,/repositories/30/resources/48604,14
48607,30,/repositories/30/resources/48607,8
48610,30,/repositories/30/resources/48610,7
48613,30,/repositories/30/resources/48613,7
48616,30,/repositories/30/resources/48616,8
48619,30,/repositories/30/resources/48619,10
48622,30,/repositories/30/resources/48622,5
48625,30,/repositories/30/resources/48625,8
48628,30,/repositories/30/resources/48628,8
48631,30,/repositories/30/resources/48631,5
48634,30,/repositories/30/resources/48634,5
48637,30,/repositories/30/resources/48637,14
48640,30,/repositories/30/resources/48640,11
48643,30,/repositories/30/resources/48643,9
48646,30,/repositories/30/resources/48646,11
48649,30,/repositories/30/resources/48649,10
48652,30,/repositories/30/resources/48652,4
48655,30,/repositories/30/resources/48655,9
48658,30,/repositories/30/resources/48658,9
48661,30,/repositories/30/resources/48661,12
48664,30,/repositories/30/resources/48664,9
48667,30,/repositories/30/resources/48667,11
48670,30,/repositories/30/resources/48670,11
48673,30,/repositories/30/resources/48673,10
48676,30,/repositories/30/resources/48676,8
48679,30,/repositories/30/resources/48679,6
48682,30,/repositories/30/resources/48682,8
48685,30,/repositories/30/resources/48685,10
48688,30,/repositories/30/resources/48688,3
48691,30,/repositories/30/resources/48691,9
48694,30,/repositories/30/resources/48694,5
48697,30,/repositories/30/resources/48697,8
48700,30,/repositories/30/resources/48700,5
48703,30,/repositories/30/resources/48703,8
48706,30,/repositories/30/resources/48706,9
48709,30,/repositories/30/resources/48709,10
48712,30,/repositories/30/resources/48712,8
48715,30,/repositories/30/resources/48715,13
48718,30,/repositories/30/resources/48718,10
48721,30,/repositories/30/resources/48721,8
48724,30,/repositories/30/resources/48724,9
48727,30,/repositories/30/resources/48727,11
48730,30,/repositories/30/resources/48730,7
48733,30,/repositories/30/resources/48733,6
48736,30,/repositories/30/resources/48736,8
48739,30,/repositories/30/resources/48739,11
48742,30,/repositories/30/resources/48742,9
48745,30,/repositories/30/resources/48745,13
48748,30,/repositories/30/resources/48748,9
48751,30,/repositories/30/resources/48751,15
48754,30,/repositories/30/resources/48754,8
48757,30,/repositories/30/resources/48757,10
48760,30,/repositories/30/resources/48760,9
48763,30,/repositories/30/resources/48763,9
48766,30,/repositories/30/resources/48766,7
48769,30,/repositories/30/resources/48769,11
48772,30,/repositories/30/resources/48772,8
48775,30,/repositories/30/resources/48775,11
48778,30,/repositories/30/resources/48778,8
48781,30,/repositories/30/resources/48781,11
48784,30,/repositories/30/resources/48784,9
48787,30,/repositories/30/resources/48787,10
48790,30,/repositories/30/resources/48790,9
48793,30,/repositories/30/resources/48793,13
48796,30,/repositories/30/resources/48796,11
48799,30,/repositories/30/resources/48799,9
48802,30,/repositories/30/resources/48802,9
48805,30,/repositories/30/resources/48805,9
48808,30,/repositories/30/resources/48808,10
48811,30,/repositories/30/resources/48811,6
48814,30,/repositories/30/resources/48814,6
48817,30,/repositories/30/resources/48817,10
48820,30,/repositories/30/resources/48820,6
48823,30,/repositories/30/resources/48823,11
48826,30,/repositories/30/resources/48826,8
48829,30,/repositories/30/resources/48829,7
48832,30,/repositories/30/resources/48832,12
48835,30,/repositories/30/resources/48835,6
48838,30,/repositories/30/resources/48838,10
48841,30,/repositories/30/resources/48841,11
48844,30,/repositories/30/resources/48844,9
48847,30,/repositories/30/resources/48847,8
48850,30,/repositories/30/resources/48850,7
48853,30,/repositories/30/resources/48853,8
48856,30,/repositories/30/resources/48856,9
48859,30,/repositories/30/resources/48859,5
48862,30,/repositories/30/resources/48862,8
48865,30,/repositories/30/resources/48865,10
48868,30,/repositories/30/resources/48868,8
48871,30,/repositories/30/resources/48871,11
48874,30,/repositories/30/resources/48874,13
48877,30,/repositories/30/resources/48877,9
48880,30,/repositories/30/resources/48880,9
48883,30,/repositories/30/resources/48883,10
48886,30,/repositories/30/resources/48886,7
48889,30,/repositories/30/resources/48889,6
48892,30,/repositories/30/resources/48892,6
48895,30,/repositories/30/resources/48895,7
48898,30,/repositories/30/resources/48898,10
48901,30,/repositories/30/resources/48901,7
48904,30,/repositories/30/resources/48904,8
48907,30,/repositories/30/resources/48907,8
48910,30,/repositories/30/resources/48910,6
48913,30,/repositories/30/resources/48913,8
48916,30,/repositories/30/resources/48916,6
48919,30,/repositories/30/resources/48919,7
48922,30,/repositories/30/resources/48922,6
48925,30,/repositories/30/resources/48925,7
48928,30,/repositories/30/resources/48928,5
48931,30,/repositories/30/resources/48931,10
48934,30,/repositories/30/resources/48934,7
48937,30,/repositories/30/resources/48937,10
48940,30,/repositories/30/resources/48940,9
48943,30,/repositories/30/resources/48943,13
48946,30,/repositories/30/resources/48946,10
48949,30,/repositories/30/resources/48949,9
48952,30,/repositories/30/resources/48952,9
48955,30,/repositories/30/resources/48955,9
48958,30,/repositories/30/resources/48958,9
48961,30,/repositories/30/resources/48961,10
48964,30,/repositories/30/resources/48964,9
48967,30,/repositories/30/resources/48967,9
48970,30,/repositories/30/resources/48970,8
48973,30,/repositories/30/resources/48973,12
48976,30,/repositories/30/resources/48976,9
48979,30,/repositories/30/resources/48979,10
48982,30,/repositories/30/resources/48982,5
48985,30,/repositories/30/resources/48985,11
48988,30,/repositories/30/resources/48988,11
48991,30,/repositories/30/resources/48991,5
48994,30,/repositories/30/resources/48994,9
48997,30,/repositories/30/resources/48997,10
49000,30,/repositories/30/resources/49000,15
49003,30,/repositories/30/resources/49003,14
49006,30,/repositories/30/resources/49006,12
49009,30,/repositories/30/resources/49009,11
49012,30,/repositories/30/resources/49012,11
49015,30,/repositories/30/resources/49015,12
49018,30,/repositories/30/resources/49018,19
49021,30,/repositories/30/resources/49021,12
49024,30,/repositories/30/resources/49024,12
49027,30,/repositories/30/resources/49027,7
49030,30,/repositories/30/resources/49030,12
49033,30,/repositories/30/resources/49033,12
49036,30,/repositories/30/resources/49036,8
49039,30,/repositories/30/resources/49039,12
49042,30,/repositories/30/resources/49042,12
49045,30,/repositories/30/resources/49045,14
49048,30,/repositories/30/resources/49048,8
49051,30,/repositories/30/resources/49051,8
49054,30,/repositories/30/resources/49054,5
49057,30,/repositories/30/resources/49057,16
49060,30,/repositories/30/resources/49060,17
49063,30,/repositories/30/resources/49063,16
49066,30,/repositories/30/resources/49066,11
49069,30,/repositories/30/resources/49069,8
49072,30,/repositories/30/resources/49072,16
49075,30,/repositories/30/resources/49075,10
49078,30,/repositories/30/resources/49078,15
49081,30,/repositories/30/resources/49081,9
49084,30,/repositories/30/resources/49084,13
49087,30,/repositories/30/resources/49087,12
49090,30,/repositories/30/resources/49090,13
49093,30,/repositories/30/resources/49093,10
49096,30,/repositories/30/resources/49096,13
49099,30,/repositories/30/resources/49099,8
49102,30,/repositories/30/resources/49102,12
49105,30,/repositories/30/resources/49105,16
49108,30,/repositories/30/resources/49108,10
49111,30,/repositories/30/resources/49111,12
49114,30,/repositories/30/resources/49114,7
49117,30,/repositories/30/resources/49117,11
49120,30,/repositories/30/resources/49120,9
49123,30,/repositories/30/resources/49123,8
49126,30,/repositories/30/resources/49126,9
49129,30,/repositories/30/resources/49129,11
49132,30,/repositories/30/resources/49132,7
49135,30,/repositories/30/resources/49135,13
49138,30,/repositories/30/resources/49138,5
49141,30,/repositories/30/resources/49141,11
49144,30,/repositories/30/resources/49144,9
49147,30,/repositories/30/resources/49147,9
49150,30,/repositories/30/resources/49150,10
49153,30,/repositories/30/resources/49153,12
49156,30,/repositories/30/resources/49156,11
49159,30,/repositories/30/resources/49159,11
49162,30,/repositories/30/resources/49162,14
49165,30,/repositories/30/resources/49165,11
49168,30,/repositories/30/resources/49168,9
49171,30,/repositories/30/resources/49171,9
49174,30,/repositories/30/resources/49174,10
49177,30,/repositories/30/resources/49177,13
49180,30,/repositories/30/resources/49180,12
49183,30,/repositories/30/resources/49183,7
49186,30,/repositories/30/resources/49186,15
49189,30,/repositories/30/resources/49189,15
49192,30,/repositories/30/resources/49192,14
49195,30,/repositories/30/resources/49195,17
49198,30,/repositories/30/resources/49198,13
49201,30,/repositories/30/resources/49201,11
49204,30,/repositories/30/resources/49204,12
49207,30,/repositories/30/resources/49207,10
49210,30,/repositories/30/resources/49210,10
49213,30,/repositories/30/resources/49213,7
49216,30,/repositories/30/resources/49216,6
49219,30,/repositories/30/resources/49219,7
49222,30,/repositories/30/resources/49222,8
49225,30,/repositories/30/resources/49225,7
49228,30,/repositories/30/resources/49228,7
49231,30,/repositories/30/resources/49231,10
49234,30,/repositories/30/resources/49234,13
49237,30,/repositories/30/resources/49237,16
49240,30,/repositories/30/resources/49240,7
49243,30,/repositories/30/resources/49243,5
49246,30,/repositories/30/resources/49246,6
49249,30,/repositories/30/resources/49249,10
49252,30,/repositories/30/resources/49252,13
49255,30,/repositories/30/resources/49255,12
49258,30,/repositories/30/resources/49258,10
49261,30,/repositories/30/resources/49261,12
49264,30,/repositories/30/resources/49264,8
49267,30,/repositories/30/resources/49267,8
49270,30,/repositories/30/resources/49270,16
49273,30,/repositories/30/resources/49273,12
49276,30,/repositories/30/resources/49276,5
49279,30,/repositories/30/resources/49279,12
49282,30,/repositories/30/resources/49282,10
49285,30,/repositories/30/resources/49285,20
49288,30,/repositories/30/resources/49288,8
49291,30,/repositories/30/resources/49291,13
49294,30,/repositories/30/resources/49294,12
49297,30,/repositories/30/resources/49297,14
49300,30,/repositories/30/resources/49300,4
49303,30,/repositories/30/resources/49303,16
49306,30,/repositories/30/resources/49306,11
49309,30,/repositories/30/resources/49309,27
49312,30,/repositories/30/resources/49312,9
49315,30,/repositories/30/resources/49315,13
49318,30,/repositories/30/resources/49318,7
49321,30,/repositories/30/resources/49321,18
49324,30,/repositories/30/resources/49324,5
49327,30,/repositories/30/resources/49327,14
49330,30,/repositories/30/resources/49330,16
49333,30,/repositories/30/resources/49333,7
49336,30,/repositories/30/resources/49336,7
49339,30,/repositories/30/resources/49339,9
49342,30,/repositories/30/resources/49342,5
49345,30,/repositories/30/resources/49345,16
49348,30,/repositories/30/resources/49348,13
49351,30,/repositories/30/resources/49351,10
49354,30,/repositories/30/resources/49354,14
49357,30,/repositories/30/resources/49357,14
49360,30,/repositories/30/resources/49360,12
49363,30,/repositories/30/resources/49363,18
49366,30,/repositories/30/resources/49366,8
49369,30,/repositories/30/resources/49369,13
49372,30,/repositories/30/resources/49372,10
49375,30,/repositories/30/resources/49375,11
49378,30,/repositories/30/resources/49378,7
49381,30,/repositories/30/resources/49381,7
49384,30,/repositories/30/resources/49384,13
49387,30,/repositories/30/resources/49387,6
49390,30,/repositories/30/resources/49390,22
49393,30,/repositories/30/resources/49393,6
49396,30,/repositories/30/resources/49396,16
49399,30,/repositories/30/resources/49399,18
49402,30,/repositories/30/resources/49402,20
49405,30,/repositories/30/resources/49405,18
49408,30,/repositories/30/resources/49408,3
49411,30,/repositories/30/resources/49411,3
49414,30,/repositories/30/resources/49414,3
49417,30,/repositories/30/resources/49417,15
49420,30,/repositories/30/resources/49420,7
49423,30,/repositories/30/resources/49423,11
49426,30,/repositories/30/resources/49426,16
49429,30,/repositories/30/resources/49429,12
49432,30,/repositories/30/resources/49432,7
49435,30,/repositories/30/resources/49435,6
49438,30,/repositories/30/resources/49438,16
49441,30,/repositories/30/resources/49441,16
49444,30,/repositories/30/resources/49444,16
49447,30,/repositories/30/resources/49447,20
49450,30,/repositories/30/resources/49450,16
49453,30,/repositories/30/resources/49453,5
49456,30,/repositories/30/resources/49456,16
49459,30,/repositories/30/resources/49459,30
49462,30,/repositories/30/resources/49462,16
49465,30,/repositories/30/resources/49465,11
49468,30,/repositories/30/resources/49468,9
49471,30,/repositories/30/resources/49471,19
49474,30,/repositories/30/resources/49474,19
49477,30,/repositories/30/resources/49477,10
49480,30,/repositories/30/resources/49480,12
49483,30,/repositories/30/resources/49483,15
49486,30,/repositories/30/resources/49486,10
49489,30,/repositories/30/resources/49489,7
49492,30,/repositories/30/resources/49492,8
49495,30,/repositories/30/resources/49495,7
49498,30,/repositories/30/resources/49498,10
49501,30,/repositories/30/resources/49501,8
49504,30,/repositories/30/resources/49504,14
49507,30,/repositories/30/resources/49507,14
49510,30,/repositories/30/resources/49510,11
49513,30,/repositories/30/resources/49513,20
49516,30,/repositories/30/resources/49516,11
49519,30,/repositories/30/resources/49519,14
49522,30,/repositories/30/resources/49522,6
49525,30,/repositories/30/resources/49525,6
49528,30,/repositories/30/resources/49528,7
49531,30,/repositories/30/resources/49531,7
49534,30,/repositories/30/resources/49534,7
49537,30,/repositories/30/resources/49537,8
49540,30,/repositories/30/resources/49540,7
49543,30,/repositories/30/resources/49543,7
49546,30,/repositories/30/resources/49546,6
49549,30,/repositories/30/resources/49549,16
49552,30,/repositories/30/resources/49552,12
49555,30,/repositories/30/resources/49555,11
49558,30,/repositories/30/resources/49558,12
49561,30,/repositories/30/resources/49561,14
49564,30,/repositories/30/resources/49564,14
49567,30,/repositories/30/resources/49567,4
49570,30,/repositories/30/resources/49570,6
49573,30,/repositories/30/resources/49573,7
49576,30,/repositories/30/resources/49576,9
49579,30,/repositories/30/resources/49579,5
49582,30,/repositories/30/resources/49582,6
49585,30,/repositories/30/resources/49585,10
49588,30,/repositories/30/resources/49588,14
49591,30,/repositories/30/resources/49591,8
49594,30,/repositories/30/resources/49594,6
49597,30,/repositories/30/resources/49597,7
49600,30,/repositories/30/resources/49600,5
49603,30,/repositories/30/resources/49603,11
49606,30,/repositories/30/resources/49606,14
49609,30,/repositories/30/resources/49609,15
49612,30,/repositories/30/resources/49612,6
49615,30,/repositories/30/resources/49615,6
49618,30,/repositories/30/resources/49618,8
49621,30,/repositories/30/resources/49621,8
49624,30,/repositories/30/resources/49624,16
49627,30,/repositories/30/resources/49627,7
49630,30,/repositories/30/resources/49630,12
49633,30,/repositories/30/resources/49633,15
49636,30,/repositories/30/resources/49636,10
49639,30,/repositories/30/resources/49639,8
49642,30,/repositories/30/resources/49642,7
49645,30,/repositories/30/resources/49645,9
49648,30,/repositories/30/resources/49648,9
49651,30,/repositories/30/resources/49651,7
49654,30,/repositories/30/resources/49654,8
49657,30,/repositories/30/resources/49657,9
49660,30,/repositories/30/resources/49660,6
49663,30,/repositories/30/resources/49663,9
49666,30,/repositories/30/resources/49666,6
49669,30,/repositories/30/resources/49669,13
49672,30,/repositories/30/resources/49672,13
49675,30,/repositories/30/resources/49675,10
49678,30,/repositories/30/resources/49678,8
49681,30,/repositories/30/resources/49681,6
49684,30,/repositories/30/resources/49684,9
49687,30,/repositories/30/resources/49687,10
49690,30,/repositories/30/resources/49690,6
49693,30,/repositories/30/resources/49693,7
49696,30,/repositories/30/resources/49696,7
49699,30,/repositories/30/resources/49699,9
49702,30,/repositories/30/resources/49702,7
49705,30,/repositories/30/resources/49705,7
49708,30,/repositories/30/resources/49708,7
49711,30,/repositories/30/resources/49711,7
49714,30,/repositories/30/resources/49714,11
49717,30,/repositories/30/resources/49717,5
49720,30,/repositories/30/resources/49720,9
49723,30,/repositories/30/resources/49723,18
49726,30,/repositories/30/resources/49726,5
49729,30,/repositories/30/resources/49729,7
49732,30,/repositories/30/resources/49732,8
49735,30,/repositories/30/resources/49735,8
49738,30,/repositories/30/resources/49738,9
49741,30,/repositories/30/resources/49741,7
49744,30,/repositories/30/resources/49744,5
49747,30,/repositories/30/resources/49747,8
49750,30,/repositories/30/resources/49750,8
49753,30,/repositories/30/resources/49753,5
49756,30,/repositories/30/resources/49756,7
49759,30,/repositories/30/resources/49759,18
49762,30,/repositories/30/resources/49762,9
49765,30,/repositories/30/resources/49765,5
49768,30,/repositories/30/resources/49768,8
49771,30,/repositories/30/resources/49771,9
49774,30,/repositories/30/resources/49774,3
49777,30,/repositories/30/resources/49777,8
49780,30,/repositories/30/resources/49780,3
49783,30,/repositories/30/resources/49783,3
49786,30,/repositories/30/resources/49786,7
49792,30,/repositories/30/resources/49792,3
49795,30,/repositories/30/resources/49795,3
49798,30,/repositories/30/resources/49798,3
49801,30,/repositories/30/resources/49801,3
49804,30,/repositories/30/resources/49804,3
49807,30,/repositories/30/resources/49807,3
49810,30,/repositories/30/resources/49810,3
49813,30,/repositories/30/resources/49813,5
49816,30,/repositories/30/resources/49816,5
49819,30,/repositories/30/resources/49819,9
49822,30,/repositories/30/resources/49822,7
49825,30,/repositories/30/resources/49825,8
49828,30,/repositories/30/resources/49828,3
49831,30,/repositories/30/resources/49831,3
49834,30,/repositories/30/resources/49834,3
49837,30,/repositories/30/resources/49837,3
49840,30,/repositories/30/resources/49840,3
49843,30,/repositories/30/resources/49843,3
49846,30,/repositories/30/resources/49846,3
49849,30,/repositories/30/resources/49849,5
49855,30,/repositories/30/resources/49855,3
49858,30,/repositories/30/resources/49858,3
49861,30,/repositories/30/resources/49861,7
49864,30,/repositories/30/resources/49864,3
49867,30,/repositories/30/resources/49867,3
49870,30,/repositories/30/resources/49870,3
49873,30,/repositories/30/resources/49873,3
49876,30,/repositories/30/resources/49876,3
49879,30,/repositories/30/resources/49879,3
49882,30,/repositories/30/resources/49882,3
49885,30,/repositories/30/resources/49885,3
49888,30,/repositories/30/resources/49888,3
49891,30,/repositories/30/resources/49891,3
49894,30,/repositories/30/resources/49894,3
49897,30,/repositories/30/resources/49897,3
49900,30,/repositories/30/resources/49900,3
49903,30,/repositories/30/resources/49903,8
49906,30,/repositories/30/resources/49906,3
49909,30,/repositories/30/resources/49909,7
49912,30,/repositories/30/resources/49912,3
49915,30,/repositories/30/resources/49915,4
49918,30,/repositories/30/resources/49918,4
49921,30,/repositories/30/resources/49921,3
49924,30,/repositories/30/resources/49924,5
49927,30,/repositories/30/resources/49927,3
49930,30,/repositories/30/resources/49930,3
49933,30,/repositories/30/resources/49933,8
49936,30,/repositories/30/resources/49936,7
49939,30,/repositories/30/resources/49939,8
49942,30,/repositories/30/resources/49942,7
49945,30,/repositories/30/resources/49945,7
49948,30,/repositories/30/resources/49948,3
49951,30,/repositories/30/resources/49951,3
49954,30,/repositories/30/resources/49954,3
49957,30,/repositories/30/resources/49957,3
49960,30,/repositories/30/resources/49960,3
49963,30,/repositories/30/resources/49963,3
49966,30,/repositories/30/resources/49966,3
49969,30,/repositories/30/resources/49969,6
49972,30,/repositories/30/resources/49972,3
49975,30,/repositories/30/resources/49975,3
49978,30,/repositories/30/resources/49978,13
49981,30,/repositories/30/resources/49981,3
49984,30,/repositories/30/resources/49984,3
49987,30,/repositories/30/resources/49987,7
49990,30,/repositories/30/resources/49990,8
49993,30,/repositories/30/resources/49993,3
49996,30,/repositories/30/resources/49996,7
49999,30,/repositories/30/resources/49999,3
50002,30,/repositories/30/resources/50002,3
50005,30,/repositories/30/resources/50005,3
50008,30,/repositories/30/resources/50008,3
50011,30,/repositories/30/resources/50011,3
50014,30,/repositories/30/resources/50014,5
50017,30,/repositories/30/resources/50017,4
50020,30,/repositories/30/resources/50020,6
50023,30,/repositories/30/resources/50023,4
50026,30,/repositories/30/resources/50026,3
50029,30,/repositories/30/resources/50029,10
50032,30,/repositories/30/resources/50032,14
50035,30,/repositories/30/resources/50035,11
50038,30,/repositories/30/resources/50038,7
50041,30,/repositories/30/resources/50041,4
50044,30,/repositories/30/resources/50044,8
50047,30,/repositories/30/resources/50047,7
50050,30,/repositories/30/resources/50050,5
50053,30,/repositories/30/resources/50053,4
50056,30,/repositories/30/resources/50056,3
50059,30,/repositories/30/resources/50059,8
50062,30,/repositories/30/resources/50062,8
50065,30,/repositories/30/resources/50065,7
50068,30,/repositories/30/resources/50068,6
50071,30,/repositories/30/resources/50071,5
50074,30,/repositories/30/resources/50074,6
50077,30,/repositories/30/resources/50077,9
50080,30,/repositories/30/resources/50080,6
50083,30,/repositories/30/resources/50083,6
50086,30,/repositories/30/resources/50086,4
50089,30,/repositories/30/resources/50089,7
50092,30,/repositories/30/resources/50092,7
50095,30,/repositories/30/resources/50095,7
50098,30,/repositories/30/resources/50098,8
50101,30,/repositories/30/resources/50101,7
50104,30,/repositories/30/resources/50104,7
50107,30,/repositories/30/resources/50107,6
50110,30,/repositories/30/resources/50110,5
50113,30,/repositories/30/resources/50113,10
50116,30,/repositories/30/resources/50116,4
50119,30,/repositories/30/resources/50119,6
50122,30,/repositories/30/resources/50122,8
50125,30,/repositories/30/resources/50125,8
50128,30,/repositories/30/resources/50128,7
50131,30,/repositories/30/resources/50131,8
50134,30,/repositories/30/resources/50134,6
50137,30,/repositories/30/resources/50137,11
50140,30,/repositories/30/resources/50140,8
50143,30,/repositories/30/resources/50143,7
50146,30,/repositories/30/resources/50146,6
50149,30,/repositories/30/resources/50149,5
50152,30,/repositories/30/resources/50152,5
50155,30,/repositories/30/resources/50155,9
50158,30,/repositories/30/resources/50158,7
50161,30,/repositories/30/resources/50161,8
50164,30,/repositories/30/resources/50164,11
50167,30,/repositories/30/resources/50167,8
50170,30,/repositories/30/resources/50170,6
50173,30,/repositories/30/resources/50173,9
50176,30,/repositories/30/resources/50176,5
50179,30,/repositories/30/resources/50179,6
50182,30,/repositories/30/resources/50182,7
50185,30,/repositories/30/resources/50185,4
50188,30,/repositories/30/resources/50188,7
50191,30,/repositories/30/resources/50191,5
50194,30,/repositories/30/resources/50194,7
50197,30,/repositories/30/resources/50197,6
50200,30,/repositories/30/resources/50200,15
50203,30,/repositories/30/resources/50203,3
50206,30,/repositories/30/resources/50206,6
50209,30,/repositories/30/resources/50209,8
50212,30,/repositories/30/resources/50212,7
50215,30,/repositories/30/resources/50215,11
50218,30,/repositories/30/resources/50218,9
50221,30,/repositories/30/resources/50221,8
50224,30,/repositories/30/resources/50224,9
50227,30,/repositories/30/resources/50227,7
50230,30,/repositories/30/resources/50230,8
50233,30,/repositories/30/resources/50233,6
50236,30,/repositories/30/resources/50236,7
50239,30,/repositories/30/resources/50239,7
50242,30,/repositories/30/resources/50242,7
50245,30,/repositories/30/resources/50245,7
50248,30,/repositories/30/resources/50248,8
50251,30,/repositories/30/resources/50251,6
50254,30,/repositories/30/resources/50254,6
50257,30,/repositories/30/resources/50257,11
50260,30,/repositories/30/resources/50260,5
50263,30,/repositories/30/resources/50263,9
50266,30,/repositories/30/resources/50266,9
50269,30,/repositories/30/resources/50269,7
50272,30,/repositories/30/resources/50272,9
50275,30,/repositories/30/resources/50275,6
50278,30,/repositories/30/resources/50278,7
50281,30,/repositories/30/resources/50281,7
50284,30,/repositories/30/resources/50284,7
50287,30,/repositories/30/resources/50287,5
50290,30,/repositories/30/resources/50290,7
50293,30,/repositories/30/resources/50293,7
50296,30,/repositories/30/resources/50296,7
50299,30,/repositories/30/resources/50299,9
50302,30,/repositories/30/resources/50302,7
50305,30,/repositories/30/resources/50305,6
50308,30,/repositories/30/resources/50308,8
50311,30,/repositories/30/resources/50311,8
50314,30,/repositories/30/resources/50314,6
50317,30,/repositories/30/resources/50317,6
50320,30,/repositories/30/resources/50320,6
50323,30,/repositories/30/resources/50323,6
50326,30,/repositories/30/resources/50326,3
50329,30,/repositories/30/resources/50329,6
50332,30,/repositories/30/resources/50332,6
50335,30,/repositories/30/resources/50335,6
50338,30,/repositories/30/resources/50338,11
50341,30,/repositories/30/resources/50341,6
50344,30,/repositories/30/resources/50344,6
50347,30,/repositories/30/resources/50347,5
50350,30,/repositories/30/resources/50350,6
50353,30,/repositories/30/resources/50353,5
50356,30,/repositories/30/resources/50356,5
50359,30,/repositories/30/resources/50359,5
50362,30,/repositories/30/resources/50362,6
50365,30,/repositories/30/resources/50365,6
50368,30,/repositories/30/resources/50368,6
50371,30,/repositories/30/resources/50371,6
50374,30,/repositories/30/resources/50374,6
50377,30,/repositories/30/resources/50377,7
50380,30,/repositories/30/resources/50380,5
50383,30,/repositories/30/resources/50383,6
50386,30,/repositories/30/resources/50386,4
50389,30,/repositories/30/resources/50389,9
50392,30,/repositories/30/resources/50392,7
50395,30,/repositories/30/resources/50395,6
50398,30,/repositories/30/resources/50398,6
50401,30,/repositories/30/resources/50401,6
50404,30,/repositories/30/resources/50404,6
50407,30,/repositories/30/resources/50407,6
50410,30,/repositories/30/resources/50410,5
50413,30,/repositories/30/resources/50413,6
50416,30,/repositories/30/resources/50416,7
50419,30,/repositories/30/resources/50419,6
50422,30,/repositories/30/resources/50422,4
50425,30,/repositories/30/resources/50425,7
50428,30,/repositories/30/resources/50428,6
50431,30,/repositories/30/resources/50431,7
50434,30,/repositories/30/resources/50434,6
50437,30,/repositories/30/resources/50437,6
50440,30,/repositories/30/resources/50440,5
50443,30,/repositories/30/resources/50443,6
50446,30,/repositories/30/resources/50446,5
50449,30,/repositories/30/resources/50449,6
50452,30,/repositories/30/resources/50452,6
50455,30,/repositories/30/resources/50455,4
50458,30,/repositories/30/resources/50458,6
50461,30,/repositories/30/resources/50461,5
50464,30,/repositories/30/resources/50464,5
50467,30,/repositories/30/resources/50467,5
50470,30,/repositories/30/resources/50470,6
50473,30,/repositories/30/resources/50473,5
50476,30,/repositories/30/resources/50476,5
50479,30,/repositories/30/resources/50479,5
50482,30,/repositories/30/resources/50482,7
50485,30,/repositories/30/resources/50485,4
50488,30,/repositories/30/resources/50488,5
50491,30,/repositories/30/resources/50491,7
50494,30,/repositories/30/resources/50494,5
50497,30,/repositories/30/resources/50497,5
50500,30,/repositories/30/resources/50500,5
50503,30,/repositories/30/resources/50503,5
50506,30,/repositories/30/resources/50506,5
50509,30,/repositories/30/resources/50509,5
50512,30,/repositories/30/resources/50512,7
50515,30,/repositories/30/resources/50515,6
50518,30,/repositories/30/resources/50518,6
50521,30,/repositories/30/resources/50521,6
50524,30,/repositories/30/resources/50524,5
50527,30,/repositories/30/resources/50527,3
50530,30,/repositories/30/resources/50530,6
50533,30,/repositories/30/resources/50533,5
50536,30,/repositories/30/resources/50536,4
50539,30,/repositories/30/resources/50539,5
50542,30,/repositories/30/resources/50542,4
50545,30,/repositories/30/resources/50545,5
50548,30,/repositories/30/resources/50548,5
50551,30,/repositories/30/resources/50551,5
50554,30,/repositories/30/resources/50554,5
50557,30,/repositories/30/resources/50557,7
50560,30,/repositories/30/resources/50560,5
50563,30,/repositories/30/resources/50563,5
50566,30,/repositories/30/resources/50566,5
50569,30,/repositories/30/resources/50569,5
50572,30,/repositories/30/resources/50572,5
50575,30,/repositories/30/resources/50575,5
50578,30,/repositories/30/resources/50578,6
50581,30,/repositories/30/resources/50581,7
50584,30,/repositories/30/resources/50584,7
50587,30,/repositories/30/resources/50587,6
50590,30,/repositories/30/resources/50590,6
50593,30,/repositories/30/resources/50593,6
50596,30,/repositories/30/resources/50596,6
50599,30,/repositories/30/resources/50599,6
50602,30,/repositories/30/resources/50602,5
50605,30,/repositories/30/resources/50605,3
50608,30,/repositories/30/resources/50608,6
50611,30,/repositories/30/resources/50611,5
50614,30,/repositories/30/resources/50614,5
50617,30,/repositories/30/resources/50617,4
50620,30,/repositories/30/resources/50620,4
50623,30,/repositories/30/resources/50623,6
50626,30,/repositories/30/resources/50626,5
50629,30,/repositories/30/resources/50629,6
50632,30,/repositories/30/resources/50632,4
50635,30,/repositories/30/resources/50635,5
50638,30,/repositories/30/resources/50638,5
50641,30,/repositories/30/resources/50641,5
50644,30,/repositories/30/resources/50644,5
50647,30,/repositories/30/resources/50647,4
50650,30,/repositories/30/resources/50650,5
50653,30,/repositories/30/resources/50653,6
50656,30,/repositories/30/resources/50656,6
50659,30,/repositories/30/resources/50659,4
50662,30,/repositories/30/resources/50662,5
50665,30,/repositories/30/resources/50665,5
50668,30,/repositories/30/resources/50668,7
50671,30,/repositories/30/resources/50671,5
50674,30,/repositories/30/resources/50674,6
50677,30,/repositories/30/resources/50677,5
50683,30,/repositories/30/resources/50683,6
50686,30,/repositories/30/resources/50686,3
50689,30,/repositories/30/resources/50689,3
50692,30,/repositories/30/resources/50692,3
50695,30,/repositories/30/resources/50695,6
50698,30,/repositories/30/resources/50698,7
50701,30,/repositories/30/resources/50701,6
50704,30,/repositories/30/resources/50704,5
50707,30,/repositories/30/resources/50707,7
50710,30,/repositories/30/resources/50710,6
50713,30,/repositories/30/resources/50713,6
50716,30,/repositories/30/resources/50716,6
50719,30,/repositories/30/resources/50719,7
50722,30,/repositories/30/resources/50722,5
50725,30,/repositories/30/resources/50725,7
50728,30,/repositories/30/resources/50728,5
50731,30,/repositories/30/resources/50731,3
50743,30,/repositories/30/resources/50743,8
50746,30,/repositories/30/resources/50746,5
50758,30,/repositories/30/resources/50758,6
50767,30,/repositories/30/resources/50767,3
50770,30,/repositories/30/resources/50770,5
50776,30,/repositories/30/resources/50776,3
50779,30,/repositories/30/resources/50779,3
50782,30,/repositories/30/resources/50782,3
50785,30,/repositories/30/resources/50785,3
50788,30,/repositories/30/resources/50788,3
50803,30,/repositories/30/resources/50803,3
50806,30,/repositories/30/resources/50806,6
50809,30,/repositories/30/resources/50809,5
50818,30,/repositories/30/resources/50818,3
50821,30,/repositories/30/resources/50821,7
50824,30,/repositories/30/resources/50824,178
50835,30,/repositories/30/resources/50835,4
50844,30,/repositories/30/resources/50844,3
50853,30,/repositories/30/resources/50853,3
50868,30,/repositories/30/resources/50868,4
50871,30,/repositories/30/resources/50871,2
50883,30,/repositories/30/resources/50883,3
50937,30,/repositories/30/resources/50937,4
50940,30,/repositories/30/resources/50940,4
50943,30,/repositories/30/resources/50943,3
50994,30,/repositories/30/resources/50994,4
51054,30,/repositories/30/resources/51054,3
51071,30,/repositories/30/resources/51071,4
51083,30,/repositories/30/resources/51083,4
51214,30,/repositories/30/resources/51214,30
51223,30,/repositories/30/resources/51223,3
51256,30,/repositories/30/resources/51256,2
51262,30,/repositories/30/resources/51262,3
51265,30,/repositories/30/resources/51265,96
51268,30,/repositories/30/resources/51268,4
51269,30,/repositories/30/resources/51269,421
51301,30,/repositories/30/resources/51301,508
51307,30,/repositories/30/resources/51307,6
51310,30,/repositories/30/resources/51310,81
51313,30,/repositories/30/resources/51313,3
51338,30,/repositories/30/resources/51338,3900
51394,30,/repositories/30/resources/51394,3
51397,30,/repositories/30/resources/51397,4
51400,30,/repositories/30/resources/51400,47
51410,30,/repositories/30/resources/51410,4
51452,30,/repositories/30/resources/51452,20
51458,30,/repositories/30/resources/51458,9
51578,30,/repositories/30/resources/51578,343
51590,30,/repositories/30/resources/51590,2
51795,30,/repositories/30/resources/51795,3
51839,30,/repositories/30/resources/51839,5
51952,30,/repositories/30/resources/51952,7
51979,30,/repositories/30/resources/51979,22
52151,30,/repositories/30/resources/52151,5
52181,30,/repositories/30/resources/52181,2
52209,30,/repositories/30/resources/52209,2467
52215,30,/repositories/30/resources/52215,5
52236,30,/repositories/30/resources/52236,3
52263,30,/repositories/30/resources/52263,2
52287,30,/repositories/30/resources/52287,6
52290,30,/repositories/30/resources/52290,255
52296,30,/repositories/30/resources/52296,224
52314,30,/repositories/30/resources/52314,3
52395,30,/repositories/30/resources/52395,193
52398,30,/repositories/30/resources/52398,4
52410,30,/repositories/30/resources/52410,4
52566,30,/repositories/30/resources/52566,2
52569,30,/repositories/30/resources/52569,3
52965,30,/repositories/30/resources/52965,49
53081,30,/repositories/30/resources/53081,3
53197,30,/repositories/30/resources/53197,7
53200,30,/repositories/30/resources/53200,3
53312,30,/repositories/30/resources/53312,2
53328,30,/repositories/30/resources/53328,4
53361,30,/repositories/30/resources/53361,2
53364,30,/repositories/30/resources/53364,3
53367,30,/repositories/30/resources/53367,169
53376,30,/repositories/30/resources/53376,3
53486,30,/repositories/30/resources/53486,5
53489,30,/repositories/30/resources/53489,5
53492,30,/repositories/30/resources/53492,109
53503,30,/repositories/30/resources/53503,199
53506,30,/repositories/30/resources/53506,4
53509,30,/repositories/30/resources/53509,5
53515,30,/repositories/30/resources/53515,43
53539,30,/repositories/30/resources/53539,22
53551,30,/repositories/30/resources/53551,14
53575,30,/repositories/30/resources/53575,3
53587,30,/repositories/30/resources/53587,5
53599,30,/repositories/30/resources/53599,3
53602,30,/repositories/30/resources/53602,70
53627,30,/repositories/30/resources/53627,9
53630,30,/repositories/30/resources/53630,644
53633,30,/repositories/30/resources/53633,5
53636,30,/repositories/30/resources/53636,5
53657,30,/repositories/30/resources/53657,5
53660,30,/repositories/30/resources/53660,3
53666,30,/repositories/30/resources/53666,5
53669,30,/repositories/30/resources/53669,5
53687,30,/repositories/30/resources/53687,6
53690,30,/repositories/30/resources/53690,10
53709,30,/repositories/30/resources/53709,790
53735,30,/repositories/30/resources/53735,332
53738,30,/repositories/30/resources/53738,37
53747,30,/repositories/30/resources/53747,13
53762,30,/repositories/30/resources/53762,45
53778,30,/repositories/30/resources/53778,3
53781,30,/repositories/30/resources/53781,3
53788,30,/repositories/30/resources/53788,15
53791,30,/repositories/30/resources/53791,98
53797,30,/repositories/30/resources/53797,190
53800,30,/repositories/30/resources/53800,167
53803,30,/repositories/30/resources/53803,11
53806,30,/repositories/30/resources/53806,3
53812,30,/repositories/30/resources/53812,11
53818,30,/repositories/30/resources/53818,8
53835,30,/repositories/30/resources/53835,8
53860,30,/repositories/30/resources/53860,4
53866,30,/repositories/30/resources/53866,71
53875,30,/repositories/30/resources/53875,89
53882,30,/repositories/30/resources/53882,5
53904,30,/repositories/30/resources/53904,13
53921,30,/repositories/30/resources/53921,10
53950,30,/repositories/30/resources/53950,23
53953,30,/repositories/30/resources/53953,3
53959,30,/repositories/30/resources/53959,10
53989,30,/repositories/30/resources/53989,5
53992,30,/repositories/30/resources/53992,3
53996,30,/repositories/30/resources/53996,3
54002,30,/repositories/30/resources/54002,135
54013,30,/repositories/30/resources/54013,735
54033,30,/repositories/30/resources/54033,12346
54036,30,/repositories/30/resources/54036,95
54048,30,/repositories/30/resources/54048,3
54051,30,/repositories/30/resources/54051,3
54054,30,/repositories/30/resources/54054,3
54056,30,/repositories/30/resources/54056,4
54062,30,/repositories/30/resources/54062,9
54068,30,/repositories/30/resources/54068,150
54118,30,/repositories/30/resources/54118,5
54121,30,/repositories/30/resources/54121,70
54124,30,/repositories/30/resources/54124,11
54137,30,/repositories/30/resources/54137,233
54140,30,/repositories/30/resources/54140,1072
54143,30,/repositories/30/resources/54143,311
54146,30,/repositories/30/resources/54146,5
54234,30,/repositories/30/resources/54234,137
54241,30,/repositories/30/resources/54241,12
54244,30,/repositories/30/resources/54244,148
54247,30,/repositories/30/resources/54247,5
54250,30,/repositories/30/resources/54250,2
54253,30,/repositories/30/resources/54253,2
54263,30,/repositories/30/resources/54263,210
54268,30,/repositories/30/resources/54268,2
54277,30,/repositories/30/resources/54277,6
54286,30,/repositories/30/resources/54286,5
54292,30,/repositories/30/resources/54292,3
54316,30,/repositories/30/resources/54316,3
54317,30,/repositories/30/resources/54317,3
54318,30,/repositories/30/resources/54318,129
54331,30,/repositories/30/resources/54331,10
54335,30,/repositories/30/resources/54335,21
54336,30,/repositories/30/resources/54336,4
54337,30,/repositories/30/resources/54337,2
54340,30,/repositories/30/resources/54340,2
54341,30,/repositories/30/resources/54341,2
54343,30,/repositories/30/resources/54343,2
54345,30,/repositories/30/resources/54345,2
54346,30,/repositories/30/resources/54346,2
54352,30,/repositories/30/resources/54352,3
54361,30,/repositories/30/resources/54361,3
54369,30,/repositories/30/resources/54369,3
54381,30,/repositories/30/resources/54381,248
54384,30,/repositories/30/resources/54384,4
54401,30,/repositories/30/resources/54401,68
54413,30,/repositories/30/resources/54413,4396
54416,30,/repositories/30/resources/54416,473
54417,30,/repositories/30/resources/54417,2
54418,30,/repositories/30/resources/54418,3
54419,30,/repositories/30/resources/54419,3
54426,30,/repositories/30/resources/54426,2
54427,30,/repositories/30/resources/54427,2
54428,30,/repositories/30/resources/54428,2
54429,30,/repositories/30/resources/54429,5
54434,30,/repositories/30/resources/54434,2
54438,30,/repositories/30/resources/54438,12
54439,30,/repositories/30/resources/54439,142
54440,30,/repositories/30/resources/54440,5
54441,30,/repositories/30/resources/54441,2
54444,30,/repositories/30/resources/54444,216
54446,30,/repositories/30/resources/54446,61
54449,30,/repositories/30/resources/54449,3
54452,30,/repositories/30/resources/54452,5
54494,30,/repositories/30/resources/54494,3
54516,30,/repositories/30/resources/54516,3
54555,30,/repositories/30/resources/54555,6
54556,30,/repositories/30/resources/54556,49
54564,30,/repositories/30/resources/54564,6
54565,30,/repositories/30/resources/54565,2142
54566,30,/repositories/30/resources/54566,155
54577,30,/repositories/30/resources/54577,6
54582,30,/repositories/30/resources/54582,7
54584,30,/repositories/30/resources/54584,4
54592,30,/repositories/30/resources/54592,3
54593,30,/repositories/30/resources/54593,6
54594,30,/repositories/30/resources/54594,112
54595,30,/repositories/30/resources/54595,2
54596,30,/repositories/30/resources/54596,3
54597,30,/repositories/30/resources/54597,4
54598,30,/repositories/30/resources/54598,3
54599,30,/repositories/30/resources/54599,3
54606,30,/repositories/30/resources/54606,5
54607,30,/repositories/30/resources/54607,3
54613,30,/repositories/30/resources/54613,2
54614,30,/repositories/30/resources/54614,4
54615,30,/repositories/30/resources/54615,273
54620,30,/repositories/30/resources/54620,3
54625,30,/repositories/30/resources/54625,4
54626,30,/repositories/30/resources/54626,3
54628,30,/repositories/30/resources/54628,96
54630,30,/repositories/30/resources/54630,240
54634,30,/repositories/30/resources/54634,134
54638,30,/repositories/30/resources/54638,5
54644,30,/repositories/30/resources/54644,291
54648,30,/repositories/30/resources/54648,327
54651,30,/repositories/30/resources/54651,153
54652,30,/repositories/30/resources/54652,3
54653,30,/repositories/30/resources/54653,6
54654,30,/repositories/30/resources/54654,6
54655,30,/repositories/30/resources/54655,2
54656,30,/repositories/30/resources/54656,2
54659,30,/repositories/30/resources/54659,5
54660,30,/repositories/30/resources/54660,3
54661,30,/repositories/30/resources/54661,2
54665,30,/repositories/30/resources/54665,3
54667,30,/repositories/30/resources/54667,39
54669,30,/repositories/30/resources/54669,2
54670,30,/repositories/30/resources/54670,41
54674,30,/repositories/30/resources/54674,32
54682,30,/repositories/30/resources/54682,14
54683,30,/repositories/30/resources/54683,67
54684,30,/repositories/30/resources/54684,4
54686,30,/repositories/30/resources/54686,3
54695,30,/repositories/30/resources/54695,2
54696,30,/repositories/30/resources/54696,2
54697,30,/repositories/30/resources/54697,38
54703,30,/repositories/30/resources/54703,249
54708,30,/repositories/30/resources/54708,3
54718,30,/repositories/30/resources/54718,2
54732,30,/repositories/30/resources/54732,2
54733,30,/repositories/30/resources/54733,3
54734,30,/repositories/30/resources/54734,3
54736,30,/repositories/30/resources/54736,2
54737,30,/repositories/30/resources/54737,2
54740,30,/repositories/30/resources/54740,173
54741,30,/repositories/30/resources/54741,2
54742,30,/repositories/30/resources/54742,2
54743,30,/repositories/30/resources/54743,2
54744,30,/repositories/30/resources/54744,4
54745,30,/repositories/30/resources/54745,2
54746,30,/repositories/30/resources/54746,3
54759,30,/repositories/30/resources/54759,11
54764,30,/repositories/30/resources/54764,3
54766,30,/repositories/30/resources/54766,269
54768,30,/repositories/30/resources/54768,3
54769,30,/repositories/30/resources/54769,2
54771,30,/repositories/30/resources/54771,3
54772,30,/repositories/30/resources/54772,703
54773,30,/repositories/30/resources/54773,599
54774,30,/repositories/30/resources/54774,18
54775,30,/repositories/30/resources/54775,2
54777,30,/repositories/30/resources/54777,3
54778,30,/repositories/30/resources/54778,2
54780,30,/repositories/30/resources/54780,5
54784,30,/repositories/30/resources/54784,3
54787,30,/repositories/30/resources/54787,130
54791,30,/repositories/30/resources/54791,12
54799,30,/repositories/30/resources/54799,3
54800,30,/repositories/30/resources/54800,3
54808,30,/repositories/30/resources/54808,9
54818,30,/repositories/30/resources/54818,2
54827,30,/repositories/30/resources/54827,24
54828,30,/repositories/30/resources/54828,3
54835,30,/repositories/30/resources/54835,2
54837,30,/repositories/30/resources/54837,2
54840,30,/repositories/30/resources/54840,2
54841,30,/repositories/30/resources/54841,3
54842,30,/repositories/30/resources/54842,3
54843,30,/repositories/30/resources/54843,3
54845,30,/repositories/30/resources/54845,2
54846,30,/repositories/30/resources/54846,2
54849,30,/repositories/30/resources/54849,3
54850,30,/repositories/30/resources/54850,3
54854,30,/repositories/30/resources/54854,2
54857,30,/repositories/30/resources/54857,3
54858,30,/repositories/30/resources/54858,2
54864,30,/repositories/30/resources/54864,2
54865,30,/repositories/30/resources/54865,2
54870,30,/repositories/30/resources/54870,2
54877,30,/repositories/30/resources/54877,154
54885,30,/repositories/30/resources/54885,3
54887,30,/repositories/30/resources/54887,124
54888,30,/repositories/30/resources/54888,52
54889,30,/repositories/30/resources/54889,463
54901,30,/repositories/30/resources/54901,46
54913,30,/repositories/30/resources/54913,10
54914,30,/repositories/30/resources/54914,1710
54916,30,/repositories/30/resources/54916,3
54926,30,/repositories/30/resources/54926,7
54932,30,/repositories/30/resources/54932,3
54933,30,/repositories/30/resources/54933,3
54936,30,/repositories/30/resources/54936,3
54937,30,/repositories/30/resources/54937,63
54946,30,/repositories/30/resources/54946,3
54965,30,/repositories/30/resources/54965,18
54972,30,/repositories/30/resources/54972,3
54973,30,/repositories/30/resources/54973,67
54975,30,/repositories/30/resources/54975,5
54979,30,/repositories/30/resources/54979,8
54980,30,/repositories/30/resources/54980,3
55008,30,/repositories/30/resources/55008,5
55011,30,/repositories/30/resources/55011,5
55043,30,/repositories/30/resources/55043,3
55046,30,/repositories/30/resources/55046,3
55047,30,/repositories/30/resources/55047,3
9525,32,/repositories/32/resources/9525,33943
9531,32,/repositories/32/resources/9531,1035
9535,32,/repositories/32/resources/9535,564
9540,32,/repositories/32/resources/9540,1332
9543,32,/repositories/32/resources/9543,828
9549,32,/repositories/32/resources/9549,29
9552,32,/repositories/32/resources/9552,5037
9555,32,/repositories/32/resources/9555,2407
9556,32,/repositories/32/resources/9556,292
9557,32,/repositories/32/resources/9557,580
9560,32,/repositories/32/resources/9560,33447
9563,32,/repositories/32/resources/9563,1025
9564,32,/repositories/32/resources/9564,627
9567,32,/repositories/32/resources/9567,800
9572,32,/repositories/32/resources/9572,62
9573,32,/repositories/32/resources/9573,1024
9574,32,/repositories/32/resources/9574,1849
9575,32,/repositories/32/resources/9575,75
9576,32,/repositories/32/resources/9576,2319
9582,32,/repositories/32/resources/9582,581
9585,32,/repositories/32/resources/9585,1483
9587,32,/repositories/32/resources/9587,2137
9588,32,/repositories/32/resources/9588,513
9597,32,/repositories/32/resources/9597,6484
9600,32,/repositories/32/resources/9600,5112
9606,32,/repositories/32/resources/9606,126
9609,32,/repositories/32/resources/9609,508
9612,32,/repositories/32/resources/9612,553
9615,32,/repositories/32/resources/9615,1681
9618,32,/repositories/32/resources/9618,219
9621,32,/repositories/32/resources/9621,551
9623,32,/repositories/32/resources/9623,2254
9625,32,/repositories/32/resources/9625,71
9626,32,/repositories/32/resources/9626,16454
12433,32,/repositories/32/resources/12433,15
12446,32,/repositories/32/resources/12446,1306
12532,32,/repositories/32/resources/12532,40
12533,32,/repositories/32/resources/12533,32819
12647,32,/repositories/32/resources/12647,132
13627,32,/repositories/32/resources/13627,24
13642,32,/repositories/32/resources/13642,62
26367,32,/repositories/32/resources/26367,40
26489,32,/repositories/32/resources/26489,4
27757,32,/repositories/32/resources/27757,92
27783,32,/repositories/32/resources/27783,4026
27822,32,/repositories/32/resources/27822,211
28088,32,/repositories/32/resources/28088,70
52446,32,/repositories/32/resources/52446,1057
53306,32,/repositories/32/resources/53306,488
53477,32,/repositories/32/resources/53477,51
53480,32,/repositories/32/resources/53480,26
53497,32,/repositories/32/resources/53497,221
53878,32,/repositories/32/resources/53878,22
54016,32,/repositories/32/resources/54016,11
54021,32,/repositories/32/resources/54021,225
54024,32,/repositories/32/resources/54024,28762
54228,32,/repositories/32/resources/54228,33
54238,32,/repositories/32/resources/54238,32
54568,32,/repositories/32/resources/54568,41
54585,32,/repositories/32/resources/54585,67
54616,32,/repositories/32/resources/54616,53
54805,32,/repositories/32/resources/54805,77
54806,32,/repositories/32/resources/54806,619
9627,33,/repositories/33/resources/9627,46
9630,33,/repositories/33/resources/9630,617
9639,33,/repositories/33/resources/9639,332
9642,33,/repositories/33/resources/9642,90
9645,33,/repositories/33/resources/9645,7
9648,33,/repositories/33/resources/9648,42
9651,33,/repositories/33/resources/9651,661
9669,33,/repositories/33/resources/9669,540
9684,33,/repositories/33/resources/9684,764
9696,33,/repositories/33/resources/9696,583
9699,33,/repositories/33/resources/9699,521
9703,33,/repositories/33/resources/9703,94
9711,33,/repositories/33/resources/9711,822
9715,33,/repositories/33/resources/9715,1590
9720,33,/repositories/33/resources/9720,28
9734,33,/repositories/33/resources/9734,523
9738,33,/repositories/33/resources/9738,753
9740,33,/repositories/33/resources/9740,507
9741,33,/repositories/33/resources/9741,244
9750,33,/repositories/33/resources/9750,32
9753,33,/repositories/33/resources/9753,35
9762,33,/repositories/33/resources/9762,687
9765,33,/repositories/33/resources/9765,66
9768,33,/repositories/33/resources/9768,8309
9771,33,/repositories/33/resources/9771,26
9781,33,/repositories/33/resources/9781,76
9784,33,/repositories/33/resources/9784,612
9786,33,/repositories/33/resources/9786,510
9795,33,/repositories/33/resources/9795,534
9800,33,/repositories/33/resources/9800,1999
9804,33,/repositories/33/resources/9804,2497
9810,33,/repositories/33/resources/9810,17
9828,33,/repositories/33/resources/9828,521
9831,33,/repositories/33/resources/9831,604
9839,33,/repositories/33/resources/9839,538
9840,33,/repositories/33/resources/9840,1198
9842,33,/repositories/33/resources/9842,507
9850,33,/repositories/33/resources/9850,507
9855,33,/repositories/33/resources/9855,511
9858,33,/repositories/33/resources/9858,529
9861,33,/repositories/33/resources/9861,38
9866,33,/repositories/33/resources/9866,5120
9869,33,/repositories/33/resources/9869,511
9873,33,/repositories/33/resources/9873,206
9876,33,/repositories/33/resources/9876,37
9893,33,/repositories/33/resources/9893,507
9897,33,/repositories/33/resources/9897,4906
9900,33,/repositories/33/resources/9900,514
9905,33,/repositories/33/resources/9905,507
9912,33,/repositories/33/resources/9912,555
9915,33,/repositories/33/resources/9915,966
9923,33,/repositories/33/resources/9923,1123
9927,33,/repositories/33/resources/9927,514
9936,33,/repositories/33/resources/9936,507
9947,33,/repositories/33/resources/9947,637
9953,33,/repositories/33/resources/9953,116
9959,33,/repositories/33/resources/9959,507
9960,33,/repositories/33/resources/9960,2807
9963,33,/repositories/33/resources/9963,695
9968,33,/repositories/33/resources/9968,652
9969,33,/repositories/33/resources/9969,507
9978,33,/repositories/33/resources/9978,508
9981,33,/repositories/33/resources/9981,565
9984,33,/repositories/33/resources/9984,564
9986,33,/repositories/33/resources/9986,117
9987,33,/repositories/33/resources/9987,1194
9990,33,/repositories/33/resources/9990,641
9999,33,/repositories/33/resources/9999,508
10014,33,/repositories/33/resources/10014,565
10026,33,/repositories/33/resources/10026,513
10043,33,/repositories/33/resources/10043,507
10053,33,/repositories/33/resources/10053,578
10058,33,/repositories/33/resources/10058,513
10062,33,/repositories/33/resources/10062,11
10095,33,/repositories/33/resources/10095,104
10104,33,/repositories/33/resources/10104,19285
10113,33,/repositories/33/resources/10113,85
10115,33,/repositories/33/resources/10115,272
10125,33,/repositories/33/resources/10125,509
10137,33,/repositories/33/resources/10137,538
10152,33,/repositories/33/resources/10152,513
10157,33,/repositories/33/resources/10157,17
10172,33,/repositories/33/resources/10172,14
10176,33,/repositories/33/resources/10176,24
10184,33,/repositories/33/resources/10184,567
10204,33,/repositories/33/resources/10204,508
10205,33,/repositories/33/resources/10205,873
10206,33,/repositories/33/resources/10206,271
10208,33,/repositories/33/resources/10208,714
10209,33,/repositories/33/resources/10209,40
10215,33,/repositories/33/resources/10215,505
10218,33,/repositories/33/resources/10218,30
10222,33,/repositories/33/resources/10222,512
10224,33,/repositories/33/resources/10224,381
10260,33,/repositories/33/resources/10260,511
10265,33,/repositories/33/resources/10265,507
10269,33,/repositories/33/resources/10269,513
10284,33,/repositories/33/resources/10284,682
10289,33,/repositories/33/resources/10289,506
10305,33,/repositories/33/resources/10305,117
10308,33,/repositories/33/resources/10308,104
10311,33,/repositories/33/resources/10311,542
10323,33,/repositories/33/resources/10323,672
10330,33,/repositories/33/resources/10330,509
10341,33,/repositories/33/resources/10341,520
10353,33,/repositories/33/resources/10353,511
10362,33,/repositories/33/resources/10362,9
10370,33,/repositories/33/resources/10370,510
10374,33,/repositories/33/resources/10374,515
10377,33,/repositories/33/resources/10377,5394
10380,33,/repositories/33/resources/10380,12926
10383,33,/repositories/33/resources/10383,715
10389,33,/repositories/33/resources/10389,528
10392,33,/repositories/33/resources/10392,511
10395,33,/repositories/33/resources/10395,519
10401,33,/repositories/33/resources/10401,63
10404,33,/repositories/33/resources/10404,513
10415,33,/repositories/33/resources/10415,523
10422,33,/repositories/33/resources/10422,507
10425,33,/repositories/33/resources/10425,508
10435,33,/repositories/33/resources/10435,519
10443,33,/repositories/33/resources/10443,508
10458,33,/repositories/33/resources/10458,512
10464,33,/repositories/33/resources/10464,512
10475,33,/repositories/33/resources/10475,514
10491,33,/repositories/33/resources/10491,507
10495,33,/repositories/33/resources/10495,519
10506,33,/repositories/33/resources/10506,513
10518,33,/repositories/33/resources/10518,524
10548,33,/repositories/33/resources/10548,1066
10551,33,/repositories/33/resources/10551,511
10572,33,/repositories/33/resources/10572,2159
10581,33,/repositories/33/resources/10581,1095
10611,33,/repositories/33/resources/10611,509
10620,33,/repositories/33/resources/10620,22
10622,33,/repositories/33/resources/10622,47
10629,33,/repositories/33/resources/10629,780
10635,33,/repositories/33/resources/10635,510
10639,33,/repositories/33/resources/10639,849
10647,33,/repositories/33/resources/10647,507
10650,33,/repositories/33/resources/10650,510
10653,33,/repositories/33/resources/10653,216
10656,33,/repositories/33/resources/10656,561
10671,33,/repositories/33/resources/10671,512
10674,33,/repositories/33/resources/10674,558
10678,33,/repositories/33/resources/10678,525
10686,33,/repositories/33/resources/10686,507
10688,33,/repositories/33/resources/10688,508
10720,33,/repositories/33/resources/10720,509
10729,33,/repositories/33/resources/10729,509
10734,33,/repositories/33/resources/10734,509
10739,33,/repositories/33/resources/10739,521
10743,33,/repositories/33/resources/10743,65
10745,33,/repositories/33/resources/10745,85
10746,33,/repositories/33/resources/10746,31
10748,33,/repositories/33/resources/10748,556
10749,33,/repositories/33/resources/10749,1252
10752,33,/repositories/33/resources/10752,776
10754,33,/repositories/33/resources/10754,2132
10757,33,/repositories/33/resources/10757,299
10758,33,/repositories/33/resources/10758,1318
10761,33,/repositories/33/resources/10761,922
10764,33,/repositories/33/resources/10764,901
10770,33,/repositories/33/resources/10770,139
10779,33,/repositories/33/resources/10779,26
10788,33,/repositories/33/resources/10788,511
10795,33,/repositories/33/resources/10795,566
10802,33,/repositories/33/resources/10802,35
10812,33,/repositories/33/resources/10812,506
10815,33,/repositories/33/resources/10815,508
10816,33,/repositories/33/resources/10816,512
10823,33,/repositories/33/resources/10823,659
10830,33,/repositories/33/resources/10830,594
10836,33,/repositories/33/resources/10836,30
10841,33,/repositories/33/resources/10841,511
10842,33,/repositories/33/resources/10842,16843
10845,33,/repositories/33/resources/10845,508
10847,33,/repositories/33/resources/10847,616
10850,33,/repositories/33/resources/10850,836
10854,33,/repositories/33/resources/10854,508
10860,33,/repositories/33/resources/10860,643
10869,33,/repositories/33/resources/10869,1885
10872,33,/repositories/33/resources/10872,2800
10875,33,/repositories/33/resources/10875,862
10877,33,/repositories/33/resources/10877,718
10879,33,/repositories/33/resources/10879,1879
10880,33,/repositories/33/resources/10880,1030
10887,33,/repositories/33/resources/10887,215
10895,33,/repositories/33/resources/10895,603
10899,33,/repositories/33/resources/10899,573
10902,33,/repositories/33/resources/10902,167
10905,33,/repositories/33/resources/10905,1297
10917,33,/repositories/33/resources/10917,88
10919,33,/repositories/33/resources/10919,3409
10920,33,/repositories/33/resources/10920,59
10929,33,/repositories/33/resources/10929,568
10938,33,/repositories/33/resources/10938,547
10941,33,/repositories/33/resources/10941,902
10947,33,/repositories/33/resources/10947,1013
10953,33,/repositories/33/resources/10953,312
10957,33,/repositories/33/resources/10957,41
10968,33,/repositories/33/resources/10968,38
10975,33,/repositories/33/resources/10975,107
10977,33,/repositories/33/resources/10977,119
10990,33,/repositories/33/resources/10990,525
10998,33,/repositories/33/resources/10998,2266
11004,33,/repositories/33/resources/11004,518
11007,33,/repositories/33/resources/11007,510
11018,33,/repositories/33/resources/11018,509
11019,33,/repositories/33/resources/11019,514
11028,33,/repositories/33/resources/11028,524
11029,33,/repositories/33/resources/11029,534
11037,33,/repositories/33/resources/11037,557
11040,33,/repositories/33/resources/11040,508
11060,33,/repositories/33/resources/11060,510
11070,33,/repositories/33/resources/11070,506
11072,33,/repositories/33/resources/11072,506
11073,33,/repositories/33/resources/11073,520
11079,33,/repositories/33/resources/11079,1652
11081,33,/repositories/33/resources/11081,1973
11085,33,/repositories/33/resources/11085,522
11091,33,/repositories/33/resources/11091,527
11094,33,/repositories/33/resources/11094,508
11096,33,/repositories/33/resources/11096,524
11097,33,/repositories/33/resources/11097,506
11099,33,/repositories/33/resources/11099,582
11103,33,/repositories/33/resources/11103,709
11106,33,/repositories/33/resources/11106,596
11115,33,/repositories/33/resources/11115,112
11118,33,/repositories/33/resources/11118,40
11124,33,/repositories/33/resources/11124,172
11127,33,/repositories/33/resources/11127,48
11130,33,/repositories/33/resources/11130,8794
11147,33,/repositories/33/resources/11147,1536
11149,33,/repositories/33/resources/11149,522
11154,33,/repositories/33/resources/11154,998
11157,33,/repositories/33/resources/11157,270
11160,33,/repositories/33/resources/11160,1810
11164,33,/repositories/33/resources/11164,68
11175,33,/repositories/33/resources/11175,556
11178,33,/repositories/33/resources/11178,1281
11184,33,/repositories/33/resources/11184,81
11187,33,/repositories/33/resources/11187,110
11193,33,/repositories/33/resources/11193,512
11196,33,/repositories/33/resources/11196,536
11211,33,/repositories/33/resources/11211,11
11220,33,/repositories/33/resources/11220,82
11224,33,/repositories/33/resources/11224,582
11225,33,/repositories/33/resources/11225,525
11229,33,/repositories/33/resources/11229,1251
11277,33,/repositories/33/resources/11277,3475
11285,33,/repositories/33/resources/11285,1620
11289,33,/repositories/33/resources/11289,518
11292,33,/repositories/33/resources/11292,28
11313,33,/repositories/33/resources/11313,537
11358,33,/repositories/33/resources/11358,510
11361,33,/repositories/33/resources/11361,509
11365,33,/repositories/33/resources/11365,507
11370,33,/repositories/33/resources/11370,529
11382,33,/repositories/33/resources/11382,523
11424,33,/repositories/33/resources/11424,511
11440,33,/repositories/33/resources/11440,516
11454,33,/repositories/33/resources/11454,87330
11456,33,/repositories/33/resources/11456,22184
11457,33,/repositories/33/resources/11457,77615
11459,33,/repositories/33/resources/11459,2984
11460,33,/repositories/33/resources/11460,2070
11463,33,/repositories/33/resources/11463,10531
11466,33,/repositories/33/resources/11466,692
11469,33,/repositories/33/resources/11469,2897
11470,33,/repositories/33/resources/11470,7281
11473,33,/repositories/33/resources/11473,1857
11475,33,/repositories/33/resources/11475,8695
11477,33,/repositories/33/resources/11477,28375
11478,33,/repositories/33/resources/11478,1246
11480,33,/repositories/33/resources/11480,1005
11481,33,/repositories/33/resources/11481,1289
11484,33,/repositories/33/resources/11484,1297
11487,33,/repositories/33/resources/11487,4242
11490,33,/repositories/33/resources/11490,3295
11492,33,/repositories/33/resources/11492,2704
11493,33,/repositories/33/resources/11493,2172
12386,33,/repositories/33/resources/12386,2
12575,33,/repositories/33/resources/12575,135
12875,33,/repositories/33/resources/12875,5
13008,33,/repositories/33/resources/13008,9
13065,33,/repositories/33/resources/13065,211
13106,33,/repositories/33/resources/13106,46
13108,33,/repositories/33/resources/13108,10
13116,33,/repositories/33/resources/13116,1594
13125,33,/repositories/33/resources/13125,50
13162,33,/repositories/33/resources/13162,3
13175,33,/repositories/33/resources/13175,82
13192,33,/repositories/33/resources/13192,6
13194,33,/repositories/33/resources/13194,210
13196,33,/repositories/33/resources/13196,18
13212,33,/repositories/33/resources/13212,2
13215,33,/repositories/33/resources/13215,2
13216,33,/repositories/33/resources/13216,7
13218,33,/repositories/33/resources/13218,8
13235,33,/repositories/33/resources/13235,44
13245,33,/repositories/33/resources/13245,11
13253,33,/repositories/33/resources/13253,198
13269,33,/repositories/33/resources/13269,14
13278,33,/repositories/33/resources/13278,48
13297,33,/repositories/33/resources/13297,3
13302,33,/repositories/33/resources/13302,15
13306,33,/repositories/33/resources/13306,25
13308,33,/repositories/33/resources/13308,7
13312,33,/repositories/33/resources/13312,10
13327,33,/repositories/33/resources/13327,2
13330,33,/repositories/33/resources/13330,8
13357,33,/repositories/33/resources/13357,23
13359,33,/repositories/33/resources/13359,2
13363,33,/repositories/33/resources/13363,16
13372,33,/repositories/33/resources/13372,32
13383,33,/repositories/33/resources/13383,9
13393,33,/repositories/33/resources/13393,3
13438,33,/repositories/33/resources/13438,4
13451,33,/repositories/33/resources/13451,19
13463,33,/repositories/33/resources/13463,17
13478,33,/repositories/33/resources/13478,366
13500,33,/repositories/33/resources/13500,4
13502,33,/repositories/33/resources/13502,2295
13505,33,/repositories/33/resources/13505,7
13512,33,/repositories/33/resources/13512,7
13531,33,/repositories/33/resources/13531,94
13536,33,/repositories/33/resources/13536,3
13549,33,/repositories/33/resources/13549,35
13655,33,/repositories/33/resources/13655,3
13754,33,/repositories/33/resources/13754,3
13836,33,/repositories/33/resources/13836,8
13931,33,/repositories/33/resources/13931,10
14042,33,/repositories/33/resources/14042,18
25814,33,/repositories/33/resources/25814,299
26054,33,/repositories/33/resources/26054,274
26314,33,/repositories/33/resources/26314,3
26419,33,/repositories/33/resources/26419,154
26529,33,/repositories/33/resources/26529,3
26533,33,/repositories/33/resources/26533,17
26542,33,/repositories/33/resources/26542,167
26545,33,/repositories/33/resources/26545,30
26546,33,/repositories/33/resources/26546,6
26578,33,/repositories/33/resources/26578,5
26581,33,/repositories/33/resources/26581,10
26890,33,/repositories/33/resources/26890,15
26924,33,/repositories/33/resources/26924,3
26983,33,/repositories/33/resources/26983,4
27096,33,/repositories/33/resources/27096,34
27105,33,/repositories/33/resources/27105,18
27745,33,/repositories/33/resources/27745,97
27763,33,/repositories/33/resources/27763,6
27843,33,/repositories/33/resources/27843,3
27846,33,/repositories/33/resources/27846,9
27855,33,/repositories/33/resources/27855,8
27911,33,/repositories/33/resources/27911,2
27942,33,/repositories/33/resources/27942,12
27948,33,/repositories/33/resources/27948,36
27950,33,/repositories/33/resources/27950,12
27953,33,/repositories/33/resources/27953,70
28111,33,/repositories/33/resources/28111,48
51009,33,/repositories/33/resources/51009,5
51012,33,/repositories/33/resources/51012,6858
51199,33,/repositories/33/resources/51199,9
51272,33,/repositories/33/resources/51272,89
51284,33,/repositories/33/resources/51284,5
51290,33,/repositories/33/resources/51290,282
51293,33,/repositories/33/resources/51293,2
51316,33,/repositories/33/resources/51316,47
51376,33,/repositories/33/resources/51376,2835
51391,33,/repositories/33/resources/51391,2633
51404,33,/repositories/33/resources/51404,2017
51464,33,/repositories/33/resources/51464,340
51512,33,/repositories/33/resources/51512,3894
51521,33,/repositories/33/resources/51521,117
51560,33,/repositories/33/resources/51560,6
51886,33,/repositories/33/resources/51886,4306
52076,33,/repositories/33/resources/52076,5
52260,33,/repositories/33/resources/52260,2
52341,33,/repositories/33/resources/52341,9
52356,33,/repositories/33/resources/52356,32
52611,33,/repositories/33/resources/52611,10
53007,33,/repositories/33/resources/53007,7
53024,33,/repositories/33/resources/53024,2
53036,33,/repositories/33/resources/53036,2
53203,33,/repositories/33/resources/53203,7
53206,33,/repositories/33/resources/53206,7
53233,33,/repositories/33/resources/53233,4716
53257,33,/repositories/33/resources/53257,3
53303,33,/repositories/33/resources/53303,4
53316,33,/repositories/33/resources/53316,2
53322,33,/repositories/33/resources/53322,16
53325,33,/repositories/33/resources/53325,11
53349,33,/repositories/33/resources/53349,3
53385,33,/repositories/33/resources/53385,102
53408,33,/repositories/33/resources/53408,451
53456,33,/repositories/33/resources/53456,9
53459,33,/repositories/33/resources/53459,23
53512,33,/repositories/33/resources/53512,3
53554,33,/repositories/33/resources/53554,324
53569,33,/repositories/33/resources/53569,1820
53584,33,/repositories/33/resources/53584,322
53605,33,/repositories/33/resources/53605,9
53611,33,/repositories/33/resources/53611,2
53624,33,/repositories/33/resources/53624,12
53639,33,/repositories/33/resources/53639,3
53654,33,/repositories/33/resources/53654,11
53675,33,/repositories/33/resources/53675,4
53681,33,/repositories/33/resources/53681,12
53872,33,/repositories/33/resources/53872,3
53928,33,/repositories/33/resources/53928,5
53974,33,/repositories/33/resources/53974,8
53999,33,/repositories/33/resources/53999,3
54045,33,/repositories/33/resources/54045,53
54074,33,/repositories/33/resources/54074,41
54077,33,/repositories/33/resources/54077,265
54095,33,/repositories/33/resources/54095,6
54315,33,/repositories/33/resources/54315,7
54319,33,/repositories/33/resources/54319,3
54323,33,/repositories/33/resources/54323,8
54332,33,/repositories/33/resources/54332,7
54339,33,/repositories/33/resources/54339,229
54350,33,/repositories/33/resources/54350,3
54357,33,/repositories/33/resources/54357,34
54359,33,/repositories/33/resources/54359,3
54386,33,/repositories/33/resources/54386,29
54395,33,/repositories/33/resources/54395,12
54404,33,/repositories/33/resources/54404,6
54405,33,/repositories/33/resources/54405,8
54435,33,/repositories/33/resources/54435,5
54522,33,/repositories/33/resources/54522,2
54574,33,/repositories/33/resources/54574,3
54583,33,/repositories/33/resources/54583,3
54590,33,/repositories/33/resources/54590,3
54610,33,/repositories/33/resources/54610,12
54619,33,/repositories/33/resources/54619,20
54637,33,/repositories/33/resources/54637,6
54639,33,/repositories/33/resources/54639,12
54642,33,/repositories/33/resources/54642,7
54646,33,/repositories/33/resources/54646,16
54657,33,/repositories/33/resources/54657,159
54658,33,/repositories/33/resources/54658,10
54668,33,/repositories/33/resources/54668,55
54671,33,/repositories/33/resources/54671,6
54677,33,/repositories/33/resources/54677,221
54678,33,/repositories/33/resources/54678,30
54685,33,/repositories/33/resources/54685,2
54690,33,/repositories/33/resources/54690,250
54701,33,/repositories/33/resources/54701,8
54702,33,/repositories/33/resources/54702,9
54705,33,/repositories/33/resources/54705,10
54707,33,/repositories/33/resources/54707,883
54723,33,/repositories/33/resources/54723,11
54731,33,/repositories/33/resources/54731,2
54756,33,/repositories/33/resources/54756,2
54802,33,/repositories/33/resources/54802,3
54812,33,/repositories/33/resources/54812,10
54822,33,/repositories/33/resources/54822,2
54856,33,/repositories/33/resources/54856,109
54890,33,/repositories/33/resources/54890,10
54892,33,/repositories/33/resources/54892,90
54910,33,/repositories/33/resources/54910,24
54919,33,/repositories/33/resources/54919,537
54950,33,/repositories/33/resources/54950,4
54966,33,/repositories/33/resources/54966,27
54977,33,/repositories/33/resources/54977,4
54994,33,/repositories/33/resources/54994,19
55000,33,/repositories/33/resources/55000,11
55004,33,/repositories/33/resources/55004,4
55014,33,/repositories/33/resources/55014,4
55017,33,/repositories/33/resources/55017,5
11496,36,/repositories/36/resources/11496,515
11499,36,/repositories/36/resources/11499,538
11502,36,/repositories/36/resources/11502,41685
11508,36,/repositories/36/resources/11508,543
11510,36,/repositories/36/resources/11510,508
11524,36,/repositories/36/resources/11524,1680
11541,36,/repositories/36/resources/11541,516
11582,36,/repositories/36/resources/11582,848
11583,36,/repositories/36/resources/11583,521
11588,36,/repositories/36/resources/11588,8671
11591,36,/repositories/36/resources/11591,526
11595,36,/repositories/36/resources/11595,512
11596,36,/repositories/36/resources/11596,510
11598,36,/repositories/36/resources/11598,519
11601,36,/repositories/36/resources/11601,556
11604,36,/repositories/36/resources/11604,22
11612,36,/repositories/36/resources/11612,523
11619,36,/repositories/36/resources/11619,539
11632,36,/repositories/36/resources/11632,1230
11634,36,/repositories/36/resources/11634,540
11643,36,/repositories/36/resources/11643,875
11654,36,/repositories/36/resources/11654,511
11664,36,/repositories/36/resources/11664,2614
11667,36,/repositories/36/resources/11667,773
11673,36,/repositories/36/resources/11673,514
11688,36,/repositories/36/resources/11688,692
11692,36,/repositories/36/resources/11692,846
11694,36,/repositories/36/resources/11694,517
11698,36,/repositories/36/resources/11698,213
11709,36,/repositories/36/resources/11709,548
11711,36,/repositories/36/resources/11711,523
11712,36,/repositories/36/resources/11712,535
11715,36,/repositories/36/resources/11715,518
11721,36,/repositories/36/resources/11721,638
11735,36,/repositories/36/resources/11735,12930
11737,36,/repositories/36/resources/11737,609
11748,36,/repositories/36/resources/11748,764
11753,36,/repositories/36/resources/11753,1163
11755,36,/repositories/36/resources/11755,693
11757,36,/repositories/36/resources/11757,508
11764,36,/repositories/36/resources/11764,2541
11772,36,/repositories/36/resources/11772,1464
11775,36,/repositories/36/resources/11775,571
11776,36,/repositories/36/resources/11776,565
11780,36,/repositories/36/resources/11780,1035
11787,36,/repositories/36/resources/11787,636
11790,36,/repositories/36/resources/11790,615
11792,36,/repositories/36/resources/11792,571
11800,36,/repositories/36/resources/11800,640
11803,36,/repositories/36/resources/11803,507
11805,36,/repositories/36/resources/11805,712
11808,36,/repositories/36/resources/11808,520
11814,36,/repositories/36/resources/11814,899
11818,36,/repositories/36/resources/11818,533
11826,36,/repositories/36/resources/11826,3
11829,36,/repositories/36/resources/11829,532
11830,36,/repositories/36/resources/11830,562
11837,36,/repositories/36/resources/11837,509
11838,36,/repositories/36/resources/11838,680
11841,36,/repositories/36/resources/11841,588
11844,36,/repositories/36/resources/11844,521
11849,36,/repositories/36/resources/11849,17720
11862,36,/repositories/36/resources/11862,1415
11865,36,/repositories/36/resources/11865,650
11867,36,/repositories/36/resources/11867,531
11871,36,/repositories/36/resources/11871,661
11873,36,/repositories/36/resources/11873,719
11881,36,/repositories/36/resources/11881,681
11886,36,/repositories/36/resources/11886,598
11892,36,/repositories/36/resources/11892,1577
11895,36,/repositories/36/resources/11895,866
11901,36,/repositories/36/resources/11901,8582
11910,36,/repositories/36/resources/11910,509
11922,36,/repositories/36/resources/11922,626
11928,36,/repositories/36/resources/11928,661
11931,36,/repositories/36/resources/11931,508
11933,36,/repositories/36/resources/11933,566
11936,36,/repositories/36/resources/11936,571
11939,36,/repositories/36/resources/11939,5168
11942,36,/repositories/36/resources/11942,3606
11955,36,/repositories/36/resources/11955,1209
11958,36,/repositories/36/resources/11958,4107
11967,36,/repositories/36/resources/11967,517
11973,36,/repositories/36/resources/11973,106
11976,36,/repositories/36/resources/11976,2448
11984,36,/repositories/36/resources/11984,569
11988,36,/repositories/36/resources/11988,938
11991,36,/repositories/36/resources/11991,3
11994,36,/repositories/36/resources/11994,50
11997,36,/repositories/36/resources/11997,723
12000,36,/repositories/36/resources/12000,570
12003,36,/repositories/36/resources/12003,90
12009,36,/repositories/36/resources/12009,10079
12011,36,/repositories/36/resources/12011,5713
12561,36,/repositories/36/resources/12561,5545
12935,36,/repositories/36/resources/12935,33
13566,36,/repositories/36/resources/13566,1883
13733,36,/repositories/36/resources/13733,9
13973,36,/repositories/36/resources/13973,39
13976,36,/repositories/36/resources/13976,3646
13979,36,/repositories/36/resources/13979,50
14070,36,/repositories/36/resources/14070,1447
25537,36,/repositories/36/resources/25537,14
26919,36,/repositories/36/resources/26919,379
53358,36,/repositories/36/resources/53358,3592
53391,36,/repositories/36/resources/53391,5
53678,36,/repositories/36/resources/53678,15
53944,36,/repositories/36/resources/53944,10
53956,36,/repositories/36/resources/53956,16
53962,36,/repositories/36/resources/53962,4000
53965,36,/repositories/36/resources/53965,6
53995,36,/repositories/36/resources/53995,239
54500,36,/repositories/36/resources/54500,33
12021,39,/repositories/39/resources/12021,2053
12024,39,/repositories/39/resources/12024,476
12027,39,/repositories/39/resources/12027,359
12030,39,/repositories/39/resources/12030,899
12033,39,/repositories/39/resources/12033,284
12039,39,/repositories/39/resources/12039,157
12090,39,/repositories/39/resources/12090,2546
12139,42,/repositories/42/resources/12139,903
12141,42,/repositories/42/resources/12141,1127
12144,42,/repositories/42/resources/12144,700
12147,42,/repositories/42/resources/12147,381
12150,42,/repositories/42/resources/12150,194
12152,42,/repositories/42/resources/12152,46
12153,42,/repositories/42/resources/12153,101
12156,42,/repositories/42/resources/12156,55
12159,42,/repositories/42/resources/12159,36
12162,42,/repositories/42/resources/12162,147
12165,42,/repositories/42/resources/12165,179
12168,42,/repositories/42/resources/12168,907
12171,42,/repositories/42/resources/12171,1763
12174,42,/repositories/42/resources/12174,132
12177,42,/repositories/42/resources/12177,575
12356,42,/repositories/42/resources/12356,1048
12391,42,/repositories/42/resources/12391,916
12453,42,/repositories/42/resources/12453,681
12454,42,/repositories/42/resources/12454,103
12551,42,/repositories/42/resources/12551,413
12552,42,/repositories/42/resources/12552,562
12553,42,/repositories/42/resources/12553,127
12554,42,/repositories/42/resources/12554,77
12555,42,/repositories/42/resources/12555,53
12558,42,/repositories/42/resources/12558,28
12627,42,/repositories/42/resources/12627,135
12644,42,/repositories/42/resources/12644,886
12688,42,/repositories/42/resources/12688,47
12999,42,/repositories/42/resources/12999,61
13000,42,/repositories/42/resources/13000,79
13031,42,/repositories/42/resources/13031,121
13037,42,/repositories/42/resources/13037,38
13042,42,/repositories/42/resources/13042,135
13062,42,/repositories/42/resources/13062,124
13087,42,/repositories/42/resources/13087,21
13088,42,/repositories/42/resources/13088,352
13573,42,/repositories/42/resources/13573,132
13590,42,/repositories/42/resources/13590,48
13594,42,/repositories/42/resources/13594,1423
13947,42,/repositories/42/resources/13947,89
13952,42,/repositories/42/resources/13952,43
13957,42,/repositories/42/resources/13957,393
25406,42,/repositories/42/resources/25406,48
25442,42,/repositories/42/resources/25442,117
25447,42,/repositories/42/resources/25447,289
25455,42,/repositories/42/resources/25455,399
25466,42,/repositories/42/resources/25466,113
26508,42,/repositories/42/resources/26508,109
27184,42,/repositories/42/resources/27184,131
27187,42,/repositories/42/resources/27187,66
27190,42,/repositories/42/resources/27190,128
27217,42,/repositories/42/resources/27217,44
27220,42,/repositories/42/resources/27220,377
27232,42,/repositories/42/resources/27232,76
27760,42,/repositories/42/resources/27760,55
27869,42,/repositories/42/resources/27869,141
28034,42,/repositories/42/resources/28034,58
51747,42,/repositories/42/resources/51747,21
53824,42,/repositories/42/resources/53824,387
54482,42,/repositories/42/resources/54482,20
54763,42,/repositories/42/resources/54763,472
54776,42,/repositories/42/resources/54776,383
54807,42,/repositories/42/resources/54807,11
12178,44,/repositories/44/resources/12178,286
12180,44,/repositories/44/resources/12180,75
12183,44,/repositories/44/resources/12183,233
12184,44,/repositories/44/resources/12184,182
12185,50,/repositories/50/resources/12185,115
54704,51,/repositories/51/resources/54704,411
54754,51,/repositories/51/resources/54754,93
54788,51,/repositories/51/resources/54788,23
54839,51,/repositories/51/resources/54839,13
54855,51,/repositories/51/resources/54855,95
54873,51,/repositories/51/resources/54873,5
54907,51,/repositories/51/resources/54907,69
54955,51,/repositories/51/resources/54955,4
54967,51,/repositories/51/resources/54967,174
54860,52,/repositories/52/resources/54860,239
54861,52,/repositories/52/resources/54861,173